seed,policy,premium_gap,rearrangement_speed,capital_return,feedback,name,public_access,public_quality,education,care,capital_dividend,worker_ownership,equalizing_design,trust,initial_gini,initial_wolfson,initial_atkinson_e1,initial_ede_e1,initial_middle_share,initial_bottom20_income,initial_top20_income,initial_employment,initial_vulnerable_employment,initial_skill_gap,initial_capital_top10,initial_output,initial_growth_q1,initial_growth_q2,initial_growth_q3,initial_growth_q4,initial_growth_q5,final_gini,final_wolfson,final_atkinson_e1,final_ede_e1,final_middle_share,final_bottom20_income,final_top20_income,final_employment,final_vulnerable_employment,final_skill_gap,final_capital_top10,final_output,final_growth_q1,final_growth_q2,final_growth_q3,final_growth_q4,final_growth_q5,delta_gini,delta_wolfson,delta_atkinson_e1,delta_ede_e1,delta_middle_share,delta_bottom20_income,delta_top20_income,delta_employment,delta_vulnerable_employment,delta_skill_gap,delta_capital_top10,delta_output,delta_growth_q1,delta_growth_q2,delta_growth_q3,delta_growth_q4,delta_growth_q5,fiscal_cost,delta_net_output,delta_net_ede_e1,budget_error
0,시장·고가AI,0.45,0.045,0.065,0.18,시장·고가AI,0.1,0.3,0.0,0.0,0.0,0.0,0.0,0.65,0.28674570602246163,0.25868531044937426,0.12584051831648935,0.9893226839264871,0.35642857142857143,0.24527790378099995,2.969644215655765,0.9751420349263461,0.8877382222480147,0.7165055426075388,0.3669487155396296,1.131741638289146,0.0,0.0,0.0,0.0,0.0,0.38492304069479955,0.3632122738698793,0.2187314855239778,0.9336777945597717,0.2814285714285714,0.17013879955400843,4.033141323180059,0.9658527053595185,0.878099081828327,0.7359920570703614,0.39350147669051094,1.1950792554157474,-0.24425932427625593,-0.15829407473860974,-0.06802781932296015,0.015690721085325807,0.165444765607534,0.09817733467233791,0.10452696342050505,0.09289096720748846,-0.05564488936671541,-0.07500000000000001,-0.07513910422699152,1.0634971075242943,-0.009289329566827598,-0.00963914041968772,0.01948651446282257,0.026552761150881343,0.06333761712660135,-0.24425932427625593,-0.15829407473860974,-0.06802781932296015,0.015690721085325807,0.165444765607534,0.0,0.06333761712660135,-0.05564488936671541,0.0
0,전국민 공공AI,0.45,0.045,0.065,0.18,전국민 공공AI,0.98,0.72,0.0,0.0,0.0,0.0,0.1,0.82,0.28674570602246163,0.25868531044937426,0.12584051831648935,0.9893226839264871,0.35642857142857143,0.24527790378099995,2.969644215655765,0.9751420349263461,0.8877382222480147,0.7165055426075388,0.3669487155396296,1.131741638289146,0.0,0.0,0.0,0.0,0.0,0.3748943102381107,0.3512406012162136,0.20891348789991604,0.9745648533047641,0.2835714285714286,0.1762895088327159,4.06817969832334,0.9664405071485082,0.8786812683506676,0.7186554185247409,0.3898923245665132,1.2319320812556938,-0.19694493128941146,-0.11116816088186544,-0.01743152546995144,0.056918364193167634,0.19347883212633687,0.08814860421564907,0.09255529076683933,0.08307296958342669,-0.01475783062172309,-0.07285714285714284,-0.06898839494828404,1.0985354826675753,-0.008701527777837947,-0.009056953897347064,0.00214987591720206,0.022943609026883582,0.10019044296654767,-0.19694493128941146,-0.11116816088186544,-0.01743152546995144,0.056918364193167634,0.19347883212633687,0.02667168,0.07351876296654766,-0.04142951062172309,0.0
0,공공AI+공교육,0.45,0.045,0.065,0.18,공공AI+공교육,0.98,0.82,0.065,0.0,0.0,0.0,0.25,0.86,0.28674570602246163,0.25868531044937426,0.12584051831648935,0.9893226839264871,0.35642857142857143,0.24527790378099995,2.969644215655765,0.9751420349263461,0.8877382222480147,0.7165055426075388,0.3669487155396296,1.131741638289146,0.0,0.0,0.0,0.0,0.0,0.3623731341773446,0.3379226179297916,0.1954914943290369,1.0488695744676368,0.29928571428571427,0.20028829217717384,4.126827496553472,0.9798324046683693,0.9090771067315772,0.204892423110544,0.38377988908262706,1.303739571519975,-0.08740324005258168,-0.020824920388345228,0.055938225243333986,0.11651002418902398,0.22801849163358107,0.07562742815488299,0.07923730748041735,0.06965097601254755,0.0595468905411497,-0.05714285714285716,-0.04498961160382611,1.1571832808977067,0.004690369742023193,0.02133888448356247,-0.5116131194969948,0.016831173542997457,0.17199793323082901,-0.08740324005258168,-0.020824920388345228,0.055938225243333986,0.11651002418902398,0.22801849163358107,0.04629498,0.12570295323082903,0.0132519105411497,0.0
0,공공AI+돌봄,0.45,0.045,0.065,0.18,공공AI+돌봄,0.98,0.78,0.0,0.075,0.0,0.0,0.1,0.88,0.28674570602246163,0.25868531044937426,0.12584051831648935,0.9893226839264871,0.35642857142857143,0.24527790378099995,2.969644215655765,0.9751420349263461,0.8877382222480147,0.7165055426075388,0.3669487155396296,1.131741638289146,0.0,0.0,0.0,0.0,0.0,0.37290327499417797,0.34749191978631466,0.20697129494058963,0.9873992358628871,0.2907142857142857,0.17913726252926218,4.091795487039938,0.9740370962185043,0.9125587804973215,0.7148261706491774,0.3887377903734893,1.2450989851482304,-0.1827772013306027,-0.09688987553362129,-0.0029076413899227186,0.06991900169209855,0.20292521956395965,0.08615756897171634,0.0888066093369404,0.08113077662410029,-0.0019234480636000084,-0.06571428571428573,-0.06614064125173777,1.1221512713841726,-0.001104938707841785,0.024820558249306846,-0.0016793719583614308,0.021789074833859723,0.11335734685908427,-0.1827772013306027,-0.09688987553362129,-0.0029076413899227186,0.06991900169209855,0.20292521956395965,0.04255218,0.07080516685908428,-0.04447562806360001,0.0
0,공공AI 종합안,0.45,0.045,0.065,0.18,공공AI 종합안,0.98,0.9,0.065,0.075,0.22,0.08,0.35,0.92,0.28674570602246163,0.25868531044937426,0.12584051831648935,0.9893226839264871,0.35642857142857143,0.24527790378099995,2.969644215655765,0.9751420349263461,0.8877382222480147,0.7165055426075388,0.3669487155396296,1.131741638289146,0.0,0.0,0.0,0.0,0.0,0.3573858413000711,0.3298397403904321,0.1904461035328613,1.0735998208073658,0.30357142857142855,0.2100623813524772,4.150493449881771,0.9874366808841264,0.9433777664988424,0.20231446283888477,0.367707222620168,1.3261622549067,-0.05503453527161267,0.0067466652827277325,0.08175111985690962,0.13555699768220833,0.23973999231593873,0.07064013527760948,0.07115442994105786,0.06460558521637194,0.08427713688087868,-0.05285714285714288,-0.035215522428522744,1.180849234226006,0.012294645957780292,0.05563954425082773,-0.5141910797686541,0.0007585070805383731,0.19442061661755394,-0.05503453527161267,0.0067466652827277325,0.08175111985690962,0.13555699768220833,0.23973999231593873,0.06642450000000001,0.12799611661755395,0.017852636880878667,0.0
0,공공AI 실패,0.45,0.045,0.065,0.18,공공AI 실패,0.9,0.42,0.018,0.025,0.0,0.0,0.04,0.38,0.28674570602246163,0.25868531044937426,0.12584051831648935,0.9893226839264871,0.35642857142857143,0.24527790378099995,2.969644215655765,0.9751420349263461,0.8877382222480147,0.7165055426075388,0.3669487155396296,1.131741638289146,0.0,0.0,0.0,0.0,0.0,0.38094687772721414,0.3593079806448596,0.21441667727274594,0.9567331729875344,0.2864285714285714,0.17650321295985652,4.05775386617014,0.9741315312808875,0.8967905599828927,0.5342495597950412,0.39177538015826724,1.2178633956562512,-0.21040569001185244,-0.12912453245669558,-0.04324067332056001,0.03637070206708378,0.1789201193998243,0.0942011717047525,0.10062267019548532,0.08857615895625659,-0.03258951093895279,-0.07,-0.06877469082114343,1.088109650514375,-0.001010503645458627,0.009052337734878013,-0.18225598281249766,0.02482666461863764,0.08612175736710515,-0.21040569001185244,-0.12912453245669558,-0.04324067332056001,0.03637070206708378,0.1789201193998243,0.015324899999999999,0.07079685736710514,-0.047914410938952795,0.0
1,시장·고가AI,0.45,0.045,0.065,0.18,시장·고가AI,0.1,0.3,0.0,0.0,0.0,0.0,0.0,0.65,0.28706914926259985,0.2469070081390933,0.1266985222850312,0.9999564395154632,0.3892857142857143,0.35471496885849507,3.5345616669489233,0.974113415948662,0.8860339066922224,0.6538310800649417,0.39612018161544016,1.1450300555220547,0.0,0.0,0.0,0.0,0.0,0.38867829595257264,0.35292471912871826,0.2214855807179148,0.9104135320669614,0.28285714285714286,0.2668404380689212,4.838347235673154,0.9645157683551958,0.875643843224991,0.6585257071178848,0.4308667980314889,1.1694241102258687,-0.2693504682130166,-0.19903168877873523,-0.10863263142916578,-0.028398901219808984,0.13634973755308022,0.10160914668997278,0.10601771098962495,0.0947870584328836,-0.0895429074485018,-0.10642857142857143,-0.08787453078957386,1.3037855687242303,-0.009597647593466152,-0.01039006346723137,0.004694627052943101,0.03474661641604876,0.02439405470381395,-0.2693504682130166,-0.19903168877873523,-0.10863263142916578,-0.028398901219808984,0.13634973755308022,0.0,0.02439405470381395,-0.0895429074485018,0.0
1,전국민 공공AI,0.45,0.045,0.065,0.18,전국민 공공AI,0.98,0.72,0.0,0.0,0.0,0.0,0.1,0.82,0.28706914926259985,0.2469070081390933,0.1266985222850312,0.9999564395154632,0.3892857142857143,0.35471496885849507,3.5345616669489233,0.974113415948662,0.8860339066922224,0.6538310800649417,0.39612018161544016,1.1450300555220547,0.0,0.0,0.0,0.0,0.0,0.37888930661934817,0.34107766565088243,0.2121320748983183,0.9544699068069651,0.2857142857142857,0.27828077498720716,4.919009394670097,0.965156282823581,0.8763198789000837,0.6399664096514517,0.42757439855370594,1.2114592768626566,-0.22013307318168693,-0.1461713095744738,-0.056842926580970704,0.01956286984850951,0.17080642657078565,0.09182015735674831,0.09417065751178913,0.08543355261328711,-0.04548653270849812,-0.10357142857142859,-0.07643419387128791,1.3844477277211733,-0.008957133125080952,-0.009714027792138702,-0.013864670413490043,0.03145421693826578,0.06642922134060192,-0.22013307318168693,-0.1461713095744738,-0.056842926580970704,0.01956286984850951,0.17080642657078565,0.02667168,0.039757541340601915,-0.07215821270849812,0.0
1,공공AI+공교육,0.45,0.045,0.065,0.18,공공AI+공교육,0.98,0.82,0.065,0.0,0.0,0.0,0.25,0.86,0.28706914926259985,0.2469070081390933,0.1266985222850312,0.9999564395154632,0.3892857142857143,0.35471496885849507,3.5345616669489233,0.974113415948662,0.8860339066922224,0.6538310800649417,0.39612018161544016,1.1450300555220547,0.0,0.0,0.0,0.0,0.0,0.36670556281191546,0.33047924260100103,0.19896815351680341,1.0292348005789405,0.30214285714285716,0.3126657468303917,4.997686671825759,0.9786929026260317,0.906342419551587,0.1787004281802428,0.4211549632679241,1.2848862440334086,-0.10963179373837094,-0.05460021921746676,0.018275571489708757,0.08178417990612762,0.20846813915835072,0.07963641354931561,0.08357223446190773,0.07226963123177221,0.029278361063477254,-0.08714285714285713,-0.04204922202810335,1.463125004876836,0.004579486677369737,0.020308512859364636,-0.47513065188469894,0.02503478165248396,0.13985618851135384,-0.10963179373837094,-0.05460021921746676,0.018275571489708757,0.08178417990612762,0.20846813915835072,0.04629498,0.09356120851135384,-0.017016618936522745,0.0
1,공공AI+돌봄,0.45,0.045,0.065,0.18,공공AI+돌봄,0.98,0.78,0.0,0.075,0.0,0.0,0.1,0.88,0.28706914926259985,0.2469070081390933,0.1266985222850312,0.9999564395154632,0.3892857142857143,0.35471496885849507,3.5345616669489233,0.974113415948662,0.8860339066922224,0.6538310800649417,0.39612018161544016,1.1450300555220547,0.0,0.0,0.0,0.0,0.0,0.3766768216154148,0.3384118255671044,0.21000338076786718,0.9676800384445671,0.2857142857142857,0.28192711654576036,4.941876112984145,0.9729545611933604,0.9102082654528204,0.6365640175852693,0.42627785282789643,1.2249166830424418,-0.20565998878474892,-0.1307897856069825,-0.04235162118369207,0.03398154530906127,0.1807687317205546,0.08960767235281497,0.09150481742801111,0.08330485848283598,-0.03227640107089613,-0.10357142857142859,-0.07278785231273471,1.407314446035222,-0.0011588547553015305,0.024174358760598036,-0.017267062479672468,0.030157671212456272,0.07988662752038711,-0.20565998878474892,-0.1307897856069825,-0.04235162118369207,0.03398154530906127,0.1807687317205546,0.04255218,0.03733444752038711,-0.07482858107089613,0.0
1,공공AI 종합안,0.45,0.045,0.065,0.18,공공AI 종합안,0.98,0.9,0.065,0.075,0.22,0.08,0.35,0.92,0.28706914926259985,0.2469070081390933,0.1266985222850312,0.9999564395154632,0.3892857142857143,0.35471496885849507,3.5345616669489233,0.974113415948662,0.8860339066922224,0.6538310800649417,0.39612018161544016,1.1450300555220547,0.0,0.0,0.0,0.0,0.0,0.3615351117847826,0.3269100670541214,0.19380960659816182,1.0544071646648667,0.3028571428571429,0.3239233081021544,5.017399139681242,0.986496993234454,0.9406607564736245,0.17664823710218258,0.4037362990920675,1.307888525210083,-0.07599116573903598,-0.025562139600524544,0.04289236505753846,0.10254056232192164,0.2212315839217927,0.07446596252218274,0.0800030589150281,0.06711108431313062,0.05445072514940352,-0.08642857142857141,-0.030791660756340655,1.4828374727323186,0.01238357728579198,0.05462684978140209,-0.47718284296275915,0.0076161174766273265,0.1628584696880282,-0.07599116573903598,-0.025562139600524544,0.04289236505753846,0.10254056232192164,0.2212315839217927,0.06642450000000001,0.09643396968802818,-0.011973774850596489,3.552713678800501e-15
1,공공AI 실패,0.45,0.045,0.065,0.18,공공AI 실패,0.9,0.42,0.018,0.025,0.0,0.0,0.04,0.38,0.28706914926259985,0.2469070081390933,0.1266985222850312,0.9999564395154632,0.3892857142857143,0.35471496885849507,3.5345616669489233,0.974113415948662,0.8860339066922224,0.6538310800649417,0.39612018161544016,1.1450300555220547,0.0,0.0,0.0,0.0,0.0,0.38475660651788,0.3494212151712696,0.2172100632831777,0.9335544619245602,0.2842857142857143,0.27620737567146025,4.867648287566488,0.9727812513121077,0.8941429320332668,0.4757758746327028,0.42908847728314914,1.1925989568032447,-0.2354528448124896,-0.16957467435456308,-0.08287903178462826,-0.006115339598153718,0.15045981742500036,0.09768745725528016,0.10251420703217631,0.09051154099814651,-0.06640197759090305,-0.10499999999999998,-0.07850759318703482,1.3330866206175647,-0.0013321646365542783,0.008109025341044407,-0.1780552054322389,0.03296829566770898,0.04756890128118996,-0.2354528448124896,-0.16957467435456308,-0.08287903178462826,-0.006115339598153718,0.15045981742500036,0.015324899999999999,0.032244001281189955,-0.08172687759090305,0.0
2,시장·고가AI,0.45,0.045,0.065,0.18,시장·고가AI,0.1,0.3,0.0,0.0,0.0,0.0,0.0,0.65,0.28789826873258717,0.24758881574025884,0.12827825073625798,0.9843677445925114,0.385,0.32991227683912994,3.6896382487130355,0.9732391392869894,0.8864690757629851,0.7049931229908541,0.38823810230098704,1.129222421516855,0.0,0.0,0.0,0.0,0.0,0.39446942387993555,0.3524914403959959,0.22920569649733002,0.8941103719532906,0.2892857142857143,0.23963825680669348,5.621920377985617,0.963627844903191,0.8759951231420394,0.7130700197627723,0.4282336586284594,1.1599857029174236,-0.28922678913061084,-0.20305872105342573,-0.12538911554309615,0.006409538999820198,0.1304134602258761,0.10657115514734838,0.10490262465573705,0.10092744576107204,-0.09025737263922085,-0.0957142857142857,-0.09027402003243645,1.9322821292725818,-0.009611294383798374,-0.010473952620945637,0.00807689677191814,0.03999555632747237,0.03076328140056872,-0.28922678913061084,-0.20305872105342573,-0.12538911554309615,0.006409538999820198,0.1304134602258761,0.0,0.03076328140056872,-0.09025737263922085,0.0
2,전국민 공공AI,0.45,0.045,0.065,0.18,전국민 공공AI,0.98,0.72,0.0,0.0,0.0,0.0,0.1,0.82,0.28789826873258717,0.24758881574025884,0.12827825073625798,0.9843677445925114,0.385,0.32991227683912994,3.6896382487130355,0.9732391392869894,0.8864690757629851,0.7049931229908541,0.38823810230098704,1.129222421516855,0.0,0.0,0.0,0.0,0.0,0.384122312288669,0.34249162743019596,0.21896728718192648,0.9361745534279076,0.29642857142857143,0.25102864873800046,5.685430190023497,0.9642561604781609,0.876668702376369,0.6915488195875863,0.4243568203291569,1.1986368023562814,-0.23622205856547052,-0.14810608579520584,-0.07346368441726359,0.0465732664460581,0.16023054423996302,0.09622404355608183,0.09490281168993711,0.0906890364456685,-0.048193191164603855,-0.08857142857142858,-0.07888362810112948,1.9957919413104612,-0.008982978808828479,-0.009800373386616101,-0.013444303403267854,0.03611871802816985,0.06941438083942653,-0.23622205856547052,-0.14810608579520584,-0.07346368441726359,0.0465732664460581,0.16023054423996302,0.02667168,0.04274270083942652,-0.07486487116460386,0.0
2,공공AI+공교육,0.45,0.045,0.065,0.18,공공AI+공교육,0.98,0.82,0.065,0.0,0.0,0.0,0.25,0.86,0.28789826873258717,0.24758881574025884,0.12827825073625798,0.9843677445925114,0.385,0.32991227683912994,3.6896382487130355,0.9732391392869894,0.8864690757629851,0.7049931229908541,0.38823810230098704,1.129222421516855,0.0,0.0,0.0,0.0,0.0,0.37101494373649546,0.3303175643759367,0.20459074837863545,1.0087693287143606,0.30642857142857144,0.2824465446905679,5.759987184644058,0.9777940932411108,0.9059037951774699,0.20575914734651868,0.41893796085880386,1.2682393706863258,-0.12390464241664603,-0.05335086239709014,0.0013226013724337816,0.10449979830787548,0.19386725034126628,0.08311667500390829,0.08272874863567783,0.07631249764237746,0.02440158412184923,-0.07857142857142857,-0.047465732148562034,2.0703489359310225,0.004554953954121421,0.019434719414484825,-0.49923397564433547,0.030699858557816817,0.13901694916947083,-0.12390464241664603,-0.05335086239709014,0.0013226013724337816,0.10449979830787548,0.19386725034126628,0.04629498,0.09272196916947083,-0.02189339587815077,0.0
2,공공AI+돌봄,0.45,0.045,0.065,0.18,공공AI+돌봄,0.98,0.78,0.0,0.075,0.0,0.0,0.1,0.88,0.28789826873258717,0.24758881574025884,0.12827825073625798,0.9843677445925114,0.385,0.32991227683912994,3.6896382487130355,0.9732391392869894,0.8864690757629851,0.7049931229908541,0.38823810230098704,1.129222421516855,0.0,0.0,0.0,0.0,0.0,0.3816912670994108,0.3412704627362447,0.2165314048107121,0.9493975214265518,0.3007142857142857,0.2549302835746627,5.718534259921686,0.9723454600113065,0.9105670429060374,0.6872109321680743,0.4233431268682466,1.2117875907931894,-0.21972005200184383,-0.13132068525271867,-0.058335628297841766,0.05783166126683942,0.1706849244162288,0.09379299836682364,0.09368164699598583,0.08825315407445411,-0.03497022316595966,-0.0842857142857143,-0.07498199326446725,2.0288960112086505,-0.000893679275682846,0.024097967143052346,-0.017782190822779875,0.03510502456725956,0.0825651692763345,-0.21972005200184383,-0.13132068525271867,-0.058335628297841766,0.05783166126683942,0.1706849244162288,0.04255218,0.0400129892763345,-0.07752240316595965,0.0
2,공공AI 종합안,0.45,0.045,0.065,0.18,공공AI 종합안,0.98,0.9,0.065,0.075,0.22,0.08,0.35,0.92,0.28789826873258717,0.24758881574025884,0.12827825073625798,0.9843677445925114,0.385,0.32991227683912994,3.6896382487130355,0.9732391392869894,0.8864690757629851,0.7049931229908541,0.38823810230098704,1.129222421516855,0.0,0.0,0.0,0.0,0.0,0.36544443227302736,0.32511144370439704,0.198879303306278,1.034128979155556,0.31,0.2944546363726318,5.778406365703417,0.9859215878297416,0.9403653105193567,0.2028232234504176,0.4008897054117511,1.2908529057150495,-0.08643031526162713,-0.02262506527318317,0.025881238879229905,0.12235503241260472,0.20739527892571127,0.0775461635404402,0.0775226279641382,0.07060105257002003,0.04976123456304449,-0.07500000000000001,-0.03545764046649813,2.088768116990382,0.012682448542752245,0.05389623475637162,-0.5021698995404366,0.012651603110764076,0.1616304841981946,-0.08643031526162713,-0.02262506527318317,0.025881238879229905,0.12235503241260472,0.20739527892571127,0.06642450000000001,0.09520598419819458,-0.016663265436955524,0.0
2,공공AI 실패,0.45,0.045,0.065,0.18,공공AI 실패,0.9,0.42,0.018,0.025,0.0,0.0,0.04,0.38,0.28789826873258717,0.24758881574025884,0.12827825073625798,0.9843677445925114,0.385,0.32991227683912994,3.6896382487130355,0.9732391392869894,0.8864690757629851,0.7049931229908541,0.38823810230098704,1.129222421516855,0.0,0.0,0.0,0.0,0.0,0.3903864024460786,0.34897465720061754,0.2246433679098342,0.9163495043479473,0.2892857142857143,0.24820261159656642,5.64565160703597,0.9718619072715381,0.8942048702084011,0.5207020925257237,0.4266388782395569,1.1818426081914077,-0.2554115222916436,-0.172611410886733,-0.0999367570182031,0.02656350771938502,0.1433876597342199,0.10248813371349141,0.1013858414603587,0.09636511717357621,-0.06801824024456415,-0.0957142857142857,-0.08170966524256351,1.9560133583229344,-0.0013772320154512574,0.007735794445416055,-0.1842910304651304,0.03840077593856983,0.052620186674552816,-0.2554115222916436,-0.172611410886733,-0.0999367570182031,0.02656350771938502,0.1433876597342199,0.015324899999999999,0.03729528667455281,-0.08334314024456416,0.0
3,시장·고가AI,0.45,0.045,0.065,0.18,시장·고가AI,0.1,0.3,0.0,0.0,0.0,0.0,0.0,0.65,0.28095554038810655,0.24898552913384345,0.12084834090139696,1.0265404171721513,0.38785714285714284,0.35896858823643024,3.318600098554535,0.9733060576549631,0.8874351828823749,0.6694944996129485,0.3695985765451218,1.1676488425497216,0.0,0.0,0.0,0.0,0.0,0.3846764760404391,0.3509119315479986,0.2167459780513501,0.947914407218065,0.29642857142857143,0.26457593699726994,4.847618524398399,0.9639678794036491,0.8775762515213877,0.6776704904993175,0.41438295024396976,1.2102260322388874,-0.2663249506304586,-0.16666233343615344,-0.12173473080154155,0.004342622498162253,0.151952397285,0.10372093565233254,0.10192640241415515,0.09589763714995314,-0.0786260099540863,-0.09142857142857141,-0.0943926512391603,1.529018425843864,-0.009338178251314,-0.009858931360987144,0.008175990886369,0.04478437369884797,0.042577189689165795,-0.2663249506304586,-0.16666233343615344,-0.12173473080154155,0.004342622498162253,0.151952397285,0.0,0.042577189689165795,-0.0786260099540863,0.0
3,전국민 공공AI,0.45,0.045,0.065,0.18,전국민 공공AI,0.98,0.72,0.0,0.0,0.0,0.0,0.1,0.82,0.28095554038810655,0.24898552913384345,0.12084834090139696,1.0265404171721513,0.38785714285714284,0.35896858823643024,3.318600098554535,0.9733060576549631,0.8874351828823749,0.6694944996129485,0.3695985765451218,1.1676488425497216,0.0,0.0,0.0,0.0,0.0,0.37436160819024067,0.34279778411179684,0.20659794290556932,0.9935944409377158,0.30428571428571427,0.2776191825770264,4.868275329970986,0.9646031749274727,0.8782294799258978,0.6547680996041729,0.409612304580914,1.2523214832293512,-0.21580027697367338,-0.11097846732503926,-0.06974595665361624,0.04813325905931582,0.1852889761076887,0.09340606780213412,0.0938122549779534,0.08574960200417236,-0.032945976234435514,-0.08357142857142857,-0.08134940565940385,1.549675231416451,-0.008702882727490424,-0.009205702956477047,-0.014726400008775564,0.04001372803579223,0.08467264067962965,-0.21580027697367338,-0.11097846732503926,-0.06974595665361624,0.04813325905931582,0.1852889761076887,0.02667168,0.05800096067962965,-0.05961765623443552,0.0
3,공공AI+공교육,0.45,0.045,0.065,0.18,공공AI+공교육,0.98,0.82,0.065,0.0,0.0,0.0,0.25,0.86,0.28095554038810655,0.24898552913384345,0.12084834090139696,1.0265404171721513,0.38785714285714284,0.35896858823643024,3.318600098554535,0.9733060576549631,0.8874351828823749,0.6694944996129485,0.3695985765451218,1.1676488425497216,0.0,0.0,0.0,0.0,0.0,0.36243332701597675,0.3297852411117058,0.19356845048439775,1.0692172541385212,0.31,0.31478114471199364,4.929943299954891,0.978056587381194,0.9076147305277101,0.19104984864847296,0.4037545017222099,1.3258623807324577,-0.09946681572211322,-0.02732718660004843,0.0030275476916531803,0.1053437700894878,0.22208524510026584,0.0814777866278702,0.08079971197786237,0.07272010958300079,0.042676836966369924,-0.07785714285714285,-0.0441874435244366,1.6113432014003557,0.004750529726230912,0.02017954764533525,-0.4784446509644755,0.0341559251770881,0.1582135381827361,-0.09946681572211322,-0.02732718660004843,0.0030275476916531803,0.1053437700894878,0.22208524510026584,0.04629498,0.11191855818273609,-0.003618143033630075,0.0
3,공공AI+돌봄,0.45,0.045,0.065,0.18,공공AI+돌봄,0.98,0.78,0.0,0.075,0.0,0.0,0.1,0.88,0.28095554038810655,0.24898552913384345,0.12084834090139696,1.0265404171721513,0.38785714285714284,0.35896858823643024,3.318600098554535,0.9733060576549631,0.8874351828823749,0.6694944996129485,0.3695985765451218,1.1676488425497216,0.0,0.0,0.0,0.0,0.0,0.37192866887794407,0.33970292564359317,0.2041886478948851,1.0074287393584231,0.3057142857142857,0.28246976779329963,4.883191567004092,0.9727348360888884,0.9121157961093768,0.6498254151293585,0.4083652884681549,1.2659140092605223,-0.19940790691843713,-0.09474051465585513,-0.055516212127532945,0.060391287301646224,0.19530810491430947,0.09097312848983752,0.09071739650974972,0.08334030699348816,-0.019111677813728134,-0.08214285714285713,-0.07649882044313061,1.5645914684495565,-0.0005712215660746978,0.02468061322700188,-0.01966908448358995,0.038766711923033104,0.09826516671080077,-0.19940790691843713,-0.09474051465585513,-0.055516212127532945,0.060391287301646224,0.19530810491430947,0.04255218,0.055712986710800765,-0.061663857813728136,0.0
3,공공AI 종합안,0.45,0.045,0.065,0.18,공공AI 종합안,0.98,0.9,0.065,0.075,0.22,0.08,0.35,0.92,0.28095554038810655,0.24898552913384345,0.12084834090139696,1.0265404171721513,0.38785714285714284,0.35896858823643024,3.318600098554535,0.9733060576549631,0.8874351828823749,0.6694944996129485,0.3695985765451218,1.1676488425497216,0.0,0.0,0.0,0.0,0.0,0.3568684491607024,0.32224935858941844,0.18787825429600513,1.0959044877153894,0.31357142857142856,0.33004125630145364,4.9279669427234705,0.9862263472827963,0.9420252398921077,0.18765296085369365,0.3852968432662698,1.3494337437860318,-0.06151828031764598,0.0017816292255941216,0.026859241349888277,0.12395975673157678,0.23584619308180887,0.07591290877259582,0.073263829455575,0.06702991339460818,0.06936407054323812,-0.07428571428571429,-0.028927331934976597,1.6093668441689353,0.012920289627833204,0.05459005700973285,-0.48184153875925484,0.01569826672114799,0.1817849012363102,-0.06151828031764598,0.0017816292255941216,0.026859241349888277,0.12395975673157678,0.23584619308180887,0.06642450000000001,0.11536040123631018,0.0029395705432381097,0.0
3,공공AI 실패,0.45,0.045,0.065,0.18,공공AI 실패,0.9,0.42,0.018,0.025,0.0,0.0,0.04,0.38,0.28095554038810655,0.24898552913384345,0.12084834090139696,1.0265404171721513,0.38785714285714284,0.35896858823643024,3.318600098554535,0.9733060576549631,0.8874351828823749,0.6694944996129485,0.3695985765451218,1.1676488425497216,0.0,0.0,0.0,0.0,0.0,0.3807935449886085,0.34505949435163835,0.21247681570229593,0.9715300770902675,0.29714285714285715,0.2743772476969373,4.867240984020656,0.9723619221735479,0.8958248422031693,0.4939208251053363,0.41270074958285385,1.2336526675803923,-0.23069151245094685,-0.13906559108896038,-0.0965061868788028,0.024543214467675694,0.16633316755714847,0.09983800460050196,0.0960739652177949,0.09162847480089897,-0.05501034008188377,-0.09071428571428569,-0.08459134053949297,1.5486408854661207,-0.0009441354814152536,0.008389659320794385,-0.1755736745076122,0.04310217303773206,0.0660038250306707,-0.23069151245094685,-0.13906559108896038,-0.0965061868788028,0.024543214467675694,0.16633316755714847,0.015324899999999999,0.0506789250306707,-0.07033524008188377,0.0
4,시장·고가AI,0.45,0.045,0.065,0.18,시장·고가AI,0.1,0.3,0.0,0.0,0.0,0.0,0.0,0.65,0.28277687904864557,0.24944139161170004,0.12271465703289763,1.0104525098973254,0.3807142857142857,0.35310257181043164,3.2682864984425617,0.9756496241190978,0.8863649125557896,0.6536846418621904,0.3718229521715906,1.1517945876991778,0.0,0.0,0.0,0.0,0.0,0.39054506709819603,0.36565940085175375,0.22228697836373768,0.9298092315693894,0.285,0.2691155216263724,4.704402053555126,0.9660573462468447,0.8762298568745625,0.6665419801349827,0.40486421057921257,1.1955685525402746,-0.2700895522857558,-0.19149609359248754,-0.10398111004742773,-0.01804980276821198,0.16774605199260617,0.10776818804955046,0.11621800924005371,0.09957232133084004,-0.08064327832793594,-0.09571428571428575,-0.08398705018405922,1.436115555112564,-0.009592277872253141,-0.01013505568122719,0.01285733827279223,0.033041258407621954,0.04377396484109686,-0.2700895522857558,-0.19149609359248754,-0.10398111004742773,-0.01804980276821198,0.16774605199260617,0.0,0.04377396484109686,-0.08064327832793594,0.0
4,전국민 공공AI,0.45,0.045,0.065,0.18,전국민 공공AI,0.98,0.72,0.0,0.0,0.0,0.0,0.1,0.82,0.28277687904864557,0.24944139161170004,0.12271465703289763,1.0104525098973254,0.3807142857142857,0.35310257181043164,3.2682864984425617,0.9756496241190978,0.8863649125557896,0.6536846418621904,0.3718229521715906,1.1517945876991778,0.0,0.0,0.0,0.0,0.0,0.3798780346727819,0.35250832353627715,0.21188162683417022,0.9751716933996317,0.2842857142857143,0.2818915847312521,4.749733826245256,0.9667045488722747,0.8769306586158617,0.6436709939463945,0.4012443969197314,1.2373416565362112,-0.21848984726525217,-0.13865584079649754,-0.05039760282093248,0.03182318341003558,0.19802016841251469,0.09710115562413635,0.10306693192457711,0.08916696980127259,-0.03528081649769366,-0.09642857142857142,-0.07121098707917956,1.4814473278026945,-0.008945075246823087,-0.009434253939927917,-0.010013647915795953,0.02942144474814079,0.08554706883703345,-0.21848984726525217,-0.13865584079649754,-0.05039760282093248,0.03182318341003558,0.19802016841251469,0.02667168,0.05887538883703344,-0.06195249649769366,0.0
4,공공AI+공교육,0.45,0.045,0.065,0.18,공공AI+공교육,0.98,0.82,0.065,0.0,0.0,0.0,0.25,0.86,0.28277687904864557,0.24944139161170004,0.12271465703289763,1.0104525098973254,0.3807142857142857,0.35310257181043164,3.2682864984425617,0.9756496241190978,0.8863649125557896,0.6536846418621904,0.3718229521715906,1.1517945876991778,0.0,0.0,0.0,0.0,0.0,0.3673841338852064,0.3384126890860631,0.1983348035000163,1.0501670108978327,0.2935714285714286,0.31663646885602953,4.818660433077349,0.9798558650919988,0.9061224361448509,0.17707068758548683,0.39579128517849743,1.3099820417336205,-0.10691251673931679,-0.04755640997455585,0.021260778842201917,0.09098739376433027,0.23497550110633827,0.08460725483656084,0.08897129747436305,0.07562014646711868,0.03971450100050733,-0.08714285714285713,-0.03646610295440211,1.550373934634787,0.00420624097290101,0.019757523589061243,-0.4766139542767036,0.023968333006906817,0.1581874540344428,-0.10691251673931679,-0.04755640997455585,0.021260778842201917,0.09098739376433027,0.23497550110633827,0.04629498,0.11189247403444279,-0.00658047899949267,0.0
4,공공AI+돌봄,0.45,0.045,0.065,0.18,공공AI+돌봄,0.98,0.78,0.0,0.075,0.0,0.0,0.1,0.88,0.28277687904864557,0.24944139161170004,0.12271465703289763,1.0104525098973254,0.3807142857142857,0.35310257181043164,3.2682864984425617,0.9756496241190978,0.8863649125557896,0.6536846418621904,0.3718229521715906,1.1517945876991778,0.0,0.0,0.0,0.0,0.0,0.3775476356696039,0.3485373501995814,0.20965661781836198,0.9880597666197718,0.2807142857142857,0.28540528004283916,4.763359425489894,0.9740640436503771,0.9108095035047598,0.6391053486795917,0.40071341104303354,1.2501651673129266,-0.20392680499660137,-0.12431304685042277,-0.035890257614000595,0.04456919213038371,0.20750916406603453,0.09477075662095835,0.09909595858788134,0.08694196078546435,-0.022392743277553584,-0.10000000000000003,-0.06769729176759248,1.4950729270473326,-0.0015855804687207042,0.024444590948970113,-0.014579293182598763,0.028890458871442926,0.09837057961374884,-0.20392680499660137,-0.12431304685042277,-0.035890257614000595,0.04456919213038371,0.20750916406603453,0.04255218,0.05581839961374884,-0.06494492327755358,0.0
4,공공AI 종합안,0.45,0.045,0.065,0.18,공공AI 종합안,0.98,0.9,0.065,0.075,0.22,0.08,0.35,0.92,0.28277687904864557,0.24944139161170004,0.12271465703289763,1.0104525098973254,0.3807142857142857,0.35310257181043164,3.2682864984425617,0.9756496241190978,0.8863649125557896,0.6536846418621904,0.3718229521715906,1.1517945876991778,0.0,0.0,0.0,0.0,0.0,0.3618497709038402,0.3323746113765628,0.19284909453418053,1.0764802111182352,0.3007142857142857,0.32828534385647656,4.835162080660741,0.9872300357038178,0.9404980872784874,0.17448669378870985,0.3793747180342434,1.3336789983491149,-0.07129644663699461,-0.01805041138935527,0.046279395122727246,0.11134729071541395,0.2482121467991171,0.07907289185519462,0.08293321976486279,0.0701344375012829,0.06602770122090984,-0.08000000000000002,-0.02481722795395508,1.566875582218179,0.011580411584720007,0.05413317472269774,-0.4791979480734806,0.007551765862652771,0.1818844106499371,-0.07129644663699461,-0.01805041138935527,0.046279395122727246,0.11134729071541395,0.2482121467991171,0.06642450000000001,0.11545991064993709,-0.00039679877909017114,0.0
4,공공AI 실패,0.45,0.045,0.065,0.18,공공AI 실패,0.9,0.42,0.018,0.025,0.0,0.0,0.04,0.38,0.28277687904864557,0.24944139161170004,0.12271465703289763,1.0104525098973254,0.3807142857142857,0.35310257181043164,3.2682864984425617,0.9756496241190978,0.8863649125557896,0.6536846418621904,0.3718229521715906,1.1517945876991778,0.0,0.0,0.0,0.0,0.0,0.3865171073307808,0.36182526937679066,0.21790238925454386,0.9529848067023502,0.29,0.27815003560748774,4.72978438953438,0.9740643615429642,0.8944498008816372,0.4806066381013619,0.40321218211467813,1.2184985526218561,-0.2365086981121418,-0.16182313028610168,-0.07940556937806369,0.0035211014785167783,0.18144340542754991,0.10374022828213525,0.11238387776509062,0.09518773222164623,-0.057467703194975184,-0.09071428571428575,-0.0749525362029439,1.4614978910918186,-0.0015852625761336725,0.008084888325847528,-0.17307800376082855,0.031389229943087515,0.06670396492267838,-0.2365086981121418,-0.16182313028610168,-0.07940556937806369,0.0035211014785167783,0.18144340542754991,0.015324899999999999,0.05137906492267838,-0.07279260319497519,0.0
5,시장·고가AI,0.45,0.045,0.065,0.18,시장·고가AI,0.1,0.3,0.0,0.0,0.0,0.0,0.0,0.65,0.2780504333928241,0.24291287002603829,0.1194203104357775,1.0227759268166237,0.3914285714285714,0.34788159819545666,2.964513700151776,0.9763965854821351,0.8905801975993015,0.5831189132908423,0.3869498267001886,1.1614802600350351,0.0,0.0,0.0,0.0,0.0,0.3846980592726793,0.36077228495577024,0.21773949307013707,0.9611984395759561,0.2842857142857143,0.2629141822697905,4.187974194265568,0.967314480043317,0.8808140214897526,0.6032826066611802,0.42025274309134136,1.2287446842336074,-0.2528276753799821,-0.17971546976947153,-0.06830037724508868,0.004666691960651982,0.1857026997266007,0.10664762587985521,0.11785941492973195,0.09831918263435957,-0.06157748724066758,-0.1071428571428571,-0.08496741592566615,1.2234604941137919,-0.009082105438818155,-0.009766176109548885,0.020163693370337854,0.03330291639115274,0.06726442419857226,-0.2528276753799821,-0.17971546976947153,-0.06830037724508868,0.004666691960651982,0.1857026997266007,0.0,0.06726442419857226,-0.06157748724066758,0.0
5,전국민 공공AI,0.45,0.045,0.065,0.18,전국민 공공AI,0.98,0.72,0.0,0.0,0.0,0.0,0.1,0.82,0.2780504333928241,0.24291287002603829,0.1194203104357775,1.0227759268166237,0.3914285714285714,0.34788159819545666,2.964513700151776,0.9763965854821351,0.8905801975993015,0.5831189132908423,0.3869498267001886,1.1614802600350351,0.0,0.0,0.0,0.0,0.0,0.37372076229964524,0.3455108614487318,0.20692213036434126,1.0045411235839279,0.29,0.27669686461576776,4.224685816942284,0.9679112005988135,0.8814366727787818,0.5799927444697002,0.4161335513622154,1.2666361804363746,-0.2004585228981418,-0.12436290931185895,-0.02496833372185216,0.05073414154031723,0.20910770531059386,0.09567032890682114,0.10259799142269349,0.08750181992856376,-0.018234803232695773,-0.10142857142857142,-0.07118473357968891,1.2601721167905078,-0.008485384883321623,-0.009143524820519722,-0.003126168821142139,0.02918372466202679,0.10515592040133948,-0.2004585228981418,-0.12436290931185895,-0.02496833372185216,0.05073414154031723,0.20910770531059386,0.02667168,0.07848424040133947,-0.044906483232695776,0.0
5,공공AI+공교육,0.45,0.045,0.065,0.18,공공AI+공교육,0.98,0.82,0.065,0.0,0.0,0.0,0.25,0.86,0.2780504333928241,0.24291287002603829,0.1194203104357775,1.0227759268166237,0.3914285714285714,0.34788159819545666,2.964513700151776,0.9763965854821351,0.8905801975993015,0.5831189132908423,0.3869498267001886,1.1614802600350351,0.0,0.0,0.0,0.0,0.0,0.36156645090908224,0.33377407957528216,0.19398757644744413,1.0798550894475893,0.30857142857142855,0.3100114719035505,4.2939863423112365,0.9808567680101746,0.9113914405220556,0.14560616503053603,0.40918571891778144,1.339749931754219,-0.09402653260114405,-0.03138454977134738,0.046505138979917975,0.1092171356151892,0.24122094821927148,0.08351601751625815,0.09086120954924387,0.07456726601166663,0.057079162630965685,-0.08285714285714285,-0.03787012629190617,1.3294726421594607,0.00446018252803948,0.020811242922754047,-0.4375127482603063,0.022235892217592812,0.17826967171918384,-0.09402653260114405,-0.03138454977134738,0.046505138979917975,0.1092171356151892,0.24122094821927148,0.04629498,0.13197469171918386,0.010784182630965686,0.0
5,공공AI+돌봄,0.45,0.045,0.065,0.18,공공AI+돌봄,0.98,0.78,0.0,0.075,0.0,0.0,0.1,0.88,0.2780504333928241,0.24291287002603829,0.1194203104357775,1.0227759268166237,0.3914285714285714,0.34788159819545666,2.964513700151776,0.9763965854821351,0.8905801975993015,0.5831189132908423,0.3869498267001886,1.1614802600350351,0.0,0.0,0.0,0.0,0.0,0.3712350121109532,0.34427134095652134,0.20454109218852268,1.0178994988571892,0.2935714285714286,0.28117486504513706,4.2399790984197185,0.9753150238584447,0.9153203680561053,0.575329358080223,0.4148444879870274,1.279638066606993,-0.18563581581800054,-0.10846544106707824,-0.011534377822296021,0.06434883728707388,0.21739060511062058,0.09318457871812913,0.10135847093048306,0.08512078175274518,-0.004876427959434437,-0.09785714285714281,-0.06670673315031961,1.2754653982679427,-0.0010815616236904413,0.024740170456803767,-0.007789555210619303,0.027894661286838762,0.11815780657195796,-0.18563581581800054,-0.10846544106707824,-0.011534377822296021,0.06434883728707388,0.21739060511062058,0.04255218,0.07560562657195796,-0.04742860795943444,0.0
5,공공AI 종합안,0.45,0.045,0.065,0.18,공공AI 종합안,0.98,0.9,0.065,0.075,0.22,0.08,0.35,0.92,0.2780504333928241,0.24291287002603829,0.1194203104357775,1.0227759268166237,0.3914285714285714,0.34788159819545666,2.964513700151776,0.9763965854821351,0.8905801975993015,0.5831189132908423,0.3869498267001886,1.1614802600350351,0.0,0.0,0.0,0.0,0.0,0.3558075376000799,0.3292095940030906,0.18822171562026413,1.1050472417870305,0.31285714285714283,0.3238780399638949,4.302988422886451,0.9882609320061879,0.9456926998335986,0.1425903032291832,0.3906895680956077,1.3612673103609514,-0.058982866874666105,-0.0006727959150036339,0.06722194626524174,0.12942474263575207,0.24984726987076183,0.07775710420725579,0.08629672397705229,0.06880140518448663,0.08227131497040685,-0.07857142857142857,-0.02400355823156175,1.3384747227346754,0.011864346524052771,0.05511250223429709,-0.4405286100616591,0.0037397413954190495,0.19978705032591626,-0.058982866874666105,-0.0006727959150036339,0.06722194626524174,0.12942474263575207,0.24984726987076183,0.06642450000000001,0.13336255032591626,0.01584681497040684,0.0
5,공공AI 실패,0.45,0.045,0.065,0.18,공공AI 실패,0.9,0.42,0.018,0.025,0.0,0.0,0.04,0.38,0.2780504333928241,0.24291287002603829,0.1194203104357775,1.0227759268166237,0.3914285714285714,0.34788159819545666,2.964513700151776,0.9763965854821351,0.8905801975993015,0.5831189132908423,0.3869498267001886,1.1614802600350351,0.0,0.0,0.0,0.0,0.0,0.3807168888985688,0.35619919563860625,0.21347831554113006,0.9846276866300285,0.2864285714285714,0.271687807642198,4.213077964851023,0.9754090503551325,0.8992513334719476,0.4293018573750915,0.4183080773385428,1.2518760843923284,-0.22004509496000396,-0.14961620813448726,-0.04399684597173546,0.025909871503965204,0.19768767762093717,0.10266645550574471,0.11328632561256796,0.09405800510535256,-0.03814824018659513,-0.10499999999999998,-0.07619379055325864,1.2485642646992474,-0.00098753512700267,0.008671135872646119,-0.1538170559157508,0.03135825063835418,0.09039582435729332,-0.22004509496000396,-0.14961620813448726,-0.04399684597173546,0.025909871503965204,0.19768767762093717,0.015324899999999999,0.07507092435729332,-0.05347314018659513,0.0
6,시장·고가AI,0.45,0.045,0.065,0.18,시장·고가AI,0.1,0.3,0.0,0.0,0.0,0.0,0.0,0.65,0.28671179190779805,0.25897308693816745,0.1266308329304323,1.0182226368076082,0.36,0.34568661636680886,3.138988764337148,0.9742637288297533,0.8898141295463439,0.6372696073798617,0.37134221488790603,1.1658559463738227,0.0,0.0,0.0,0.0,0.0,0.38864060726218563,0.3825558472321574,0.2225016505836973,0.9426378571959085,0.2757142857142857,0.2542406534395251,4.411994590088522,0.9650553318619245,0.87990551951506,0.6584917906787724,0.40186254487918127,1.2123985316542245,-0.2651725168914192,-0.18017081664464074,-0.10744152357751442,0.011121400164169943,0.1560049709742537,0.10192881535438758,0.12358276029398996,0.095870817653265,-0.07558477961169963,-0.0842857142857143,-0.09144596292728374,1.2730058257513739,-0.009208396967828825,-0.009908610031283849,0.02122218329891068,0.03052032999127524,0.04654258528040178,-0.2651725168914192,-0.18017081664464074,-0.10744152357751442,0.011121400164169943,0.1560049709742537,0.0,0.04654258528040178,-0.07558477961169963,0.0
6,전국민 공공AI,0.45,0.045,0.065,0.18,전국민 공공AI,0.98,0.72,0.0,0.0,0.0,0.0,0.1,0.82,0.28671179190779805,0.25897308693816745,0.1266308329304323,1.0182226368076082,0.36,0.34568661636680886,3.138988764337148,0.9742637288297533,0.8898141295463439,0.6372696073798617,0.37134221488790603,1.1658559463738227,0.0,0.0,0.0,0.0,0.0,0.37829507023823883,0.36582403138075303,0.21230579940843652,0.9856812229997386,0.275,0.2665051603955814,4.428373552380184,0.9656633005390761,0.8805532127692449,0.6364811207496479,0.3983692815053451,1.2513501080235014,-0.2144421676176849,-0.12995390503323745,-0.05670849277582752,0.053900198222743334,0.1847999956048602,0.09158327833044078,0.10685094444258558,0.08567496647800421,-0.03254141380786957,-0.08499999999999996,-0.07918145597122744,1.2893847880430358,-0.008600428290677198,-0.009260916777098949,-0.0007884866302138027,0.02702706661743909,0.08549416164967871,-0.2144421676176849,-0.12995390503323745,-0.05670849277582752,0.053900198222743334,0.1847999956048602,0.02667168,0.05882248164967871,-0.05921309380786957,0.0
6,공공AI+공교육,0.45,0.045,0.065,0.18,공공AI+공교육,0.98,0.82,0.065,0.0,0.0,0.0,0.25,0.86,0.28671179190779805,0.25897308693816745,0.1266308329304323,1.0182226368076082,0.36,0.34568661636680886,3.138988764337148,0.9742637288297533,0.8898141295463439,0.6372696073798617,0.37134221488790603,1.1658559463738227,0.0,0.0,0.0,0.0,0.0,0.36574781874365503,0.34683191475263736,0.19869250340905287,1.0597028712396195,0.275,0.29968823989363,4.4949227670190925,0.9791222578828269,0.9107768558660999,0.1718458832273908,0.3928915832091468,1.322467187375608,-0.10341862809231134,-0.04217569627874426,0.017266309057352672,0.10998069575812912,0.2179971408434473,0.07903602683585698,0.08785882781446991,0.07206167047862055,0.04148023443201132,-0.08499999999999996,-0.04599837647317884,1.3559340026819444,0.004858529053073601,0.020962726319756042,-0.4654237241524709,0.02154936832124077,0.15661124100178525,-0.10341862809231134,-0.04217569627874426,0.017266309057352672,0.10998069575812912,0.2179971408434473,0.04629498,0.11031626100178525,-0.004814745567988679,0.0
6,공공AI+돌봄,0.45,0.045,0.065,0.18,공공AI+돌봄,0.98,0.78,0.0,0.075,0.0,0.0,0.1,0.88,0.28671179190779805,0.25897308693816745,0.1266308329304323,1.0182226368076082,0.36,0.34568661636680886,3.138988764337148,0.9742637288297533,0.8898141295463439,0.6372696073798617,0.37134221488790603,1.1658559463738227,0.0,0.0,0.0,0.0,0.0,0.37608046891703895,0.36276401742327313,0.21010767098221494,0.9991642186445278,0.27071428571428574,0.270306773966579,4.439594717956191,0.9736712828344766,0.914429394100939,0.6319059028430422,0.3973318337390759,1.2649372350367905,-0.19855646559170279,-0.11575968825992555,-0.04166983071344163,0.0664674831938552,0.19504487518970204,0.0893686770092409,0.10379093048510568,0.08347683805178263,-0.019058418163080404,-0.08928571428571425,-0.07537984240022988,1.3006059536190429,-0.0005924459952767469,0.024615264554595173,-0.005363704536819558,0.02598961885116985,0.09908128866296773,-0.19855646559170279,-0.11575968825992555,-0.04166983071344163,0.0664674831938552,0.19504487518970204,0.04255218,0.056529108662967724,-0.061610598163080406,0.0
6,공공AI 종합안,0.45,0.045,0.065,0.18,공공AI 종합안,0.98,0.9,0.065,0.075,0.22,0.08,0.35,0.92,0.28671179190779805,0.25897308693816745,0.1266308329304323,1.0182226368076082,0.36,0.34568661636680886,3.138988764337148,0.9742637288297533,0.8898141295463439,0.6372696073798617,0.37134221488790603,1.1658559463738227,0.0,0.0,0.0,0.0,0.0,0.36055248702969256,0.3408371129881398,0.19335347142795123,1.0846939560693718,0.28285714285714286,0.3123035627356369,4.502219939893497,0.98714733518177,0.945101175754572,0.16890693487755448,0.37631619485275797,1.3446954987701136,-0.06795120060759167,-0.015299141859983942,0.04154526544474238,0.1281305936417803,0.22977090660120522,0.0738406951218945,0.08186402604997234,0.06672263849751892,0.06647131926176364,-0.07714285714285712,-0.033383053631171944,1.3632311755563484,0.012883606352016685,0.05528704620822811,-0.46836267250230723,0.004973979964851938,0.1788395523962909,-0.06795120060759167,-0.015299141859983942,0.04154526544474238,0.1281305936417803,0.22977090660120522,0.06642450000000001,0.11241505239629089,4.681926176362816e-05,0.0
6,공공AI 실패,0.45,0.045,0.065,0.18,공공AI 실패,0.9,0.42,0.018,0.025,0.0,0.0,0.04,0.38,0.28671179190779805,0.25897308693816745,0.1266308329304323,1.0182226368076082,0.36,0.34568661636680886,3.138988764337148,0.9742637288297533,0.8898141295463439,0.6372696073798617,0.37134221488790603,1.1658559463738227,0.0,0.0,0.0,0.0,0.0,0.38461555686015836,0.3782065246580564,0.2180729967267132,0.9656221681926003,0.27714285714285714,0.2629486248077165,4.4353362237009,0.9732946075085064,0.898455096603697,0.4739144520945427,0.4002263090694935,1.2349262324364456,-0.2307955352965156,-0.15189069342795983,-0.08249614781230886,0.03129658002405828,0.16867956682637997,0.0979037649523603,0.11923343771988892,0.0914421637962809,-0.05260046861500789,-0.08285714285714285,-0.08273799155909234,1.2963474593637518,-0.0009691213212469352,0.008640967057353177,-0.16335515528531902,0.028884094181587494,0.06907028606262289,-0.2307955352965156,-0.15189069342795983,-0.08249614781230886,0.03129658002405828,0.16867956682637997,0.015324899999999999,0.053745386062622885,-0.06792536861500789,0.0
7,시장·고가AI,0.45,0.045,0.065,0.18,시장·고가AI,0.1,0.3,0.0,0.0,0.0,0.0,0.0,0.65,0.2823481936580019,0.24553342005411355,0.12233541692939875,0.9869928267657323,0.3871428571428571,0.304411366439156,3.19155128894074,0.9759016019797228,0.8852457237129655,0.6904657226481588,0.3822689269139637,1.1245672273941314,0.0,0.0,0.0,0.0,0.0,0.3859906979362848,0.36220400723812246,0.2186223414458146,0.9150365075620582,0.2764285714285714,0.22558583818363018,4.440220121650196,0.966603679656043,0.8749443226859401,0.7089213135034318,0.41878369911143865,1.1710553757771718,-0.2709287687233468,-0.17444061545738387,-0.11021908143632864,0.017347998043187887,0.15974642638382527,0.10364250427828292,0.11667058718400891,0.09628692451641585,-0.07195631920367407,-0.11071428571428571,-0.07882552825552583,1.248668832709456,-0.009297922323679764,-0.01030140102702537,0.01845559085527304,0.036514772197474954,0.046488148383040384,-0.2709287687233468,-0.17444061545738387,-0.11021908143632864,0.017347998043187887,0.15974642638382527,0.0,0.046488148383040384,-0.07195631920367407,0.0
7,전국민 공공AI,0.45,0.045,0.065,0.18,전국민 공공AI,0.98,0.72,0.0,0.0,0.0,0.0,0.1,0.82,0.2823481936580019,0.24553342005411355,0.12233541692939875,0.9869928267657323,0.3871428571428571,0.304411366439156,3.19155128894074,0.9759016019797228,0.8852457237129655,0.6904657226481588,0.3822689269139637,1.1245672273941314,0.0,0.0,0.0,0.0,0.0,0.3760458970918168,0.3458666495833494,0.20889847746278645,0.9560237953663824,0.29642857142857143,0.2323824056291979,4.470368853943089,0.9672055683474533,0.8755731140045575,0.6932164723015167,0.4138326465057861,1.2084716918509164,-0.2222008407282963,-0.1224955718047609,-0.06268307588700905,0.057810396632658086,0.1901692497860641,0.0936977034338149,0.10033322952923585,0.08656306053338769,-0.030969031399349922,-0.09071428571428569,-0.0720289608099581,1.2788175650023494,-0.008696033632269451,-0.009672609708407998,0.0027507496533579756,0.031563719591822414,0.08390446445678501,-0.2222008407282963,-0.1224955718047609,-0.06268307588700905,0.057810396632658086,0.1901692497860641,0.02667168,0.05723278445678501,-0.057640711399349925,0.0
7,공공AI+공교육,0.45,0.045,0.065,0.18,공공AI+공교육,0.98,0.82,0.065,0.0,0.0,0.0,0.25,0.86,0.2823481936580019,0.24553342005411355,0.12233541692939875,0.9869928267657323,0.3871428571428571,0.304411366439156,3.19155128894074,0.9759016019797228,0.8852457237129655,0.6904657226481588,0.3822689269139637,1.1245672273941314,0.0,0.0,0.0,0.0,0.0,0.3637423816235942,0.3338433097375706,0.19554689552677762,1.0277119079811874,0.3092857142857143,0.25894809418403986,4.5390239443103155,0.9800006651266921,0.9049607017774951,0.19373883917384593,0.407302368453463,1.2775286741595222,-0.11034438731649335,-0.036490879705430856,0.010062677981735105,0.11342495465141605,0.22548458384925982,0.08139418796559228,0.08830988968345704,0.07321147859737887,0.04071908121545509,-0.07785714285714285,-0.04546327225511615,1.3474726553695757,0.004099063146969395,0.019714978064529598,-0.4967268834743128,0.025033441539499324,0.1529614467653908,-0.11034438731649335,-0.036490879705430856,0.010062677981735105,0.11342495465141605,0.22548458384925982,0.04629498,0.10666646676539081,-0.005575898784544911,0.0
7,공공AI+돌봄,0.45,0.045,0.065,0.18,공공AI+돌봄,0.98,0.78,0.0,0.075,0.0,0.0,0.1,0.88,0.2823481936580019,0.24553342005411355,0.12233541692939875,0.9869928267657323,0.3871428571428571,0.304411366439156,3.19155128894074,0.9759016019797228,0.8852457237129655,0.6904657226481588,0.3822689269139637,1.1245672273941314,0.0,0.0,0.0,0.0,0.0,0.373934860488107,0.3419622688700656,0.20683753202212807,0.9683683277491706,0.2978571428571429,0.23528161246735446,4.49863376430692,0.9744184069733764,0.9094631090664002,0.6896706770442039,0.4123871028581083,1.220895298056623,-0.20802178484190728,-0.10714642393727562,-0.04870101503131251,0.06862855519455029,0.1999894040356054,0.09158666683010508,0.09642884881595204,0.08450211509272931,-0.018624499016561713,-0.08928571428571425,-0.06912975397180154,1.30708247536618,-0.001483195006346305,0.02421738535343465,-0.0007950456039548248,0.03011817594414462,0.0963280706624916,-0.20802178484190728,-0.10714642393727562,-0.04870101503131251,0.06862855519455029,0.1999894040356054,0.04255218,0.0537758906624916,-0.061176679016561715,0.0
7,공공AI 종합안,0.45,0.045,0.065,0.18,공공AI 종합안,0.98,0.9,0.065,0.075,0.22,0.08,0.35,0.92,0.2823481936580019,0.24553342005411355,0.12233541692939875,0.9869928267657323,0.3871428571428571,0.304411366439156,3.19155128894074,0.9759016019797228,0.8852457237129655,0.6904657226481588,0.3822689269139637,1.1245672273941314,0.0,0.0,0.0,0.0,0.0,0.3584313386309441,0.32767444878256863,0.19023995647848746,1.0520596036167549,0.31214285714285717,0.2677748276462038,4.55907570453839,0.9872211227811479,0.9393164912368664,0.19173091441142287,0.38880981845348483,1.2992239022334586,-0.07585890060411216,-0.0073843669267101425,0.033529234266171784,0.13134991580598057,0.23757550461139157,0.07608314497294222,0.08214102872845508,0.0679045395490887,0.06506677685102258,-0.07499999999999996,-0.0366365387929522,1.3675244155976505,0.011319520801425176,0.05407076752390094,-0.4987348082367359,0.006540891539521143,0.17465667483932723,-0.07585890060411216,-0.0073843669267101425,0.033529234266171784,0.13134991580598057,0.23757550461139157,0.06642450000000001,0.10823217483932722,-0.0013577231489774327,0.0
7,공공AI 실패,0.45,0.045,0.065,0.18,공공AI 실패,0.9,0.42,0.018,0.025,0.0,0.0,0.04,0.38,0.2823481936580019,0.24553342005411355,0.12233541692939875,0.9869928267657323,0.3871428571428571,0.304411366439156,3.19155128894074,0.9759016019797228,0.8852457237129655,0.6904657226481588,0.3822689269139637,1.1245672273941314,0.0,0.0,0.0,0.0,0.0,0.3821060777463333,0.3576805963893241,0.21435633966736756,0.9370971533410357,0.2785714285714286,0.23297457374602568,4.46678330744858,0.9744822258425282,0.8932431186533799,0.5130348281581076,0.4169219334204416,1.1927763191575678,-0.23700942315137144,-0.1467253534492098,-0.08572715924241063,0.03712192845361306,0.17296096089098748,0.09975788408833142,0.11214717633521054,0.0920209227379688,-0.049895673424696585,-0.10857142857142854,-0.07143679269313033,1.27523201850784,-0.0014193761371945612,0.007997394940414404,-0.17743089449005112,0.0346530065064779,0.06820909176343637,-0.23700942315137144,-0.1467253534492098,-0.08572715924241063,0.03712192845361306,0.17296096089098748,0.015324899999999999,0.05288419176343637,-0.06522057342469659,0.0
8,시장·고가AI,0.45,0.045,0.065,0.18,시장·고가AI,0.1,0.3,0.0,0.0,0.0,0.0,0.0,0.65,0.2946048460287577,0.25731337190445464,0.13288466774609387,0.99190820192941,0.3757142857142857,0.349656429064256,4.119800045771883,0.9746522532017129,0.8876998559569558,0.6510993151643422,0.3797040298370766,1.1439172680191547,0.0,0.0,0.0,0.0,0.0,0.39532970525930855,0.36096156209626495,0.22883411980016377,0.9011613273872613,0.2914285714285714,0.2530350865191444,6.089387951342868,0.9649254294768435,0.8774862425161869,0.6587385305840328,0.4265597758516204,1.1685700191426243,-0.26203712750406566,-0.20026430661693978,-0.1262291614924244,-0.026065695884121356,0.1348649447913878,0.10072485923055086,0.10364819019181032,0.0959494520540699,-0.09074687454214869,-0.0842857142857143,-0.09662134254511157,1.969587905570985,-0.009726823724869438,-0.010213613440768876,0.007639215419690593,0.04685574601454384,0.02465275112346954,-0.26203712750406566,-0.20026430661693978,-0.1262291614924244,-0.026065695884121356,0.1348649447913878,0.0,0.02465275112346954,-0.09074687454214869,0.0
8,전국민 공공AI,0.45,0.045,0.065,0.18,전국민 공공AI,0.98,0.72,0.0,0.0,0.0,0.0,0.1,0.82,0.2946048460287577,0.25731337190445464,0.13288466774609387,0.99190820192941,0.3757142857142857,0.349656429064256,4.119800045771883,0.9746522532017129,0.8876998559569558,0.6510993151643422,0.3797040298370766,1.1439172680191547,0.0,0.0,0.0,0.0,0.0,0.3859901852693338,0.3505845634755408,0.21952907271741728,0.9476448808352347,0.29285714285714287,0.26593679696778477,6.186819133299571,0.965603154580823,0.8782370279973911,0.6389573529086616,0.42276205813329326,1.2141962598590477,-0.20916615026709115,-0.142151751029004,-0.07585203222404709,0.024924191381173286,0.17399208801482097,0.09138533924057612,0.09327119157108615,0.08664440497132342,-0.0442633210941753,-0.08285714285714285,-0.08371963209647121,2.0670190875276884,-0.009049098620889873,-0.009462827959564657,-0.012141962255680538,0.04305802829621669,0.07027899183989295,-0.20916615026709115,-0.142151751029004,-0.07585203222404709,0.024924191381173286,0.17399208801482097,0.02667168,0.04360731183989294,-0.0709350010941753,0.0
8,공공AI+공교육,0.45,0.045,0.065,0.18,공공AI+공교육,0.98,0.82,0.065,0.0,0.0,0.0,0.25,0.86,0.2946048460287577,0.25731337190445464,0.13288466774609387,0.99190820192941,0.3757142857142857,0.349656429064256,4.119800045771883,0.9746522532017129,0.8876998559569558,0.6510993151643422,0.3797040298370766,1.1439172680191547,0.0,0.0,0.0,0.0,0.0,0.3744347382453498,0.3384867222411895,0.20653653424167073,1.0239449809962804,0.29714285714285715,0.30540600264992634,6.318160594920084,0.9792198282706277,0.9081350998663256,0.17629889149225175,0.41748452739970987,1.2904752709914316,-0.09534150364182845,-0.04836137794385605,0.0007641161793018864,0.08490366310547802,0.2169726524750547,0.07982989221659209,0.08117335033673484,0.07365186649557687,0.03203677906687041,-0.07857142857142857,-0.044250426414329636,2.198360549148201,0.004567575068914809,0.020435243909369794,-0.4748004236720904,0.0377804975626333,0.14655800297227684,-0.09534150364182845,-0.04836137794385605,0.0007641161793018864,0.08490366310547802,0.2169726524750547,0.04629498,0.10026302297227684,-0.014258200933129586,0.0
8,공공AI+돌봄,0.45,0.045,0.065,0.18,공공AI+돌봄,0.98,0.78,0.0,0.075,0.0,0.0,0.1,0.88,0.2946048460287577,0.25731337190445464,0.13288466774609387,0.99190820192941,0.3757142857142857,0.349656429064256,4.119800045771883,0.9746522532017129,0.8876998559569558,0.6510993151643422,0.3797040298370766,1.1439172680191547,0.0,0.0,0.0,0.0,0.0,0.3840103154592598,0.34923055298281025,0.21758297104239377,0.9612430977059464,0.2892857142857143,0.26983654289786824,6.2304003351142025,0.9733591170012821,0.9121407923264182,0.6348163938371891,0.4217511903885509,1.2285559517877385,-0.19377496117947715,-0.1263623017327206,-0.060800394591004864,0.03893297422593631,0.18498856142113523,0.0894054694305021,0.09191718107835561,0.0846983032962999,-0.03066510422346358,-0.08642857142857141,-0.07981988616638774,2.1106002893423197,-0.0012931362004308111,0.02444093636946243,-0.016282921327153033,0.04204716055147434,0.08463868376858374,-0.19377496117947715,-0.1263623017327206,-0.060800394591004864,0.03893297422593631,0.18498856142113523,0.04255218,0.04208650376858374,-0.07321728422346357,0.0
8,공공AI 종합안,0.45,0.045,0.065,0.18,공공AI 종합안,0.98,0.9,0.065,0.075,0.22,0.08,0.35,0.92,0.2946048460287577,0.25731337190445464,0.13288466774609387,0.99190820192941,0.3757142857142857,0.349656429064256,4.119800045771883,0.9746522532017129,0.8876998559569558,0.6510993151643422,0.3797040298370766,1.1439172680191547,0.0,0.0,0.0,0.0,0.0,0.36944344556356845,0.3326828205168302,0.20140484925403257,1.0506945109910673,0.29928571428571427,0.3182049798934956,6.350312331904295,0.9870076065897596,0.9426017100182802,0.17377962536274538,0.398965254347212,1.315678551277971,-0.05909089134876115,-0.01792182356396589,0.025535403555485295,0.1068994123666804,0.23245839354541095,0.07483859953481076,0.07536944861237554,0.0685201815079387,0.05878630906165727,-0.07642857142857146,-0.03145144917076037,2.230512286132412,0.01235535338804672,0.05490185406132442,-0.4773196898015968,0.0192612245101354,0.17176128325881623,-0.05909089134876115,-0.01792182356396589,0.025535403555485295,0.1068994123666804,0.23245839354541095,0.06642450000000001,0.10533678325881622,-0.00763819093834274,0.0
8,공공AI 실패,0.45,0.045,0.065,0.18,공공AI 실패,0.9,0.42,0.018,0.025,0.0,0.0,0.04,0.38,0.2946048460287577,0.25731337190445464,0.13288466774609387,0.99190820192941,0.3757142857142857,0.349656429064256,4.119800045771883,0.9746522532017129,0.8876998559569558,0.6510993151643422,0.3797040298370766,1.1439172680191547,0.0,0.0,0.0,0.0,0.0,0.3917016161444209,0.3561997274470616,0.22472456153221698,0.9248553221952184,0.29285714285714287,0.263353598505771,6.137876749712166,0.9732323955454197,0.8958481078388291,0.474840978874712,0.4250928180060659,1.192937730651003,-0.22710745061215573,-0.16972436019117615,-0.10050769915216488,-0.004246420740775804,0.15161969177840356,0.0970967701156632,0.09888635554260694,0.09183989378612312,-0.0670528797341916,-0.08285714285714285,-0.08630283055848498,2.0180767039402827,-0.0014198576562931553,0.008148251881873292,-0.17625833628963017,0.045388788168989336,0.04902046263184823,-0.22710745061215573,-0.16972436019117615,-0.10050769915216488,-0.004246420740775804,0.15161969177840356,0.015324899999999999,0.033695562631848225,-0.08237777973419161,0.0
9,시장·고가AI,0.45,0.045,0.065,0.18,시장·고가AI,0.1,0.3,0.0,0.0,0.0,0.0,0.0,0.65,0.2849566528023293,0.25960386042715083,0.12488857395758213,1.018541111295185,0.36714285714285716,0.28860134784486535,2.8581700164708717,0.9733979634596897,0.8843389715638686,0.6460634853480464,0.4064031375035728,1.1638987687561229,0.0,0.0,0.0,0.0,0.0,0.3882384261145283,0.3725266433023497,0.22228358554977246,0.9624523622602632,0.2835714285714286,0.2130540178039211,3.9731802683291124,0.9643955823160244,0.874620519748719,0.6661752446321906,0.43935912893046225,1.2375363877855485,-0.2517082885630992,-0.16598450257733505,-0.06779876751817719,0.004153017144207816,0.19812840040583773,0.10328177331219901,0.11292278287519886,0.09739501159219033,-0.05608874903492178,-0.08357142857142857,-0.07554733004094424,1.1150102518582408,-0.00900238114366525,-0.009718451815149631,0.020111759284144215,0.03295599142688943,0.07363761902942567,-0.2517082885630992,-0.16598450257733505,-0.06779876751817719,0.004153017144207816,0.19812840040583773,0.0,0.07363761902942567,-0.05608874903492178,0.0
9,전국민 공공AI,0.45,0.045,0.065,0.18,전국민 공공AI,0.98,0.72,0.0,0.0,0.0,0.0,0.1,0.82,0.2849566528023293,0.25960386042715083,0.12488857395758213,1.018541111295185,0.36714285714285716,0.28860134784486535,2.8581700164708717,0.9733979634596897,0.8843389715638686,0.6460634853480464,0.4064031375035728,1.1638987687561229,0.0,0.0,0.0,0.0,0.0,0.37796588632542005,0.3615966740346852,0.21199715884973946,1.003960997906132,0.2857142857142857,0.22202611279252163,4.007713512273831,0.9649719451870186,0.8752161605205314,0.6455317393520273,0.43511790628191976,1.2740575864430055,-0.1997757592405201,-0.12046604161258749,-0.02029786857903222,0.04713645706242131,0.2213124793039992,0.09300923352309076,0.10199281360753437,0.08710858489215734,-0.014580113389053073,-0.08142857142857146,-0.06657523505234372,1.1495434958029596,-0.008426018272671087,-0.009122811043337231,-0.0005317459960190174,0.028714768778346944,0.11015881768688263,-0.1997757592405201,-0.12046604161258749,-0.02029786857903222,0.04713645706242131,0.2213124793039992,0.02667168,0.08348713768688262,-0.041251793389053076,0.0
9,공공AI+공교육,0.45,0.045,0.065,0.18,공공AI+공교육,0.98,0.82,0.065,0.0,0.0,0.0,0.25,0.86,0.2849566528023293,0.25960386042715083,0.12488857395758213,1.018541111295185,0.36714285714285716,0.28860134784486535,2.8581700164708717,0.9733979634596897,0.8843389715638686,0.6460634853480464,0.4064031375035728,1.1638987687561229,0.0,0.0,0.0,0.0,0.0,0.36565402716174566,0.34833766010547274,0.19847952717818484,1.0780704593683292,0.29285714285714287,0.25164643824068844,4.081655435812621,0.9782770828500498,0.9056918307000731,0.1622213394772276,0.4280311369960043,1.3450317189938996,-0.08706437577458451,-0.03654044457047979,0.04984624138453794,0.10381978870769025,0.25394634587722503,0.08069737435941637,0.0887337996783219,0.07359095322060272,0.05952934807314425,-0.07428571428571429,-0.03695490960417691,1.2234854193417495,0.0048791193903601204,0.02135285913620444,-0.48384214587081875,0.021627999492431493,0.18113295023777676,-0.08706437577458451,-0.03654044457047979,0.04984624138453794,0.10381978870769025,0.25394634587722503,0.04629498,0.13483797023777677,0.013234368073144251,0.0
9,공공AI+돌봄,0.45,0.045,0.065,0.18,공공AI+돌봄,0.98,0.78,0.0,0.075,0.0,0.0,0.1,0.88,0.2849566528023293,0.25960386042715083,0.12488857395758213,1.018541111295185,0.36714285714285716,0.28860134784486535,2.8581700164708717,0.9733979634596897,0.8843389715638686,0.6460634853480464,0.4064031375035728,1.1638987687561229,0.0,0.0,0.0,0.0,0.0,0.3758285089592732,0.3584860601662578,0.2098293273848345,1.017248428609747,0.2857142857142857,0.2262411773963222,4.030402688823446,0.9728574718116889,0.9090915176004432,0.6408719042582117,0.43386840520008174,1.2873781119249088,-0.18367487030398652,-0.10676328608295882,-0.0059149403485282085,0.05961877117810564,0.2303845392271274,0.09087185615694393,0.09888219973910695,0.08494075342725238,-0.0012926826854380291,-0.08142857142857146,-0.06236017044854314,1.1722326723525742,-0.0005404916480007405,0.024752546036574508,-0.00519158108983464,0.02746526769650892,0.12347934316878595,-0.18367487030398652,-0.10676328608295882,-0.0059149403485282085,0.05961877117810564,0.2303845392271274,0.04255218,0.08092716316878595,-0.04384486268543803,0.0
9,공공AI 종합안,0.45,0.045,0.065,0.18,공공AI 종합안,0.98,0.9,0.065,0.075,0.22,0.08,0.35,0.92,0.2849566528023293,0.25960386042715083,0.12488857395758213,1.018541111295185,0.36714285714285716,0.28860134784486535,2.8581700164708717,0.9733979634596897,0.8843389715638686,0.6460634853480464,0.4064031375035728,1.1638987687561229,0.0,0.0,0.0,0.0,0.0,0.36014247063850013,0.3421287295999241,0.19275007040515524,1.1035098670431835,0.2907142857142857,0.2645491021429572,4.098343101481554,0.9861810539930047,0.9400203308465704,0.158958613327989,0.40784337740213444,1.3669990254406468,-0.050182148394759235,-0.008887250828959714,0.07384839504641395,0.1224688648364198,0.2633749785525745,0.07518581783617084,0.08252486917277324,0.06786149644757311,0.08496875574799856,-0.07642857142857146,-0.02405224570190817,1.240173085010682,0.012783090533315056,0.05568135928270179,-0.48710487202005737,0.0014402398985616238,0.20310025668452392,-0.050182148394759235,-0.008887250828959714,0.07384839504641395,0.1224688648364198,0.2633749785525745,0.06642450000000001,0.13667575668452392,0.018544255747998548,0.0
9,공공AI 실패,0.45,0.045,0.065,0.18,공공AI 실패,0.9,0.42,0.018,0.025,0.0,0.0,0.04,0.38,0.2849566528023293,0.25960386042715083,0.12488857395758213,1.018541111295185,0.36714285714285716,0.28860134784486535,2.8581700164708717,0.9733979634596897,0.8843389715638686,0.6460634853480464,0.4064031375035728,1.1638987687561229,0.0,0.0,0.0,0.0,0.0,0.38434553369612356,0.3670850728658375,0.21799095773846855,0.9853265179748127,0.2835714285714286,0.22090514735592667,4.001209129811046,0.9726536719053501,0.8932693686872522,0.47336921135446314,0.4373934397062887,1.2599937657054414,-0.2175534802557135,-0.13929819204247673,-0.04315999865059807,0.024044439818914038,0.21019961696908515,0.09938888089379427,0.10748121243868669,0.09310238378088642,-0.03321459332037224,-0.08357142857142857,-0.06769620048893868,1.143039113340174,-0.0007442915543395268,0.008930397123383504,-0.17269427399358322,0.03099030220271587,0.09609499694931856,-0.2175534802557135,-0.13929819204247673,-0.04315999865059807,0.024044439818914038,0.21019961696908515,0.015324899999999999,0.08077009694931855,-0.048539493320372246,0.0
10,시장·고가AI,0.45,0.045,0.065,0.18,시장·고가AI,0.1,0.3,0.0,0.0,0.0,0.0,0.0,0.65,0.2870502393415665,0.2522465417418143,0.12674408897096856,0.976829355094607,0.3657142857142857,0.29063688764945944,3.5486680491239047,0.97695871429879,0.8910209460077909,0.7148647166779625,0.39351407398791427,1.1186060612444366,0.0,0.0,0.0,0.0,0.0,0.3948054890493474,0.3633209339399523,0.22734503785768279,0.9007134398587534,0.28785714285714287,0.22166801448529277,5.49048504150719,0.967519158919952,0.8812170882182699,0.725713175049989,0.43563276418753377,1.1657382453888243,-0.2602657358720154,-0.1803101746198283,-0.10941702619867186,-0.018039540526248513,0.1624084051968074,0.10775524970778094,0.11107439219813797,0.10060094888671423,-0.07611591523585359,-0.07785714285714285,-0.06896887316416667,1.9418169923832855,-0.009439555378838005,-0.009803857789520976,0.010848458372026526,0.0421186901996195,0.04713218414438769,-0.2602657358720154,-0.1803101746198283,-0.10941702619867186,-0.018039540526248513,0.1624084051968074,0.0,0.04713218414438769,-0.07611591523585359,0.0
10,전국민 공공AI,0.45,0.045,0.065,0.18,전국민 공공AI,0.98,0.72,0.0,0.0,0.0,0.0,0.1,0.82,0.2870502393415665,0.2522465417418143,0.12674408897096856,0.976829355094607,0.3657142857142857,0.29063688764945944,3.5486680491239047,0.97695871429879,0.8910209460077909,0.7148647166779625,0.39351407398791427,1.1186060612444366,0.0,0.0,0.0,0.0,0.0,0.38453831103015323,0.3452040374677497,0.21725663510644522,0.9424601637680714,0.2857142857142857,0.23023209578849246,5.499246013440737,0.9681418825481933,0.8818804855096576,0.7028801536162544,0.4312556775460233,1.2040474643898598,-0.21254261995424092,-0.12777712043043393,-0.0623399142656106,0.03164438762090165,0.191923653113107,0.09748807168858675,0.09295749572593537,0.09051254613547666,-0.0343691913265356,-0.08000000000000002,-0.06040479186096698,1.9505779643168322,-0.008816831750596665,-0.00914046049813333,-0.011984563061708031,0.037741603558109016,0.08544140314542314,-0.21254261995424092,-0.12777712043043393,-0.0623399142656106,0.03164438762090165,0.191923653113107,0.02667168,0.05876972314542314,-0.0610408713265356,0.0
10,공공AI+공교육,0.45,0.045,0.065,0.18,공공AI+공교육,0.98,0.82,0.065,0.0,0.0,0.0,0.25,0.86,0.2870502393415665,0.2522465417418143,0.12674408897096856,0.976829355094607,0.3657142857142857,0.29063688764945944,3.5486680491239047,0.97695871429879,0.8910209460077909,0.7148647166779625,0.39351407398791427,1.1186060612444366,0.0,0.0,0.0,0.0,0.0,0.37209677149302967,0.33120601017064655,0.20385778440805546,1.0153763363476838,0.3028571428571429,0.26070421662260007,5.582246492074738,0.9813158069915228,0.911767278038298,0.19594054079472467,0.4248879344452474,1.2753705512183338,-0.10186482608050727,-0.03808718444633252,0.013055866901841712,0.0920882470905422,0.22832101068254165,0.08504653215146318,0.07895946842883222,0.0771136954370869,0.03854698125307676,-0.06285714285714283,-0.02993267102685937,2.0335784429508332,0.004357092692732767,0.02074633203050713,-0.5189241758832378,0.03137386045733315,0.15676448997389714,-0.10186482608050727,-0.03808718444633252,0.013055866901841712,0.0920882470905422,0.22832101068254165,0.04629498,0.11046950997389714,-0.0077479987469232375,0.0
10,공공AI+돌봄,0.45,0.045,0.065,0.18,공공AI+돌봄,0.98,0.78,0.0,0.075,0.0,0.0,0.1,0.88,0.2870502393415665,0.2522465417418143,0.12674408897096856,0.976829355094607,0.3657142857142857,0.29063688764945944,3.5486680491239047,0.97695871429879,0.8910209460077909,0.7148647166779625,0.39351407398791427,1.1186060612444366,0.0,0.0,0.0,0.0,0.0,0.38210180533633187,0.3444199794845523,0.21487890640139706,0.9551262833152668,0.2907142857142857,0.2337783818136766,5.50315917368024,0.9754073415921704,0.9157524747371215,0.6977536010832792,0.430027698668095,1.2165337183050897,-0.1984071356835902,-0.11268821337620143,-0.047942469878997494,0.04608671026176835,0.2006090632944862,0.09505156599476539,0.09217343774273795,0.0881348174304285,-0.021703071779340166,-0.07500000000000001,-0.056858505835782835,1.9544911245563354,-0.001551372706619647,0.0247315287293306,-0.017111115594683257,0.03651362468018071,0.0979276570606531,-0.1984071356835902,-0.11268821337620143,-0.047942469878997494,0.04608671026176835,0.2006090632944862,0.04255218,0.05537547706065309,-0.06425525177934016,0.0
10,공공AI 종합안,0.45,0.045,0.065,0.18,공공AI 종합안,0.98,0.9,0.065,0.075,0.22,0.08,0.35,0.92,0.2870502393415665,0.2522465417418143,0.12674408897096856,0.976829355094607,0.3657142857142857,0.29063688764945944,3.5486680491239047,0.97695871429879,0.8910209460077909,0.7148647166779625,0.39351407398791427,1.1186060612444366,0.0,0.0,0.0,0.0,0.0,0.36644887118844405,0.3267359153119747,0.19825596161791192,1.0403235100703854,0.30642857142857144,0.2713724943548059,5.57455438272263,0.9885864281768882,0.9461083324062297,0.19292173905450827,0.40588708474402013,1.2975756105025096,-0.06799216514975652,-0.009421351569114323,0.03869848358445903,0.11374678450032882,0.23984343106545367,0.07939863184687757,0.07448937357016039,0.07151187264694336,0.06349415497577837,-0.059285714285714275,-0.019264393294653515,2.025886333598725,0.011627713878098245,0.0550873863984388,-0.5219429776234542,0.012373010756105862,0.17896954925807296,-0.06799216514975652,-0.009421351569114323,0.03869848358445903,0.11374678450032882,0.23984343106545367,0.06642450000000001,0.11254504925807295,-0.0029303450242216394,7.105427357601002e-15
10,공공AI 실패,0.45,0.045,0.065,0.18,공공AI 실패,0.9,0.42,0.018,0.025,0.0,0.0,0.04,0.38,0.2870502393415665,0.2522465417418143,0.12674408897096856,0.976829355094607,0.3657142857142857,0.29063688764945944,3.5486680491239047,0.97695871429879,0.8910209460077909,0.7148647166779625,0.39351407398791427,1.1186060612444366,0.0,0.0,0.0,0.0,0.0,0.39093175595793495,0.3564123275926872,0.22313176829230785,0.9230091551339761,0.2907142857142857,0.22964539178071522,5.516784629676729,0.9755054624367648,0.8996604992537769,0.5251529679760347,0.43387494714562225,1.1881154582741023,-0.22738809780177452,-0.15185453052951542,-0.08409459581839512,0.0037565308436252197,0.17621658675082102,0.10388151661636846,0.10416578585087288,0.09638767932133929,-0.05382019996063092,-0.07500000000000001,-0.06099149586874422,1.9681165805528242,-0.0014532518620251622,0.008639553245985976,-0.18971174870192775,0.04036087315770798,0.06950939702966563,-0.22738809780177452,-0.15185453052951542,-0.08409459581839512,0.0037565308436252197,0.17621658675082102,0.015324899999999999,0.05418449702966563,-0.06914509996063092,0.0
11,시장·고가AI,0.45,0.045,0.065,0.18,시장·고가AI,0.1,0.3,0.0,0.0,0.0,0.0,0.0,0.65,0.2857508117108094,0.25027882815724933,0.12592406810881995,1.0209292381665607,0.3757142857142857,0.4011645870922712,4.85168186407839,0.9705628337223938,0.8864682292323728,0.6224761788271509,0.37135855167592774,1.1680097814358574,0.0,0.0,0.0,0.0,0.0,0.389175242039454,0.3492202180694789,0.22086950709386066,0.9125946568756356,0.3057142857142857,0.30531082095996515,6.412665786694641,0.9606948109737153,0.8757958439091461,0.630207794145478,0.40994932980491045,1.1712988583872233,-0.2754164552301316,-0.20901425828570566,-0.14643356926285608,-0.0377077354995736,0.10768853965439656,0.10342443032864457,0.09894138991222956,0.09494543898504071,-0.1083345812909251,-0.07,-0.09585376613230606,1.5609839226162503,-0.009868022748678484,-0.010672385323226674,0.007731615318327112,0.038590778128982706,0.0032890769513658213,-0.2754164552301316,-0.20901425828570566,-0.14643356926285608,-0.0377077354995736,0.10768853965439656,0.0,0.0032890769513658213,-0.1083345812909251,0.0
11,전국민 공공AI,0.45,0.045,0.065,0.18,전국민 공공AI,0.98,0.72,0.0,0.0,0.0,0.0,0.1,0.82,0.2857508117108094,0.25027882815724933,0.12592406810881995,1.0209292381665607,0.3757142857142857,0.4011645870922712,4.85168186407839,0.9705628337223938,0.8864682292323728,0.6224761788271509,0.37135855167592774,1.1680097814358574,0.0,0.0,0.0,0.0,0.0,0.3790049098249625,0.33718617240501386,0.21122967944430893,0.960500576145495,0.32071428571428573,0.31895116061360673,6.468759300792141,0.9613837674171428,0.8765393754162737,0.6106750539565688,0.4063059655150041,1.2177189621800417,-0.22542394525802986,-0.15156377074082097,-0.08740007842186771,0.013625590119641678,0.14569256771990427,0.09325409811415308,0.08690734424776453,0.08530561133548897,-0.06042866202106567,-0.05499999999999999,-0.08221342647866448,1.6170774367137506,-0.009179066305251005,-0.009928853816099092,-0.011801124870582047,0.03494741383907635,0.04970918074418429,-0.22542394525802986,-0.15156377074082097,-0.08740007842186771,0.013625590119641678,0.14569256771990427,0.02667168,0.02303750074418429,-0.08710034202106567,0.0
11,공공AI+공교육,0.45,0.045,0.065,0.18,공공AI+공교육,0.98,0.82,0.065,0.0,0.0,0.0,0.25,0.86,0.2857508117108094,0.25027882815724933,0.12592406810881995,1.0209292381665607,0.3757142857142857,0.4011645870922712,4.85168186407839,0.9705628337223938,0.8864682292323728,0.6224761788271509,0.37135855167592774,1.1680097814358574,0.0,0.0,0.0,0.0,0.0,0.3668827172992781,0.3232060014921615,0.19841733516298543,1.037489703718062,0.3221428571428571,0.3562865892303501,6.568371392210227,0.9754999174505311,0.9056005512959424,0.16041157594591715,0.40194877012367686,1.2943015726631442,-0.11581615338477064,-0.05744485030229824,-0.008844396156105898,0.07604392401655614,0.1865155686497822,0.08113190558846872,0.07292717333491217,0.07249326705416548,0.016560465551501258,-0.0535714285714286,-0.04487799786192109,1.7166895281318366,0.0049370837281372815,0.01913232206356963,-0.46206460288123374,0.030590218447749118,0.12629179122728673,-0.11581615338477064,-0.05744485030229824,-0.008844396156105898,0.07604392401655614,0.1865155686497822,0.04629498,0.07999681122728673,-0.02973451444849874,0.0
11,공공AI+돌봄,0.45,0.045,0.065,0.18,공공AI+돌봄,0.98,0.78,0.0,0.075,0.0,0.0,0.1,0.88,0.2857508117108094,0.25027882815724933,0.12592406810881995,1.0209292381665607,0.3757142857142857,0.4011645870922712,4.85168186407839,0.9705628337223938,0.8864682292323728,0.6224761788271509,0.37135855167592774,1.1680097814358574,0.0,0.0,0.0,0.0,0.0,0.3767307039404595,0.3344828560190287,0.20904409066711582,0.9754477957187415,0.31785714285714284,0.32392040061017674,6.4942472361450365,0.9702798512689674,0.9104452441355283,0.6066125697942545,0.40535964852722994,1.2332517959711096,-0.20946774491714615,-0.13504925032616188,-0.07030488129995754,0.02923357030080818,0.1577289755353815,0.09097989222965008,0.08420402786177938,0.08312002255829587,-0.045481442447819154,-0.057857142857142885,-0.07724418648209447,1.6425653720666462,-0.0002829824534263947,0.023977014903155514,-0.01586360903289641,0.034001096851302204,0.06524201453525214,-0.20946774491714615,-0.13504925032616188,-0.07030488129995754,0.02923357030080818,0.1577289755353815,0.04255218,0.022689834535252133,-0.08803362244781915,0.0
11,공공AI 종합안,0.45,0.045,0.065,0.18,공공AI 종합안,0.98,0.9,0.065,0.075,0.22,0.08,0.35,0.92,0.2857508117108094,0.25027882815724933,0.12592406810881995,1.0209292381665607,0.3757142857142857,0.4011645870922712,4.85168186407839,0.9705628337223938,0.8864682292323728,0.6224761788271509,0.37135855167592774,1.1680097814358574,0.0,0.0,0.0,0.0,0.0,0.3615007319578645,0.3174552612707459,0.19310598367685694,1.0655798739268267,0.33,0.3702362575691606,6.582125010291773,0.9844438253117923,0.9400771550010043,0.15753284383635213,0.38509412869496223,1.3205945915703579,-0.07989260599099783,-0.026646658699455233,0.019572785146845337,0.09927888026915352,0.20171711509082355,0.07574992024705507,0.06717643311349658,0.06718191556803699,0.044650635760266066,-0.04571428571428571,-0.030928329523110587,1.730443146213383,0.013880991589398484,0.05360892576863152,-0.46494333499079876,0.013735577019034495,0.15258481013450043,-0.07989260599099783,-0.026646658699455233,0.019572785146845337,0.09927888026915352,0.20171711509082355,0.06642450000000001,0.08616031013450041,-0.021773864239733945,-3.552713678800501e-15
11,공공AI 실패,0.45,0.045,0.065,0.18,공공AI 실패,0.9,0.42,0.018,0.025,0.0,0.0,0.04,0.38,0.2857508117108094,0.25027882815724933,0.12592406810881995,1.0209292381665607,0.3757142857142857,0.4011645870922712,4.85168186407839,0.9705628337223938,0.8864682292323728,0.6224761788271509,0.37135855167592774,1.1680097814358574,0.0,0.0,0.0,0.0,0.0,0.3852805113630895,0.3447144824832416,0.21667834479199088,0.9366325511684548,0.3157142857142857,0.31575924924223125,6.450378848459239,0.9693372052964511,0.8938834246148607,0.4506398598358582,0.40873515463500576,1.1957189552224678,-0.24110046614592054,-0.17860822250380523,-0.11962299809387897,-0.015086263258371733,0.12353065696440108,0.09952969965228009,0.09443565432599227,0.09075427668317093,-0.08429668699810589,-0.06,-0.08540533785003995,1.5986969843808483,-0.0012256284259427597,0.007415195382487916,-0.1718363189912927,0.03737660295907802,0.02770917378661042,-0.24110046614592054,-0.17860822250380523,-0.11962299809387897,-0.015086263258371733,0.12353065696440108,0.015324899999999999,0.01238427378661042,-0.09962158699810589,0.0
12,시장·고가AI,0.45,0.045,0.065,0.18,시장·고가AI,0.1,0.3,0.0,0.0,0.0,0.0,0.0,0.65,0.29103438796512515,0.2575585904521546,0.12823993713604687,1.0196842465035036,0.3807142857142857,0.36522523887195496,3.285147458948627,0.9749096447493414,0.8870530631803148,0.6019112225735693,0.4092973566822028,1.1696845152020179,0.0,0.0,0.0,0.0,0.0,0.4075810257918965,0.3776776552279471,0.23876590842758316,0.9433116717262789,0.2914285714285714,0.26956407773342383,5.009861705106419,0.9655446184461353,0.8776601940656265,0.6244133483261064,0.45117380759532655,1.2391873697849762,-0.259948144473337,-0.18586678681761667,-0.12383927385417448,-0.023241244533934655,0.20363766352218882,0.11654663782677133,0.12011906477579248,0.1105259712915363,-0.0763725747772247,-0.0892857142857143,-0.09566116113853113,1.7247142461577925,-0.009365026303206125,-0.009392869114688396,0.022502125752537072,0.04187645091312375,0.06950285458295835,-0.259948144473337,-0.18586678681761667,-0.12383927385417448,-0.023241244533934655,0.20363766352218882,0.0,0.06950285458295835,-0.0763725747772247,0.0
12,전국민 공공AI,0.45,0.045,0.065,0.18,전국민 공공AI,0.98,0.72,0.0,0.0,0.0,0.0,0.1,0.82,0.29103438796512515,0.2575585904521546,0.12823993713604687,1.0196842465035036,0.3807142857142857,0.36522523887195496,3.285147458948627,0.9749096447493414,0.8870530631803148,0.6019112225735693,0.4092973566822028,1.1696845152020179,0.0,0.0,0.0,0.0,0.0,0.39654176634019,0.36428719582294455,0.22735693463135243,0.9877379566691085,0.29714285714285715,0.284704117356062,5.0292950121860525,0.9661728879836438,0.878317831641179,0.6005768896983325,0.44700308124280974,1.2783884317887895,-0.20666896049997915,-0.13440777266107753,-0.0726599275006626,0.024420702728963885,0.23016166004896885,0.10550737837506485,0.10672860537078993,0.09911699749530556,-0.03194628983439518,-0.08357142857142857,-0.08052112151589297,1.7441475532374255,-0.008736756765697629,-0.008735231539135802,-0.0013343328752368766,0.037705724560606946,0.10870391658677159,-0.20666896049997915,-0.13440777266107753,-0.0726599275006626,0.024420702728963885,0.23016166004896885,0.02667168,0.08203223658677158,-0.058617969834395184,0.0
12,공공AI+공교육,0.45,0.045,0.065,0.18,공공AI+공교육,0.98,0.82,0.065,0.0,0.0,0.0,0.25,0.86,0.29103438796512515,0.2575585904521546,0.12823993713604687,1.0196842465035036,0.3807142857142857,0.36522523887195496,3.285147458948627,0.9749096447493414,0.8870530631803148,0.6019112225735693,0.4092973566822028,1.1696845152020179,0.0,0.0,0.0,0.0,0.0,0.38368129311885524,0.34596673785189835,0.21322661841305512,1.0627905935174573,0.30642857142857144,0.3220185489761817,5.106556203359652,0.9795007412595178,0.9079021345816328,0.16087499649345582,0.4405688940603704,1.3508217466302401,-0.0997822823947984,-0.047016891912313744,0.0038188816258504345,0.08571218908288572,0.26429343901285507,0.09264690515373009,0.08840814739974373,0.08498668127700826,0.04310634701395366,-0.07428571428571429,-0.043206689895773254,1.8214087444110252,0.004591096510176418,0.020849071401317976,-0.4410362260801135,0.031271537378167624,0.18113723142822225,-0.0997822823947984,-0.047016891912313744,0.0038188816258504345,0.08571218908288572,0.26429343901285507,0.04629498,0.13484225142822226,-0.0031886329860463386,0.0
12,공공AI+돌봄,0.45,0.045,0.065,0.18,공공AI+돌봄,0.98,0.78,0.0,0.075,0.0,0.0,0.1,0.88,0.29103438796512515,0.2575585904521546,0.12823993713604687,1.0196842465035036,0.3807142857142857,0.36522523887195496,3.285147458948627,0.9749096447493414,0.8870530631803148,0.6019112225735693,0.4092973566822028,1.1696845152020179,0.0,0.0,0.0,0.0,0.0,0.39395723448767594,0.36036274647113803,0.2247842163600524,1.0010539223114272,0.2985714285714286,0.2888010267293717,5.045588910998994,0.9737984322895458,0.9122055384463182,0.5964716554877043,0.4458457878740033,1.2913229367068346,-0.1921037013072605,-0.11836026986030461,-0.0578366727724039,0.038173249136015254,0.23792914582788918,0.10292284652255079,0.1028041560189834,0.09654427922400555,-0.018630324192076442,-0.08214285714285713,-0.07642421214258327,1.760441452050367,-0.0011112124597956186,0.025152475266003393,-0.005439567085865016,0.03654843119180051,0.12163842150481674,-0.1921037013072605,-0.11836026986030461,-0.0578366727724039,0.038173249136015254,0.23792914582788918,0.04255218,0.07908624150481675,-0.061182504192076444,0.0
12,공공AI 종합안,0.45,0.045,0.065,0.18,공공AI 종합안,0.98,0.9,0.065,0.075,0.22,0.08,0.35,0.92,0.29103438796512515,0.2575585904521546,0.12823993713604687,1.0196842465035036,0.3807142857142857,0.36522523887195496,3.285147458948627,0.9749096447493414,0.8870530631803148,0.6019112225735693,0.4092973566822028,1.1696845152020179,0.0,0.0,0.0,0.0,0.0,0.3777373466915601,0.3391292443409807,0.2071878896063406,1.0887510530759408,0.315,0.3359864965137985,5.111514487904223,0.9871456680374318,0.9422662105702141,0.1580973557746438,0.42084204914323353,1.3732775254093144,-0.06603085535906777,-0.016640491659026417,0.029595858813321545,0.10630910119746625,0.27445738349535187,0.08670295872643496,0.08157065388882606,0.07894795247029374,0.06906680657243713,-0.06571428571428573,-0.029238742358156433,1.8263670289555964,0.01223602328809037,0.05521314738989924,-0.44381386679892554,0.011544692461030737,0.20359301020729648,-0.06603085535906777,-0.016640491659026417,0.029595858813321545,0.10630910119746625,0.27445738349535187,0.06642450000000001,0.13716851020729648,0.0026423065724371225,0.0
12,공공AI 실패,0.45,0.045,0.065,0.18,공공AI 실패,0.9,0.42,0.018,0.025,0.0,0.0,0.04,0.38,0.29103438796512515,0.2575585904521546,0.12823993713604687,1.0196842465035036,0.3807142857142857,0.36522523887195496,3.285147458948627,0.9749096447493414,0.8870530631803148,0.6019112225735693,0.4092973566822028,1.1696845152020179,0.0,0.0,0.0,0.0,0.0,0.40360372533697286,0.3712065139446949,0.23431472868232395,0.9662531024901295,0.2935714285714286,0.27931376254275503,5.03806365794914,0.9736870012749657,0.8959864952603012,0.44878127767078946,0.4493441222752803,1.2619455260348604,-0.2279468177599033,-0.15763145878962284,-0.0988332039561142,-0.001341095946522149,0.21664014970440895,0.11256933737184771,0.11364792349254027,0.10607479154627708,-0.05343114401337412,-0.08714285714285713,-0.08591147632919993,1.7529161990005129,-0.0012226434743757286,0.008933432079986314,-0.15312994490277987,0.040046765593077516,0.09226101083284255,-0.2279468177599033,-0.15763145878962284,-0.0988332039561142,-0.001341095946522149,0.21664014970440895,0.015324899999999999,0.07693611083284255,-0.06875604401337412,0.0
13,시장·고가AI,0.45,0.045,0.065,0.18,시장·고가AI,0.1,0.3,0.0,0.0,0.0,0.0,0.0,0.65,0.28720826128520416,0.2543890547544833,0.12711846788560177,1.0191545818499717,0.385,0.3460628496958757,5.771100932413641,0.9730020485718355,0.8910745475520743,0.7408772334183982,0.4034083145809119,1.1675749163592146,0.0,0.0,0.0,0.0,0.0,0.38307705900336375,0.35173570392062603,0.21681351136111593,0.9146488738462301,0.2957142857142857,0.25250450601239177,7.926472160077849,0.9632061370598475,0.8807707971314488,0.7300945280130441,0.4382732789832549,1.16785578800755,-0.27583481272701693,-0.20915126065481818,-0.1181494278195946,-0.046305012780946696,0.10849814358518876,0.09586879771815959,0.09734664916614272,0.08969504347551416,-0.1045057080037416,-0.0892857142857143,-0.09355834368348392,2.155371227664208,-0.009795911511987998,-0.01030375042062548,-0.010782705405354087,0.03486496440234299,0.0002808716483353457,-0.27583481272701693,-0.20915126065481818,-0.1181494278195946,-0.046305012780946696,0.10849814358518876,0.0,0.0002808716483353457,-0.1045057080037416,0.0
13,전국민 공공AI,0.45,0.045,0.065,0.18,전국민 공공AI,0.98,0.72,0.0,0.0,0.0,0.0,0.1,0.82,0.28720826128520416,0.2543890547544833,0.12711846788560177,1.0191545818499717,0.385,0.3460628496958757,5.771100932413641,0.9730020485718355,0.8910745475520743,0.7408772334183982,0.4034083145809119,1.1675749163592146,0.0,0.0,0.0,0.0,0.0,0.37456639909559963,0.347741760761241,0.20847201932302073,0.9636044498630914,0.29428571428571426,0.2662690620470374,7.927424104422596,0.9639068035283724,0.8814838177812591,0.7064682362223111,0.4355485983963611,1.2173978348041952,-0.22191471824820472,-0.15227023598273276,-0.06636692760264899,0.010589804995721033,0.14972291389234654,0.08735813781039548,0.09335270600675771,0.08135355143741896,-0.0555501319868803,-0.09071428571428575,-0.07979378764883832,2.156323172008955,-0.00909524504346304,-0.00959072977081521,-0.03440899719608703,0.0321402838154492,0.049822918444980546,-0.22191471824820472,-0.15227023598273276,-0.06636692760264899,0.010589804995721033,0.14972291389234654,0.02667168,0.023151238444980547,-0.0822218119868803,0.0
13,공공AI+공교육,0.45,0.045,0.065,0.18,공공AI+공교육,0.98,0.82,0.065,0.0,0.0,0.0,0.25,0.86,0.28720826128520416,0.2543890547544833,0.12711846788560177,1.0191545818499717,0.385,0.3460628496958757,5.771100932413641,0.9730020485718355,0.8910745475520743,0.7408772334183982,0.4034083145809119,1.1675749163592146,0.0,0.0,0.0,0.0,0.0,0.36266368340914656,0.33421708756359503,0.19510865357610352,1.0406663613063836,0.31285714285714283,0.3052622015470242,7.9585623792236975,0.9777927828498767,0.9105388951953501,0.2273232203846154,0.43061249876984886,1.2929277546963662,-0.10228169271125781,-0.06109146886752059,0.006545040843590044,0.07219354531159863,0.1890735639425365,0.0754554221239424,0.07982803280911172,0.06799018569050175,0.021511779456411917,-0.07214285714285718,-0.04080064814885148,2.1874614468100564,0.00479073427804122,0.01946434764327587,-0.5135540130337828,0.027204184188936942,0.1253528383371516,-0.10228169271125781,-0.06109146886752059,0.006545040843590044,0.07219354531159863,0.1890735639425365,0.04629498,0.0790578583371516,-0.024783200543588083,0.0
13,공공AI+돌봄,0.45,0.045,0.065,0.18,공공AI+돌봄,0.98,0.78,0.0,0.075,0.0,0.0,0.1,0.88,0.28720826128520416,0.2543890547544833,0.12711846788560177,1.0191545818499717,0.385,0.3460628496958757,5.771100932413641,0.9730020485718355,0.8910745475520743,0.7408772334183982,0.4034083145809119,1.1675749163592146,0.0,0.0,0.0,0.0,0.0,0.3724012607034969,0.34383998012684214,0.20640862148260763,0.9788061064749911,0.3007142857142857,0.27069061137064854,7.927547711922795,0.9724187130753915,0.915374303213239,0.7018322984761851,0.43475939056466056,1.2333880293705075,-0.2054039750022078,-0.13547818164158368,-0.0494184079835521,0.027240498179886774,0.16108431149436273,0.08519299941829273,0.08945092537235882,0.07929015359700586,-0.04034847537498054,-0.0842857142857143,-0.07537223832522716,2.156446779509154,-0.0005833354964439597,0.024299755661164713,-0.03904493494221306,0.031351075983748644,0.06581311301129289,-0.2054039750022078,-0.13547818164158368,-0.0494184079835521,0.027240498179886774,0.16108431149436273,0.04255218,0.023260933011292888,-0.08290065537498054,0.0
13,공공AI 종합안,0.45,0.045,0.065,0.18,공공AI 종합안,0.98,0.9,0.065,0.075,0.22,0.08,0.35,0.92,0.28720826128520416,0.2543890547544833,0.12711846788560177,1.0191545818499717,0.385,0.3460628496958757,5.771100932413641,0.9730020485718355,0.8910745475520743,0.7408772334183982,0.4034083145809119,1.1675749163592146,0.0,0.0,0.0,0.0,0.0,0.35785675393114347,0.32847785108190036,0.1902005391899808,1.0696675768437442,0.31857142857142856,0.31963816639848847,7.945919411056842,0.986343201067328,0.9449973764936441,0.223887673643549,0.4129354804976526,1.3209042838504566,-0.06500699250598593,-0.029938016319991403,0.03403925981727821,0.09697482042571763,0.2058033388998414,0.07064849264593931,0.07408879632741705,0.06308207130437904,0.0505129949937726,-0.06642857142857145,-0.02642468329738723,2.1748184786432008,0.013341152495492503,0.053922828941569856,-0.5169895597748492,0.009527165916740687,0.15332936749124193,-0.06500699250598593,-0.029938016319991403,0.03403925981727821,0.09697482042571763,0.2058033388998414,0.06642450000000001,0.08690486749124192,-0.015911505006227414,0.0
13,공공AI 실패,0.45,0.045,0.065,0.18,공공AI 실패,0.9,0.42,0.018,0.025,0.0,0.0,0.04,0.38,0.28720826128520416,0.2543890547544833,0.12711846788560177,1.0191545818499717,0.385,0.3460628496958757,5.771100932413641,0.9730020485718355,0.8910745475520743,0.7408772334183982,0.4034083145809119,1.1675749163592146,0.0,0.0,0.0,0.0,0.0,0.3794191989593677,0.35245239091112734,0.21267622714910683,0.9384506203100449,0.30142857142857143,0.26264849502273496,7.9362318657532045,0.9717093203445354,0.8988939627287904,0.5414239311460606,0.4369001255652885,1.191950062566919,-0.23960921263353052,-0.17997493209574564,-0.09281689554448716,-0.02394817942735571,0.12385680880315734,0.09221093767416355,0.09806333615664403,0.08555775926350506,-0.08070396153992676,-0.08357142857142857,-0.08341435467314073,2.1651309333395634,-0.0012927282273000884,0.007819415176716138,-0.1994533022723376,0.03349181098437659,0.024375146207704423,-0.23960921263353052,-0.17997493209574564,-0.09281689554448716,-0.02394817942735571,0.12385680880315734,0.015324899999999999,0.009050246207704424,-0.09602886153992676,0.0
14,시장·고가AI,0.45,0.045,0.065,0.18,시장·고가AI,0.1,0.3,0.0,0.0,0.0,0.0,0.0,0.65,0.27788464836507565,0.23955808617471436,0.11836855546562208,1.0032780651551065,0.39,0.3442064990705851,3.2981383314386425,0.9740994389937853,0.8891107479856247,0.6232123401587035,0.3716045860003798,1.137978994935888,0.0,0.0,0.0,0.0,0.0,0.3851288415723969,0.3448429193685203,0.2170475974003444,0.929982534890968,0.30642857142857144,0.25059900147116765,4.863679175331508,0.9649410069048281,0.8789996566405321,0.6506910344219068,0.41098728381885163,1.1877893621670037,-0.2615686611022375,-0.17689684809217202,-0.09770674862860923,-0.016908345842869994,0.17376972011211475,0.10724419320732126,0.10528483319380594,0.09867904193472232,-0.07329553026413849,-0.08357142857142857,-0.09360749759941744,1.5655408438928653,-0.009158432088957169,-0.010111091345092582,0.027478694263203263,0.03938269781847181,0.04981036723111565,-0.2615686611022375,-0.17689684809217202,-0.09770674862860923,-0.016908345842869994,0.17376972011211475,0.0,0.04981036723111565,-0.07329553026413849,0.0
14,전국민 공공AI,0.45,0.045,0.065,0.18,전국민 공공AI,0.98,0.72,0.0,0.0,0.0,0.0,0.1,0.82,0.27788464836507565,0.23955808617471436,0.11836855546562208,1.0032780651551065,0.39,0.3442064990705851,3.2981383314386425,0.9740994389937853,0.8891107479856247,0.6232123401587035,0.3716045860003798,1.137978994935888,0.0,0.0,0.0,0.0,0.0,0.3744820375938196,0.3302002138390704,0.20666564818715782,0.9722209302341407,0.31642857142857145,0.2630871805565535,4.885958602122116,0.9655443029521864,0.8796620023528707,0.627925060124544,0.4067773807469334,1.2254869942446411,-0.20992079260563118,-0.12569642858881558,-0.0473785009440692,0.024445490092242173,0.2013256826360048,0.09659738922874395,0.09064212766435603,0.08829709272153574,-0.031057134920965845,-0.07357142857142857,-0.08111931851403159,1.5878202706834736,-0.008555136041598854,-0.009448745632753996,0.0047127199658404395,0.035172794746553604,0.08750799930875308,-0.20992079260563118,-0.12569642858881558,-0.0473785009440692,0.024445490092242173,0.2013256826360048,0.02667168,0.06083631930875308,-0.05772881492096585,0.0
14,공공AI+공교육,0.45,0.045,0.065,0.18,공공AI+공교육,0.98,0.82,0.065,0.0,0.0,0.0,0.25,0.86,0.27788464836507565,0.23955808617471436,0.11836855546562208,1.0032780651551065,0.39,0.3442064990705851,3.2981383314386425,0.9740994389937853,0.8891107479856247,0.6232123401587035,0.3716045860003798,1.137978994935888,0.0,0.0,0.0,0.0,0.0,0.36236353284217837,0.31649447217068366,0.19380466426843523,1.0457912373601628,0.3264285714285714,0.29665295579696643,4.966258982514651,0.9787504548589416,0.9091191340098264,0.1658701898516055,0.40122878382257426,1.2971933612232844,-0.10268237605639624,-0.03570536563220757,0.025074969985195705,0.08396785944864689,0.23685021144236904,0.08447888447710272,0.0769363859959693,0.07543610880281315,0.04251317220505624,-0.06357142857142861,-0.04755354327361866,1.6681206510760083,0.0046510158651563716,0.02000838602420163,-0.457342150307098,0.029624197822194442,0.15921436628739638,-0.10268237605639624,-0.03570536563220757,0.025074969985195705,0.08396785944864689,0.23685021144236904,0.04629498,0.11291938628739638,-0.0037818077949437617,0.0
14,공공AI+돌봄,0.45,0.045,0.065,0.18,공공AI+돌봄,0.98,0.78,0.0,0.075,0.0,0.0,0.1,0.88,0.27788464836507565,0.23955808617471436,0.11836855546562208,1.0032780651551065,0.39,0.3442064990705851,3.2981383314386425,0.9740994389937853,0.8891107479856247,0.6232123401587035,0.3716045860003798,1.137978994935888,0.0,0.0,0.0,0.0,0.0,0.37178195255131563,0.3257908628562983,0.2040335953118475,0.9856217801004812,0.31357142857142856,0.26742440460095207,4.896439514568236,0.9735543489630458,0.913553537700157,0.6236469522936432,0.40565274306530075,1.238270578124001,-0.1934648365961628,-0.10978485750758536,-0.032497610957707715,0.03723615382970761,0.20973469051545485,0.09389730418623998,0.08623277668158397,0.08566503984622542,-0.017656285054625354,-0.07642857142857146,-0.07678209446963302,1.5983011831295935,-0.0005450900307394368,0.024442789714532287,0.00043461213493967144,0.034048157064920925,0.10029158318811304,-0.1934648365961628,-0.10978485750758536,-0.032497610957707715,0.03723615382970761,0.20973469051545485,0.04255218,0.05773940318811304,-0.060208465054625356,0.0
14,공공AI 종합안,0.45,0.045,0.065,0.18,공공AI 종합안,0.98,0.9,0.065,0.075,0.22,0.08,0.35,0.92,0.27788464836507565,0.23955808617471436,0.11836855546562208,1.0032780651551065,0.39,0.3442064990705851,3.2981383314386425,0.9740994389937853,0.8891107479856247,0.6232123401587035,0.3716045860003798,1.137978994935888,0.0,0.0,0.0,0.0,0.0,0.35656409358745655,0.31101821681533903,0.18803870519313448,1.071153107008615,0.32785714285714285,0.3102407825030674,4.972235322535248,0.9867999446782806,0.9435519413800479,0.16271153737081667,0.383534690879104,1.3192169551177946,-0.06690886797953799,-0.006375784313356721,0.04962351219066212,0.10324465831487228,0.24773165325390017,0.0786794452223809,0.07146013064062468,0.0696701497275124,0.06787504185350857,-0.062142857142857166,-0.03396571656751768,1.6740969910966053,0.012700505684495322,0.054441193394423215,-0.46050080278788685,0.011930104878724201,0.18123796018190652,-0.06690886797953799,-0.006375784313356721,0.04962351219066212,0.10324465831487228,0.24773165325390017,0.06642450000000001,0.11481346018190651,0.0014505418535085551,0.0
14,공공AI 실패,0.45,0.045,0.065,0.18,공공AI 실패,0.9,0.42,0.018,0.025,0.0,0.0,0.04,0.38,0.27788464836507565,0.23955808617471436,0.11836855546562208,1.0032780651551065,0.39,0.3442064990705851,3.2981383314386425,0.9740994389937853,0.8891107479856247,0.6232123401587035,0.3716045860003798,1.137978994935888,0.0,0.0,0.0,0.0,0.0,0.381258936608034,0.3413981758834255,0.21287504864916174,0.9528228679188486,0.3107142857142857,0.25981191039567625,4.890756098581907,0.9731812650733205,0.8972964843663983,0.4660483983994854,0.40934810242760183,1.2105103087935976,-0.228692160789162,-0.14782222712728882,-0.07273510821251325,0.003960827256026336,0.18729384643769378,0.10337428824295836,0.10184008970871117,0.09450649318353965,-0.05045519723625791,-0.07928571428571429,-0.08439458867490884,1.5926177671432642,-0.0009181739204647821,0.008185736380773578,-0.1571639417592181,0.03774351642722201,0.0725313138577095,-0.228692160789162,-0.14782222712728882,-0.07273510821251325,0.003960827256026336,0.18729384643769378,0.015324899999999999,0.0572064138577095,-0.06578009723625791,0.0
15,시장·고가AI,0.45,0.045,0.065,0.18,시장·고가AI,0.1,0.3,0.0,0.0,0.0,0.0,0.0,0.65,0.2760972088800725,0.24327475492030126,0.11888505426973539,1.0186663620619794,0.3757142857142857,0.2527468162438106,3.0307427517976815,0.9760467721584793,0.8855477167981944,0.5932540974774799,0.363874647130677,1.1561106380027553,0.0,0.0,0.0,0.0,0.0,0.3756273901951437,0.3586697979693771,0.2106428297075561,0.9703964086695979,0.28785714285714287,0.18684414217116047,4.100225347570908,0.9672017433952802,0.8763235876203085,0.6205028424450751,0.37671419418794827,1.2293502171014445,-0.2576007169556571,-0.1404282305115034,-0.054177932588835714,0.035625534384508974,0.17385681642808465,0.09953018131507119,0.11539504304907583,0.09175777543782071,-0.04826995339238149,-0.08785714285714286,-0.06590267407265016,1.0694825957732266,-0.008845028763199148,-0.009224129177885954,0.027248744967595218,0.01283954705727125,0.07323957909868928,-0.2576007169556571,-0.1404282305115034,-0.054177932588835714,0.035625534384508974,0.17385681642808465,0.0,0.07323957909868928,-0.04826995339238149,0.0
15,전국민 공공AI,0.45,0.045,0.065,0.18,전국민 공공AI,0.98,0.72,0.0,0.0,0.0,0.0,0.1,0.82,0.2760972088800725,0.24327475492030126,0.11888505426973539,1.0186663620619794,0.3757142857142857,0.2527468162438106,3.0307427517976815,0.9760467721584793,0.8855477167981944,0.5932540974774799,0.363874647130677,1.1561106380027553,0.0,0.0,0.0,0.0,0.0,0.365982776122844,0.3429811996759338,0.2012645131329961,1.01028005474962,0.2985714285714286,0.1986438648342398,4.163864812410755,0.9677501562550717,0.8768755333028044,0.5979716398890592,0.37459566363703706,1.2648493416918134,-0.2090270255185994,-0.09431674380051404,-0.011487512592794943,0.07387839053346086,0.19961934505225523,0.08988556724277152,0.09970644475563256,0.0823794588632607,-0.008386307312359342,-0.07714285714285712,-0.05410295140957083,1.1331220606130734,-0.00829661590340769,-0.008672183495390007,0.00471754241157929,0.010721016506360037,0.10873870368905814,-0.2090270255185994,-0.09431674380051404,-0.011487512592794943,0.07387839053346086,0.19961934505225523,0.02667168,0.08206702368905813,-0.035057987312359346,0.0
15,공공AI+공교육,0.45,0.045,0.065,0.18,공공AI+공교육,0.98,0.82,0.065,0.0,0.0,0.0,0.25,0.86,0.2760972088800725,0.24327475492030126,0.11888505426973539,1.0186663620619794,0.3757142857142857,0.2527468162438106,3.0307427517976815,0.9760467721584793,0.8855477167981944,0.5932540974774799,0.363874647130677,1.1561106380027553,0.0,0.0,0.0,0.0,0.0,0.3546881365380027,0.3309801060233031,0.18914126983753798,1.082918163350642,0.2935714285714286,0.22428942520090253,4.244540191941876,0.9804570418322175,0.9068001463356241,0.15155819836201234,0.369192260510999,1.3355201381795208,-0.10359199691377483,-0.010617595370121139,0.059688004503583844,0.12770938087483424,0.23263779079205166,0.07859092765793019,0.08770535110300182,0.0702562155678026,0.06425180128866259,-0.08214285714285713,-0.028457391042908092,1.2137974401441949,0.004410269673738143,0.021252429537429673,-0.4416958991154676,0.005317613380321995,0.1794095001767655,-0.10359199691377483,-0.010617595370121139,0.059688004503583844,0.12770938087483424,0.23263779079205166,0.04629498,0.1331145201767655,0.01795682128866259,0.0
15,공공AI+돌봄,0.45,0.045,0.065,0.18,공공AI+돌봄,0.98,0.78,0.0,0.075,0.0,0.0,0.1,0.88,0.2760972088800725,0.24327475492030126,0.11888505426973539,1.0186663620619794,0.3757142857142857,0.2527468162438106,3.0307427517976815,0.9760467721584793,0.8855477167981944,0.5932540974774799,0.363874647130677,1.1561106380027553,0.0,0.0,0.0,0.0,0.0,0.3640121325511444,0.34057932259122536,0.1992992093263326,1.0224808329066537,0.29428571428571426,0.20188049855886092,4.186479789508458,0.9749266524202773,0.9107338729531359,0.5941441327477034,0.37409879153433445,1.2769824194208579,-0.19371841070536372,-0.0815900615057757,0.0005271903036185537,0.0843737178668058,0.20909546315253671,0.0879149236710719,0.0973045676709241,0.08041415505659721,0.0038144708446743447,-0.08142857142857146,-0.0508663176849497,1.1557370377107765,-0.00112011973820203,0.025186156154941464,0.000890035270223466,0.010224144403657431,0.12087178141810262,-0.19371841070536372,-0.0815900615057757,0.0005271903036185537,0.0843737178668058,0.20909546315253671,0.04255218,0.07831960141810262,-0.03873770915532566,0.0
15,공공AI 종합안,0.45,0.045,0.065,0.18,공공AI 종합안,0.98,0.9,0.065,0.075,0.22,0.08,0.35,0.92,0.2760972088800725,0.24327475492030126,0.11888505426973539,1.0186663620619794,0.3757142857142857,0.2527468162438106,3.0307427517976815,0.9760467721584793,0.8855477167981944,0.5932540974774799,0.363874647130677,1.1561106380027553,0.0,0.0,0.0,0.0,0.0,0.34967825036370737,0.3240978723701465,0.1840540116223518,1.1066588057571034,0.3007142857142857,0.23521747179264757,4.263701648416228,0.9876362505205507,0.9410445968804576,0.14904648117488584,0.35483320846088257,1.3562892906152793,-0.06894163609619434,0.014670570469462487,0.08032436103017054,0.14457993990270304,0.24362230164552195,0.07358104148363487,0.08082311744984522,0.06516895735261641,0.08799244369512405,-0.07500000000000001,-0.017529344451163054,1.232958896618546,0.01158947836207136,0.05549688008226317,-0.4442076163025941,-0.009041438669794455,0.200178652612524,-0.06894163609619434,0.014670570469462487,0.08032436103017054,0.14457993990270304,0.24362230164552195,0.06642450000000001,0.133754152612524,0.021567943695124034,0.0
15,공공AI 실패,0.45,0.045,0.065,0.18,공공AI 실패,0.9,0.42,0.018,0.025,0.0,0.0,0.04,0.38,0.2760972088800725,0.24327475492030126,0.11888505426973539,1.0186663620619794,0.3757142857142857,0.2527468162438106,3.0307427517976815,0.9760467721584793,0.8855477167981944,0.5932540974774799,0.363874647130677,1.1561106380027553,0.0,0.0,0.0,0.0,0.0,0.37200807157402915,0.35290953962718635,0.20670219756249242,0.9929689149265534,0.28785714285714287,0.19392667659471127,4.129327142239458,0.9751799096957373,0.8948502796246636,0.4415574007793085,0.37510423403026205,1.2516975489854265,-0.22505721127119802,-0.1131084263673576,-0.03029291606058921,0.05414233545080228,0.18656520203328433,0.09591086269395666,0.10963478470688509,0.08781714329275703,-0.025697447135425988,-0.08785714285714286,-0.05882013964909935,1.098584390441777,-0.0008668624627420352,0.00930256282646913,-0.15169669669817143,0.011229586899585031,0.09558691098267125,-0.22505721127119802,-0.1131084263673576,-0.03029291606058921,0.05414233545080228,0.18656520203328433,0.015324899999999999,0.08026201098267124,-0.04102234713542599,0.0
16,시장·고가AI,0.45,0.045,0.065,0.18,시장·고가AI,0.1,0.3,0.0,0.0,0.0,0.0,0.0,0.65,0.2757342972651271,0.24046165482465598,0.11730839616535671,0.9912584189737971,0.38571428571428573,0.3024825228158397,2.9524405336800252,0.9768353815255736,0.8885551001230337,0.6329050536528679,0.37570965716467936,1.1229951827654314,0.0,0.0,0.0,0.0,0.0,0.3737637816154641,0.3491610646638309,0.20660261097138988,0.9145944883905563,0.29642857142857143,0.21496980530428045,3.899508524673831,0.9674960880525147,0.8790139645249097,0.6602148471185784,0.4106984480248564,1.1527571189896817,-0.26402157630305556,-0.18170376339369412,-0.09180018007234444,-0.011229580881502315,0.14628269440767894,0.09802948435033698,0.10869940983917492,0.08929421480603317,-0.07666393058324072,-0.0892857142857143,-0.08751271751155926,0.9470679909938058,-0.00933929347305884,-0.009541135598124084,0.027309793465710497,0.03498879086017703,0.029761936224250274,-0.26402157630305556,-0.18170376339369412,-0.09180018007234444,-0.011229580881502315,0.14628269440767894,0.0,0.029761936224250274,-0.07666393058324072,0.0
16,전국민 공공AI,0.45,0.045,0.065,0.18,전국민 공공AI,0.98,0.72,0.0,0.0,0.0,0.0,0.1,0.82,0.2757342972651271,0.24046165482465598,0.11730839616535671,0.9912584189737971,0.38571428571428573,0.3024825228158397,2.9524405336800252,0.9768353815255736,0.8885551001230337,0.6329050536528679,0.37570965716467936,1.1229951827654314,0.0,0.0,0.0,0.0,0.0,0.36321646637826055,0.33975230832565073,0.19637269615146424,0.9569404301808714,0.29428571428571426,0.2278808769554194,3.9317134852763314,0.9681144791998214,0.879655101603975,0.636665613634841,0.4075760016947412,1.1907764029396783,-0.21078919854000705,-0.12999273003912784,-0.04502653903371148,0.034783778861729675,0.17485407323870727,0.08748216911313345,0.09929065350099475,0.07906429998610753,-0.03431798879292569,-0.09142857142857147,-0.07460164586042031,0.9792729515963061,-0.008720902325752178,-0.00889999851905876,0.0037605599819731106,0.03186634453006182,0.06778122017424693,-0.21078919854000705,-0.12999273003912784,-0.04502653903371148,0.034783778861729675,0.17485407323870727,0.02667168,0.04110954017424692,-0.060989668792925694,0.0
16,공공AI+공교육,0.45,0.045,0.065,0.18,공공AI+공교육,0.98,0.82,0.065,0.0,0.0,0.0,0.25,0.86,0.2757342972651271,0.24046165482465598,0.11730839616535671,0.9912584189737971,0.38571428571428573,0.3024825228158397,2.9524405336800252,0.9768353815255736,0.8885551001230337,0.6329050536528679,0.37570965716467936,1.1229951827654314,0.0,0.0,0.0,0.0,0.0,0.35113055279823746,0.32517822874282254,0.18362173579677943,1.0288564545730021,0.29714285714285715,0.261309310343225,3.9974760868636143,0.9811748717651705,0.9095388543868903,0.16010709155187264,0.40168858847649835,1.2602692889884308,-0.10541916289567999,-0.03797401139704632,0.027630757248906887,0.09224293087441358,0.2096592860239011,0.07539625553311036,0.08471657391816656,0.06631333963142272,0.03759803559920505,-0.08857142857142858,-0.041173212472614684,1.045035553183589,0.004339490239596899,0.02098375426385657,-0.47279796210099523,0.025978931311818998,0.1372741062229994,-0.10541916289567999,-0.03797401139704632,0.027630757248906887,0.09224293087441358,0.2096592860239011,0.04629498,0.0909791262229994,-0.008696944400794951,0.0
16,공공AI+돌봄,0.45,0.045,0.065,0.18,공공AI+돌봄,0.98,0.78,0.0,0.075,0.0,0.0,0.1,0.88,0.2757342972651271,0.24046165482465598,0.11730839616535671,0.9912584189737971,0.38571428571428573,0.3024825228158397,2.9524405336800252,0.9768353815255736,0.8885551001230337,0.6329050536528679,0.37570965716467936,1.1229951827654314,0.0,0.0,0.0,0.0,0.0,0.3611965316900806,0.3356827835605561,0.19445002970609904,0.9697577097717991,0.2914285714285714,0.23182071290114895,3.9587817497888746,0.9752601924083277,0.9135460712523287,0.6321881532315785,0.40680643895197693,1.2038455037345328,-0.19603872460662963,-0.11464984863370106,-0.031471591236453135,0.04720091629948381,0.18531419994122814,0.08546223442495349,0.0952211287359001,0.07714163354074233,-0.02150070920199798,-0.0942857142857143,-0.07066180991469076,1.0063412161088494,-0.0015751891172458565,0.024990971129294937,-0.000716900421289357,0.031096781787297578,0.08085032096910139,-0.19603872460662963,-0.11464984863370106,-0.031471591236453135,0.04720091629948381,0.18531419994122814,0.04255218,0.038298140969101384,-0.06405288920199798,0.0
16,공공AI 종합안,0.45,0.045,0.065,0.18,공공AI 종합안,0.98,0.9,0.065,0.075,0.22,0.08,0.35,0.92,0.2757342972651271,0.24046165482465598,0.11730839616535671,0.9912584189737971,0.38571428571428573,0.3024825228158397,2.9524405336800252,0.9768353815255736,0.8885551001230337,0.6329050536528679,0.37570965716467936,1.1229951827654314,0.0,0.0,0.0,0.0,0.0,0.346057607348918,0.3190765101961432,0.17865499660412765,1.053160836961362,0.30214285714285716,0.2739879590388191,4.022678819511157,0.9883309949183157,0.9439282798429359,0.15729937871143063,0.384419539438003,1.2822392936062692,-0.07168751903524424,-0.009864350700602579,0.050432653399635125,0.11189917811482214,0.22209991782537264,0.07032331008379089,0.07861485537148721,0.06134660043877094,0.06190241798756502,-0.08357142857142857,-0.028494563777020587,1.0702382858311315,0.011495613392742077,0.05537317971990219,-0.47560567494143724,0.008709882273323644,0.15924411084083778,-0.07168751903524424,-0.009864350700602579,0.050432653399635125,0.11189917811482214,0.22209991782537264,0.06642450000000001,0.09281961084083777,-0.004522082012434994,0.0
16,공공AI 실패,0.45,0.045,0.065,0.18,공공AI 실패,0.9,0.42,0.018,0.025,0.0,0.0,0.04,0.38,0.2757342972651271,0.24046165482465598,0.11730839616535671,0.9912584189737971,0.38571428571428573,0.3024825228158397,2.9524405336800252,0.9768353815255736,0.8885551001230337,0.6329050536528679,0.37570965716467936,1.1229951827654314,0.0,0.0,0.0,0.0,0.0,0.36988198481916845,0.34325153021238713,0.2024495583990482,0.9369119321705741,0.3,0.22389961666095934,3.9245164681206637,0.975562394821493,0.8974455238134676,0.469203367001525,0.4090963460566282,1.174736898508735,-0.2317149842455647,-0.1519011254974895,-0.06730578806381608,0.009628002057313153,0.15936400811201606,0.09414768755404135,0.10278987538773116,0.0851411622336915,-0.05434648680322296,-0.08571428571428574,-0.07858290615488037,0.9720759344406384,-0.001272986704080603,0.008890423690433913,-0.16370168665134288,0.033386688891948846,0.05174171574330355,-0.2317149842455647,-0.1519011254974895,-0.06730578806381608,0.009628002057313153,0.15936400811201606,0.015324899999999999,0.03641681574330355,-0.06967138680322296,0.0
17,시장·고가AI,0.45,0.045,0.065,0.18,시장·고가AI,0.1,0.3,0.0,0.0,0.0,0.0,0.0,0.65,0.28819700340185817,0.2525017108153592,0.12739519321818982,1.0121287792198466,0.38571428571428573,0.3449788017293258,4.050221533073513,0.9742064992704276,0.8882015448253828,0.6768484952870382,0.38658801336235404,1.159893655585745,0.0,0.0,0.0,0.0,0.0,0.38929930803782986,0.36092749830372584,0.22177612337743235,0.9284658271532175,0.28785714285714287,0.2605069837945519,6.081217302674005,0.9646079984623888,0.8781598319107689,0.6849007886438716,0.41885742227807704,1.193057492893547,-0.25763603179511724,-0.19405001471426564,-0.10965515282454098,-0.0028413041989373707,0.13279491259282636,0.1011023046359717,0.10842578748836662,0.09438093015924254,-0.0836629520666291,-0.09785714285714286,-0.08447181793477393,2.0309957696004917,-0.009598500808038812,-0.010041712914613976,0.00805229335683344,0.032269408915723,0.03316383730780181,-0.25763603179511724,-0.19405001471426564,-0.10965515282454098,-0.0028413041989373707,0.13279491259282636,0.0,0.03316383730780181,-0.0836629520666291,0.0
17,전국민 공공AI,0.45,0.045,0.065,0.18,전국민 공공AI,0.98,0.72,0.0,0.0,0.0,0.0,0.1,0.82,0.28819700340185817,0.2525017108153592,0.12739519321818982,1.0121287792198466,0.38571428571428573,0.3449788017293258,4.050221533073513,0.9742064992704276,0.8882015448253828,0.6768484952870382,0.38658801336235404,1.159893655585745,0.0,0.0,0.0,0.0,0.0,0.3802405797380023,0.35176750970320614,0.2128854786907881,0.9755715004864638,0.2914285714285714,0.27295316507820705,6.112531275737402,0.9652720646942774,0.8788174819992738,0.6628117358381578,0.41510304933173237,1.239427648804891,-0.2060476294235897,-0.13991036093727768,-0.056105036866130345,0.04406301371509107,0.17406181189449993,0.09204357633614413,0.09926579888784692,0.08549028547259829,-0.03655727873338277,-0.0942857142857143,-0.07202563665111877,2.0623097426638894,-0.008934434576150174,-0.00938406282610904,-0.014036759448880387,0.028515035969378322,0.0795339932191459,-0.2060476294235897,-0.13991036093727768,-0.056105036866130345,0.04406301371509107,0.17406181189449993,0.02667168,0.05286231321914589,-0.06322895873338277,0.0
17,공공AI+공교육,0.45,0.045,0.065,0.18,공공AI+공교육,0.98,0.82,0.065,0.0,0.0,0.0,0.25,0.86,0.28819700340185817,0.2525017108153592,0.12739519321818982,1.0121287792198466,0.38571428571428573,0.3449788017293258,4.050221533073513,0.9742064992704276,0.8882015448253828,0.6768484952870382,0.38658801336235404,1.159893655585745,0.0,0.0,0.0,0.0,0.0,0.36833952764895406,0.34004943607588844,0.2002284949424865,1.0521265970350344,0.29285714285714287,0.30661884824996094,6.171445269871257,0.9788605072562218,0.908442755039776,0.19698894700205882,0.4094803936265886,1.3155339873722727,-0.09664899618519211,-0.0480076629017732,0.020031569776377305,0.10539322023110716,0.2130200265760066,0.08014252424709589,0.08754772526052923,0.0728333017242967,0.03999781781518785,-0.09285714285714286,-0.03835995347936488,2.1212237367977442,0.004654007985794184,0.02024121021439318,-0.47985954828497934,0.02289238026423457,0.15564033178652759,-0.09664899618519211,-0.0480076629017732,0.020031569776377305,0.10539322023110716,0.2130200265760066,0.04629498,0.10934535178652759,-0.006297162184812147,0.0
17,공공AI+돌봄,0.45,0.045,0.065,0.18,공공AI+돌봄,0.98,0.78,0.0,0.075,0.0,0.0,0.1,0.88,0.28819700340185817,0.2525017108153592,0.12739519321818982,1.0121287792198466,0.38571428571428573,0.3449788017293258,4.050221533073513,0.9742064992704276,0.8882015448253828,0.6768484952870382,0.38658801336235404,1.159893655585745,0.0,0.0,0.0,0.0,0.0,0.3782020627683046,0.3514982715515022,0.2109011914724762,0.9894976840162933,0.2907142857142857,0.2767323310554739,6.125607792427697,0.9731927011712628,0.912703627655025,0.6587025309559933,0.4142911948200131,1.2539591662325766,-0.1911413698160341,-0.123595317821114,-0.04205131367429603,0.05924147244579457,0.18447818154183646,0.09000505936644643,0.09899656073614299,0.0835059982542864,-0.02263109520355322,-0.09500000000000003,-0.06824647067385192,2.0753862593541843,-0.0010137980991647977,0.02450208282964217,-0.018145964331044873,0.027703181457659043,0.09406551064683155,-0.1911413698160341,-0.123595317821114,-0.04205131367429603,0.05924147244579457,0.18447818154183646,0.04255218,0.05151333064683155,-0.06518327520355321,0.0
17,공공AI 종합안,0.45,0.045,0.065,0.18,공공AI 종합안,0.98,0.9,0.065,0.075,0.22,0.08,0.35,0.92,0.28819700340185817,0.2525017108153592,0.12739519321818982,1.0121287792198466,0.38571428571428573,0.3449788017293258,4.050221533073513,0.9742064992704276,0.8882015448253828,0.6768484952870382,0.38658801336235404,1.159893655585745,0.0,0.0,0.0,0.0,0.0,0.36319602372980686,0.3360820504119538,0.19509406829941267,1.0798028211466517,0.29642857142857143,0.31904276473084414,6.1687352596884155,0.9868128862409928,0.9428916509814491,0.19416841971272814,0.3924832833182547,1.3415267283038508,-0.06123940964055724,-0.01683935819857994,0.04537047973735523,0.12812803386876329,0.22819343669483394,0.0749990203279487,0.08358033959659461,0.06769887508122285,0.06767404192680515,-0.0892857142857143,-0.025936036998481682,2.1185137266149026,0.012606386970565264,0.05469010615606629,-0.48268007557431003,0.005895269955900673,0.1816330727181057,-0.06123940964055724,-0.01683935819857994,0.04537047973735523,0.12812803386876329,0.22819343669483394,0.06642450000000001,0.11520857271810568,0.0012495419268051394,0.0
17,공공AI 실패,0.45,0.045,0.065,0.18,공공AI 실패,0.9,0.42,0.018,0.025,0.0,0.0,0.04,0.38,0.28819700340185817,0.2525017108153592,0.12739519321818982,1.0121287792198466,0.38571428571428573,0.3449788017293258,4.050221533073513,0.9742064992704276,0.8882015448253828,0.6768484952870382,0.38658801336235404,1.159893655585745,0.0,0.0,0.0,0.0,0.0,0.3855171434043593,0.3591424288219072,0.2177135682417829,0.952658121680257,0.29,0.2697181283011284,6.10168513809688,0.9730160123190077,0.896521246844321,0.5007534617636072,0.41719628775624984,1.2177868399674572,-0.22351476710024723,-0.16460219832163722,-0.08286545241821519,0.01919059562091404,0.14901685367692583,0.09732014000250111,0.10664071800654801,0.09031837502359308,-0.05947065753958958,-0.09571428571428575,-0.07526067342819742,2.0514636050233674,-0.001190486951419878,0.008319702018938169,-0.17609503352343092,0.030608274393895796,0.05789318438171209,-0.22351476710024723,-0.16460219832163722,-0.08286545241821519,0.01919059562091404,0.14901685367692583,0.015324899999999999,0.04256828438171209,-0.07479555753958958,0.0
18,시장·고가AI,0.45,0.045,0.065,0.18,시장·고가AI,0.1,0.3,0.0,0.0,0.0,0.0,0.0,0.65,0.29104008764967226,0.25885202804762075,0.12988754540876402,1.0010200177276318,0.375,0.30273644148700446,3.453493266786324,0.9749864846606487,0.8877598670670138,0.6719240991425579,0.38691474992069846,1.1504490166134835,0.0,0.0,0.0,0.0,0.0,0.400019380058829,0.3741643102541175,0.23386497689230035,0.9256699056359363,0.2814285714285714,0.21464345552063294,5.0123165169429935,0.9654112097332321,0.8781152183533311,0.681358588696471,0.4304797679120475,1.2082333762541098,-0.2698055689999872,-0.18240431732219342,-0.10823308063737036,-0.009975381178551177,0.17913295240783844,0.10897929240915671,0.11531228220649675,0.10397743148353633,-0.07535011209169551,-0.09357142857142858,-0.08809298596637152,1.5588232501566694,-0.00957527492741661,-0.009644648713682757,0.009434489553913128,0.04356501799134904,0.057784359640626226,-0.2698055689999872,-0.18240431732219342,-0.10823308063737036,-0.009975381178551177,0.17913295240783844,0.0,0.057784359640626226,-0.07535011209169551,0.0
18,전국민 공공AI,0.45,0.045,0.065,0.18,전국민 공공AI,0.98,0.72,0.0,0.0,0.0,0.0,0.1,0.82,0.29104008764967226,0.25885202804762075,0.12988754540876402,1.0010200177276318,0.375,0.30273644148700446,3.453493266786324,0.9749864846606487,0.8877598670670138,0.6719240991425579,0.38691474992069846,1.1504490166134835,0.0,0.0,0.0,0.0,0.0,0.39034909376651394,0.36416638676193275,0.22406528175171236,0.9677120989413289,0.2857142857142857,0.226820278635134,5.0596321259249315,0.966018987103383,0.8786825849027655,0.6596020150483014,0.4260766143433381,1.2471565921499022,-0.22174260227407375,-0.13107962020943803,-0.059887008725845854,0.03398347865892174,0.209524991274073,0.09930900611684168,0.105314358714312,0.09417773634294835,-0.033307918786302904,-0.0892857142857143,-0.07591616285187047,1.6061388591386074,-0.00896749755726578,-0.009077282164248301,-0.012322084094256502,0.039161864422639636,0.09670757553641862,-0.22174260227407375,-0.13107962020943803,-0.059887008725845854,0.03398347865892174,0.209524991274073,0.02667168,0.07003589553641862,-0.05997959878630291,0.0
18,공공AI+공교육,0.45,0.045,0.065,0.18,공공AI+공교육,0.98,0.82,0.065,0.0,0.0,0.0,0.25,0.86,0.29104008764967226,0.25885202804762075,0.12988754540876402,1.0010200177276318,0.375,0.30273644148700446,3.453493266786324,0.9749864846606487,0.8877598670670138,0.6719240991425579,0.38691474992069846,1.1504490166134835,0.0,0.0,0.0,0.0,0.0,0.3777435172734782,0.34664168843439475,0.20987987411874953,1.0436749257627507,0.29285714285714287,0.2626067301594314,5.136390817127991,0.9796532850339931,0.9089296911854198,0.1879263500032704,0.4202208615585354,1.32090664644025,-0.10538226640641497,-0.04198186120570037,0.01815672694308446,0.09112321048880272,0.2467270367805311,0.08670342962380595,0.087789660386774,0.07999232870998552,0.042654908035118844,-0.08214285714285713,-0.04012971132757304,1.6828975503416665,0.004666800373344326,0.021169824118405955,-0.4839977491392875,0.03330611163783692,0.17045762982676638,-0.10538226640641497,-0.04198186120570037,0.01815672694308446,0.09112321048880272,0.2467270367805311,0.04629498,0.12416264982676638,-0.003640071964881156,0.0
18,공공AI+돌봄,0.45,0.045,0.065,0.18,공공AI+돌봄,0.98,0.78,0.0,0.075,0.0,0.0,0.1,0.88,0.29104008764967226,0.25885202804762075,0.12988754540876402,1.0010200177276318,0.375,0.30273644148700446,3.453493266786324,0.9749864846606487,0.8877598670670138,0.6719240991425579,0.38691474992069846,1.1504490166134835,0.0,0.0,0.0,0.0,0.0,0.38853222776766827,0.36128982278019944,0.22219333106593508,0.9804430059628991,0.29214285714285715,0.2304493390119433,5.094039291218348,0.9736646296338954,0.9125439433143859,0.6546888778226105,0.42515383109813365,1.2605227560037953,-0.2069100578489584,-0.11638612881602554,-0.04673489348701422,0.04628237907272844,0.2198973989689948,0.097492140117996,0.10243779473257869,0.09230578565717107,-0.0205770117647327,-0.08285714285714285,-0.07228710247506115,1.6405460244320236,-0.0013218550267533047,0.02478407624737211,-0.01723522131994737,0.038239081177435186,0.11007373939031173,-0.2069100578489584,-0.11638612881602554,-0.04673489348701422,0.04628237907272844,0.2198973989689948,0.04255218,0.06752155939031174,-0.0631291917647327,0.0
18,공공AI 종합안,0.45,0.045,0.065,0.18,공공AI 종합안,0.98,0.9,0.065,0.075,0.22,0.08,0.35,0.92,0.29104008764967226,0.25885202804762075,0.12988754540876402,1.0010200177276318,0.375,0.30273644148700446,3.453493266786324,0.9749864846606487,0.8877598670670138,0.6719240991425579,0.38691474992069846,1.1504490166134835,0.0,0.0,0.0,0.0,0.0,0.3725402428288911,0.33985343979647187,0.2044687020451239,1.069065060164901,0.30214285714285716,0.2752268459362595,5.1613091538622475,0.9873106618083172,0.943237135191391,0.18500334698905363,0.4010989461668533,1.3438378388294916,-0.0708047046543024,-0.012688665820132027,0.0426675381189396,0.11089073596490256,0.25876006188854045,0.08150015517921883,0.08100141174885112,0.07458115663635989,0.06804504243726917,-0.07285714285714284,-0.027509595550744947,1.7078158870759235,0.012324177147668425,0.055477268124377144,-0.4869207521535043,0.014184196246154857,0.19338882221600806,-0.0708047046543024,-0.012688665820132027,0.0426675381189396,0.11089073596490256,0.25876006188854045,0.06642450000000001,0.12696432221600806,0.001620542437269154,0.0
18,공공AI 실패,0.45,0.045,0.065,0.18,공공AI 실패,0.9,0.42,0.018,0.025,0.0,0.0,0.04,0.38,0.29104008764967226,0.25885202804762075,0.12988754540876402,1.0010200177276318,0.375,0.30273644148700446,3.453493266786324,0.9749864846606487,0.8877598670670138,0.6719240991425579,0.38691474992069846,1.1504490166134835,0.0,0.0,0.0,0.0,0.0,0.39613484983351854,0.36976816300285714,0.2294578972006679,0.9491708171263328,0.2864285714285714,0.22383655481946083,5.0458944341977965,0.9736586151808423,0.8967177887235942,0.49450193079527943,0.428767373135638,1.231822133635597,-0.23450233165414253,-0.15333523408381958,-0.08248693032389906,0.010954733953216946,0.19343977480437205,0.10509476218384628,0.11091613495523639,0.09957035179190388,-0.05184920060129905,-0.08857142857142858,-0.07889988666754363,1.5924011674114724,-0.0013278694798064539,0.008957921656580381,-0.17742216834727847,0.041852623214939544,0.08137311702211347,-0.23450233165414253,-0.15333523408381958,-0.08248693032389906,0.010954733953216946,0.19343977480437205,0.015324899999999999,0.06604821702211347,-0.06717410060129905,0.0
19,시장·고가AI,0.45,0.045,0.065,0.18,시장·고가AI,0.1,0.3,0.0,0.0,0.0,0.0,0.0,0.65,0.2752236564361993,0.23836888986594088,0.11667022725997667,1.006176836549093,0.395,0.32733114287516724,3.569766050388866,0.973898738163478,0.8879086914995991,0.7011818945877974,0.38651070807850557,1.1390727082910466,0.0,0.0,0.0,0.0,0.0,0.38248204009664877,0.3392964688853218,0.21427107336263518,0.9152846121977,0.32571428571428573,0.24014585396263444,5.534759248048179,0.9642016749916983,0.8778078407734704,0.7080309463332188,0.42680728361480547,1.1648859818802733,-0.2712726958310741,-0.18665874269594063,-0.1289564386897425,-0.05368258751253305,0.16718022183620862,0.10725838366044949,0.1009275790193809,0.09760084610265851,-0.0908922243513931,-0.06928571428571428,-0.0871852889125328,1.9649931976593127,-0.009697063171779763,-0.010100850726128652,0.006849051745421386,0.040296575536299895,0.025813273589226693,-0.2712726958310741,-0.18665874269594063,-0.1289564386897425,-0.05368258751253305,0.16718022183620862,0.0,0.025813273589226693,-0.0908922243513931,0.0
19,전국민 공공AI,0.45,0.045,0.065,0.18,전국민 공공AI,0.98,0.72,0.0,0.0,0.0,0.0,0.1,0.82,0.2752236564361993,0.23836888986594088,0.11667022725997667,1.006176836549093,0.395,0.32733114287516724,3.569766050388866,0.973898738163478,0.8879086914995991,0.7011818945877974,0.38651070807850557,1.1390727082910466,0.0,0.0,0.0,0.0,0.0,0.3723560475727924,0.3307282230404522,0.20440987589503634,0.9598868867378395,0.3242857142857143,0.25074812155180126,5.590745235505396,0.9648488644700249,0.8784659809626583,0.6883768379253702,0.42300196450538113,1.2065093037922123,-0.22036309694180686,-0.13039124984421996,-0.0794876159285588,-0.004820605731929546,0.19957423912279795,0.09713239113659311,0.09235933317451131,0.08773964863505967,-0.04628994981125356,-0.07071428571428573,-0.07658302132336597,2.0209791851165297,-0.009049873693453114,-0.00944271053694079,-0.012805056662427261,0.03649125642687556,0.06743659550116576,-0.22036309694180686,-0.13039124984421996,-0.0794876159285588,-0.004820605731929546,0.19957423912279795,0.02667168,0.04076491550116576,-0.07296162981125356,0.0
19,공공AI+공교육,0.45,0.045,0.065,0.18,공공AI+공교육,0.98,0.82,0.065,0.0,0.0,0.0,0.25,0.86,0.2752236564361993,0.23836888986594088,0.11667022725997667,1.006176836549093,0.395,0.32733114287516724,3.569766050388866,0.973898738163478,0.8879086914995991,0.7011818945877974,0.38651070807850557,1.1390727082910466,0.0,0.0,0.0,0.0,0.0,0.35994458635669857,0.31762557002838804,0.1914614191714762,1.0355086278717975,0.33285714285714285,0.2839981717634252,5.691619824488651,0.9784950612907518,0.9078289050748349,0.2039495849521159,0.4168021340892898,1.280716409117662,-0.11036387412040383,-0.03542528712647533,-0.004305702416125699,0.056566652204182576,0.23720269052869236,0.08472092992049929,0.07925668016244716,0.07479119191149952,0.02933179132270447,-0.062142857142857166,-0.04333297111174206,2.121853774099785,0.00459632312727376,0.01992021357523588,-0.49723230963568155,0.030291426010784217,0.14164370082661537,-0.11036387412040383,-0.03542528712647533,-0.004305702416125699,0.056566652204182576,0.23720269052869236,0.04629498,0.09534872082661537,-0.01696318867729553,0.0
19,공공AI+돌봄,0.45,0.045,0.065,0.18,공공AI+돌봄,0.98,0.78,0.0,0.075,0.0,0.0,0.1,0.88,0.2752236564361993,0.23836888986594088,0.11667022725997667,1.006176836549093,0.395,0.32733114287516724,3.569766050388866,0.973898738163478,0.8879086914995991,0.7011818945877974,0.38651070807850557,1.1390727082910466,0.0,0.0,0.0,0.0,0.0,0.3702314661817028,0.3311571635403672,0.20229468106415716,0.9730520592423236,0.32142857142857145,0.2546586565387854,5.610027525336161,0.9728349515713913,0.9123380976732505,0.6838348502467311,0.42195529367373746,1.2198139289586252,-0.20374152172046875,-0.11623184616291629,-0.06576287511291407,0.009194198036209666,0.20916438261552053,0.09500780974550349,0.09278827367442635,0.08562445380418049,-0.03312477730676944,-0.07357142857142857,-0.07267248633638185,2.040261474947295,-0.001063786592086724,0.024429406173651413,-0.017347044341066375,0.03544458559523189,0.0807412206675786,-0.20374152172046875,-0.11623184616291629,-0.06576287511291407,0.009194198036209666,0.20916438261552053,0.04255218,0.038189040667578604,-0.07567695730676943,0.0
19,공공AI 종합안,0.45,0.045,0.065,0.18,공공AI 종합안,0.98,0.9,0.065,0.075,0.22,0.08,0.35,0.92,0.2752236564361993,0.23836888986594088,0.11667022725997667,1.006176836549093,0.395,0.32733114287516724,3.569766050388866,0.973898738163478,0.8879086914995991,0.7011818945877974,0.38651070807850557,1.1390727082910466,0.0,0.0,0.0,0.0,0.0,0.3545771656214798,0.31000752356582423,0.1861387185307406,1.0614728123760686,0.345,0.29575063186811,5.702704530048929,0.9865087577696243,0.9422077944855666,0.20128483636429106,0.398968468689139,1.304242917736297,-0.07407634906347657,-0.006263397914116108,0.020104226615716824,0.07822366698710508,0.24950960981336487,0.0793535091852805,0.07163863369988335,0.06946849127076393,0.05529597582697554,-0.050000000000000044,-0.03158051100705722,2.132938479660063,0.012610019606146272,0.05429910298596752,-0.4998970582235064,0.012457760610633417,0.16517020944525052,-0.07407634906347657,-0.006263397914116108,0.020104226615716824,0.07822366698710508,0.24950960981336487,0.06642450000000001,0.0987457094452505,-0.01112852417302447,-7.105427357601002e-15
19,공공AI 실패,0.45,0.045,0.065,0.18,공공AI 실패,0.9,0.42,0.018,0.025,0.0,0.0,0.04,0.38,0.2752236564361993,0.23836888986594088,0.11667022725997667,1.006176836549093,0.395,0.32733114287516724,3.569766050388866,0.973898738163478,0.8879086914995991,0.7011818945877974,0.38651070807850557,1.1390727082910466,0.0,0.0,0.0,0.0,0.0,0.3785437490083743,0.33435678072184316,0.21009256063270987,0.9387460549023725,0.3221428571428571,0.2487565042350356,5.5717206215834425,0.9725417593395744,0.8960758831375076,0.5170273419540934,0.4251278428393914,1.1884253877318853,-0.23771080895841581,-0.15549877256190064,-0.10343404592430668,-0.031840573369935815,0.18164361830907413,0.103320092572175,0.09598789085590229,0.0934223333727332,-0.06743078164672056,-0.0728571428571429,-0.07857463864013164,2.0019545711945765,-0.0013569788239036207,0.008167191637908577,-0.18415455263370406,0.03861713476088585,0.049352679440838765,-0.23771080895841581,-0.15549877256190064,-0.10343404592430668,-0.031840573369935815,0.18164361830907413,0.015324899999999999,0.03402777944083876,-0.08275568164672056,0.0
20,시장·고가AI,0.45,0.045,0.065,0.18,시장·고가AI,0.1,0.3,0.0,0.0,0.0,0.0,0.0,0.65,0.2787609372884816,0.24108728972057775,0.12107630748108167,0.9607955786168811,0.3964285714285714,0.2770999435454881,3.830004176620968,0.975349604988461,0.8886756354317596,0.7326610750008224,0.3682449716562784,1.0931501639958359,0.0,0.0,0.0,0.0,0.0,0.3732235476701934,0.3304301539426571,0.20788159387975857,0.8792202229205247,0.325,0.1995311734147793,5.367194492774657,0.9658619753804818,0.8788187837742227,0.7235921552777919,0.4004963741836149,1.109960602010126,-0.25730552374385623,-0.14618701256360414,-0.12325376721951566,-0.04203013226641628,0.12514511251470292,0.09446261038171178,0.08934286422207938,0.0868052863986769,-0.08157535569635643,-0.0714285714285714,-0.07756877013070881,1.5371903161536893,-0.00948762960797922,-0.009856851657536914,-0.009068919723030588,0.03225140252733649,0.016810438014290163,-0.25730552374385623,-0.14618701256360414,-0.12325376721951566,-0.04203013226641628,0.12514511251470292,0.0,0.016810438014290163,-0.08157535569635643,0.0
20,전국민 공공AI,0.45,0.045,0.065,0.18,전국민 공공AI,0.98,0.72,0.0,0.0,0.0,0.0,0.1,0.82,0.2787609372884816,0.24108728972057775,0.12107630748108167,0.9607955786168811,0.3964285714285714,0.2770999435454881,3.830004176620968,0.975349604988461,0.8886756354317596,0.7326610750008224,0.3682449716562784,1.0931501639958359,0.0,0.0,0.0,0.0,0.0,0.36408455410148954,0.31937770614024336,0.19922380822665964,0.9202600506833902,0.33214285714285713,0.2090154155480426,5.460705074823743,0.9664848802242815,0.8794743967308918,0.7050905192608921,0.3977770881845818,1.1492100541169308,-0.20941952202286795,-0.10036912370669258,-0.06845891087923056,0.0037107608819246587,0.15900992025145463,0.08532361681300793,0.07829041641966561,0.07814750074557797,-0.04053552793349091,-0.06428571428571428,-0.06808452799744552,1.6307008982027749,-0.008864724764179543,-0.009201238700867864,-0.02757055573993039,0.029532116528303398,0.05605989012109491,-0.20941952202286795,-0.10036912370669258,-0.06845891087923056,0.0037107608819246587,0.15900992025145463,0.02667168,0.029388210121094913,-0.06720720793349091,0.0
20,공공AI+공교육,0.45,0.045,0.065,0.18,공공AI+공교육,0.98,0.82,0.065,0.0,0.0,0.0,0.25,0.86,0.2787609372884816,0.24108728972057775,0.12107630748108167,0.9607955786168811,0.3964285714285714,0.2770999435454881,3.830004176620968,0.975349604988461,0.8886756354317596,0.7326610750008224,0.3682449716562784,1.0931501639958359,0.0,0.0,0.0,0.0,0.0,0.35243751296692716,0.3047250373091087,0.18682005759686948,0.9927387246916332,0.34,0.23990301818141632,5.516069143347205,0.9798602468187477,0.9092049017392348,0.20921177991093154,0.3925951769026756,1.2208106384890236,-0.09844128005921685,-0.012600513401456393,0.009925420404503872,0.0669356478838951,0.19770994173698672,0.07367657567844554,0.06363774758853097,0.06574375011578781,0.031943146074752016,-0.056428571428571384,-0.03719692536407179,1.6860649667262373,0.00451064183028671,0.020529266307475202,-0.5234492950898909,0.024350205246397194,0.12766047449318774,-0.09844128005921685,-0.012600513401456393,0.009925420404503872,0.0669356478838951,0.19770994173698672,0.04629498,0.08136549449318774,-0.014351833925247984,0.0
20,공공AI+돌봄,0.45,0.045,0.065,0.18,공공AI+돌봄,0.98,0.78,0.0,0.075,0.0,0.0,0.1,0.88,0.2787609372884816,0.24108728972057775,0.12107630748108167,0.9607955786168811,0.3964285714285714,0.2770999435454881,3.830004176620968,0.975349604988461,0.8886756354317596,0.7326610750008224,0.3682449716562784,1.0931501639958359,0.0,0.0,0.0,0.0,0.0,0.3618690957393368,0.3168882437305194,0.19717330543775158,0.9329842865017882,0.33285714285714285,0.21150857935388342,5.480268379460749,0.9740901602576344,0.9133613498753246,0.7012379860803811,0.3970992475512531,1.1621241456233713,-0.19477605387715627,-0.08528859914816024,-0.052994993385041454,0.017054739227341378,0.16913835626816187,0.08310815845085517,0.07580095400994163,0.07609699795666991,-0.027811292115092923,-0.06357142857142856,-0.06559136419160469,1.650264202839781,-0.00125944473082662,0.024685714443564932,-0.03142308892044132,0.02885427589497469,0.06897398162753543,-0.19477605387715627,-0.08528859914816024,-0.052994993385041454,0.017054739227341378,0.16913835626816187,0.04255218,0.026421801627535428,-0.07036347211509292,0.0
20,공공AI 종합안,0.45,0.045,0.065,0.18,공공AI 종합안,0.98,0.9,0.065,0.075,0.22,0.08,0.35,0.92,0.2787609372884816,0.24108728972057775,0.12107630748108167,0.9607955786168811,0.3964285714285714,0.2770999435454881,3.830004176620968,0.975349604988461,0.8886756354317596,0.7326610750008224,0.3682449716562784,1.0931501639958359,0.0,0.0,0.0,0.0,0.0,0.34740684830577007,0.29750766373300586,0.18192225053697497,1.0167034134291637,0.3407142857142857,0.2490498511856337,5.529139132473643,0.9874798045192139,0.9435782013280871,0.20707574082439228,0.3770625269662149,1.242795582811675,-0.06479552353359855,0.014031294788823544,0.03556583602672497,0.08766464293447773,0.21032902805422224,0.06864591101728845,0.05642037401242811,0.0608459430558933,0.055907834812282564,-0.055714285714285716,-0.028050092359854423,1.6991349558526756,0.012130199530752894,0.05490256589632747,-0.5255853341764302,0.008817555309936498,0.14964541881583915,-0.06479552353359855,0.014031294788823544,0.03556583602672497,0.08766464293447773,0.21032902805422224,0.06642450000000001,0.08322091881583914,-0.010516665187717447,-7.105427357601002e-15
20,공공AI 실패,0.45,0.045,0.065,0.18,공공AI 실패,0.9,0.42,0.018,0.025,0.0,0.0,0.04,0.38,0.2787609372884816,0.24108728972057775,0.12107630748108167,0.9607955786168811,0.3964285714285714,0.2770999435454881,3.830004176620968,0.975349604988461,0.8886756354317596,0.7326610750008224,0.3682449716562784,1.0931501639958359,0.0,0.0,0.0,0.0,0.0,0.36946491327989317,0.3260751218169267,0.20390031541791365,0.9017304878740383,0.33,0.20729037655431376,5.391423781548659,0.9741140554208954,0.8972068865881203,0.5285908952839845,0.3989641721152935,1.1326853977431268,-0.2236160057206693,-0.11745688044606235,-0.09617646622755029,-0.01996217439314183,0.13998158929252905,0.09070397599141156,0.08498783209634897,0.08282400793683198,-0.05906509074284283,-0.06642857142857139,-0.06980956699117435,1.5614196049276914,-0.0012355495675656636,0.008531251156360664,-0.20407017971683794,0.030719200459015106,0.039535233747290954,-0.2236160057206693,-0.11745688044606235,-0.09617646622755029,-0.01996217439314183,0.13998158929252905,0.015324899999999999,0.024210333747290955,-0.07438999074284283,0.0
21,시장·고가AI,0.45,0.045,0.065,0.18,시장·고가AI,0.1,0.3,0.0,0.0,0.0,0.0,0.0,0.65,0.27066874646002126,0.2374807694661907,0.11207914629401705,1.0324279711448185,0.39714285714285713,0.3937199795070158,3.1549456238687035,0.9760352463658787,0.8877904512114727,0.5891878170349023,0.34565403447034965,1.1627477458556077,0.0,0.0,0.0,0.0,0.0,0.37305867562478967,0.34226427632705414,0.20394787839753725,0.9456377570464876,0.3157142857142857,0.2885449055973018,4.264621801002576,0.9665287539096756,0.8774757613317528,0.6075448250737819,0.3871119409574844,1.1879093483764696,-0.26413469446849536,-0.17581797135035857,-0.12714295852592136,-0.014560746415738483,0.14261144201406362,0.10238992916476841,0.10478350686086343,0.0918687321035202,-0.08679021409833099,-0.0814285714285714,-0.10517507390971403,1.1096761771338728,-0.009506492456203053,-0.010314689879719952,0.01835700803887963,0.041457906487134766,0.02516160252086186,-0.26413469446849536,-0.17581797135035857,-0.12714295852592136,-0.014560746415738483,0.14261144201406362,0.0,0.02516160252086186,-0.08679021409833099,0.0
21,전국민 공공AI,0.45,0.045,0.065,0.18,전국민 공공AI,0.98,0.72,0.0,0.0,0.0,0.0,0.1,0.82,0.27066874646002126,0.2374807694661907,0.11207914629401705,1.0324279711448185,0.39714285714285713,0.3937199795070158,3.1549456238687035,0.9760352463658787,0.8877904512114727,0.5891878170349023,0.34565403447034965,1.1627477458556077,0.0,0.0,0.0,0.0,0.0,0.3627212198032126,0.3302138129548258,0.19391336312207252,0.991539572567426,0.325,0.3049636816709637,4.337703100209466,0.967173132026602,0.8781626005223281,0.5864452818856984,0.3834537071109874,1.2300657611789478,-0.2103899926726199,-0.12233098501149922,-0.07326943618904329,0.028861721507707844,0.1750801832785566,0.09205247334319133,0.09273304348863512,0.08183421682805547,-0.04088839857739257,-0.07214285714285712,-0.0887562978360521,1.1827574763407624,-0.008862114339276639,-0.009627850689144624,-0.002742535149203862,0.03779967264063777,0.06731801532334014,-0.2103899926726199,-0.12233098501149922,-0.07326943618904329,0.028861721507707844,0.1750801832785566,0.02667168,0.04064633532334014,-0.06756007857739257,0.0
21,공공AI+공교육,0.45,0.045,0.065,0.18,공공AI+공교육,0.98,0.82,0.065,0.0,0.0,0.0,0.25,0.86,0.27066874646002126,0.2374807694661907,0.11207914629401705,1.0324279711448185,0.39714285714285713,0.3937199795070158,3.1549456238687035,0.9760352463658787,0.8877904512114727,0.5891878170349023,0.34565403447034965,1.1627477458556077,0.0,0.0,0.0,0.0,0.0,0.35083899654855155,0.3155091964020913,0.18141037841627328,1.0682293310820254,0.3364285714285714,0.3461314392552149,4.40736012908524,0.9801181805873359,0.9070125796966656,0.14691049169242365,0.37795813053802535,1.3049631987946786,-0.10173460357167846,-0.03253640738482722,0.00048332805265434827,0.09101758588446582,0.2132159227592095,0.08017025008853029,0.07802842693590059,0.06933123212225623,0.0358013599372069,-0.06071428571428572,-0.047588540251800926,1.2524145052165365,0.004082934221457224,0.01922212848519289,-0.44227732534247866,0.0323040960676757,0.1422154529390709,-0.10173460357167846,-0.03253640738482722,0.00048332805265434827,0.09101758588446582,0.2132159227592095,0.04629498,0.0959204729390709,-0.0104936200627931,0.0
21,공공AI+돌봄,0.45,0.045,0.065,0.18,공공AI+돌봄,0.98,0.78,0.0,0.075,0.0,0.0,0.1,0.88,0.27066874646002126,0.2374807694661907,0.11207914629401705,1.0324279711448185,0.39714285714285713,0.3937199795070158,3.1549456238687035,0.9760352463658787,0.8877904512114727,0.5891878170349023,0.34565403447034965,1.1627477458556077,0.0,0.0,0.0,0.0,0.0,0.3601587458990714,0.32608356196604066,0.19147630515720027,1.005361652779004,0.3242857142857143,0.3095916669192821,4.354197247267862,0.9745176379577742,0.912058603920184,0.5817957224563475,0.38249945779752564,1.2434535427863684,-0.194596281078547,-0.10638474413705884,-0.058290741914688686,0.04254486860181654,0.1838971408995979,0.08948999943905012,0.08860279249984995,0.07939715886318321,-0.027066318365814634,-0.07285714285714284,-0.08412831258773373,1.1992516233991588,-0.0015176084081044428,0.0242681527087113,-0.007392094578554831,0.036845423327176,0.08070579693076074,-0.194596281078547,-0.10638474413705884,-0.058290741914688686,0.04254486860181654,0.1838971408995979,0.04255218,0.03815361693076074,-0.06961849836581463,0.0
21,공공AI 종합안,0.45,0.045,0.065,0.18,공공AI 종합안,0.98,0.9,0.065,0.075,0.22,0.08,0.35,0.92,0.27066874646002126,0.2374807694661907,0.11207914629401705,1.0324279711448185,0.39714285714285713,0.3937199795070158,3.1549456238687035,0.9760352463658787,0.8877904512114727,0.5891878170349023,0.34565403447034965,1.1627477458556077,0.0,0.0,0.0,0.0,0.0,0.3451237841375,0.30841647313461523,0.17590783374743812,1.0946397224582447,0.345,0.3606246244554222,4.423750071275957,0.9874785738765104,0.9414544332036892,0.14428591353532094,0.36135124372369104,1.3282976920360232,-0.06558872934071369,-0.004132402602493582,0.02639302586568814,0.1108243370172525,0.22506380269387663,0.07445503767747874,0.07093570366842453,0.06382868745342107,0.062211751313426156,-0.05214285714285716,-0.03309535505159361,1.2688044474072533,0.011443327510631707,0.05366398199221645,-0.44490190349958136,0.015697209253341393,0.16554994618041552,-0.06558872934071369,-0.004132402602493582,0.02639302586568814,0.1108243370172525,0.22506380269387663,0.06642450000000001,0.09912544618041551,-0.004212748686573856,0.0
21,공공AI 실패,0.45,0.045,0.065,0.18,공공AI 실패,0.9,0.42,0.018,0.025,0.0,0.0,0.04,0.38,0.27066874646002126,0.2374807694661907,0.11207914629401705,1.0324279711448185,0.39714285714285713,0.3937199795070158,3.1549456238687035,0.9760352463658787,0.8877904512114727,0.5891878170349023,0.34565403447034965,1.1627477458556077,0.0,0.0,0.0,0.0,0.0,0.3693092249284885,0.33768224196877833,0.19996908087113363,0.9692534443627137,0.32142857142857145,0.29882157819477106,4.290411327431963,0.9745741524132365,0.8955606428628458,0.4318500176507296,0.38557721011226076,1.2115199815253508,-0.231837468935823,-0.1465558429706582,-0.10203644243761407,0.007666256501951882,0.15705134475776678,0.09864047846846724,0.10020147250258762,0.08788993457711658,-0.06317452678210489,-0.07571428571428568,-0.09489840131224475,1.1354657035632596,-0.0014610939526421562,0.0077701916513730485,-0.1573377993841727,0.03992317564191111,0.04877223566974309,-0.231837468935823,-0.1465558429706582,-0.10203644243761407,0.007666256501951882,0.15705134475776678,0.015324899999999999,0.03344733566974309,-0.07849942678210489,0.0
22,시장·고가AI,0.45,0.045,0.065,0.18,시장·고가AI,0.1,0.3,0.0,0.0,0.0,0.0,0.0,0.65,0.2804078566851548,0.24366049498843934,0.12087011758923172,1.0124134216707517,0.40214285714285714,0.24508157325507504,2.92580608243587,0.9753298315877399,0.8848725474094533,0.6631724578938796,0.38178096430255687,1.1516084732491296,0.0,0.0,0.0,0.0,0.0,0.3877180422408344,0.3555967334065486,0.22123365453562127,0.9555532517572917,0.29,0.18263807111806551,4.229723649932533,0.966159004119468,0.8752950257235591,0.6594071248139849,0.41654523522516945,1.2270089190712201,-0.2527196081277586,-0.16739563905661725,-0.07382509063476075,0.020477763819866858,0.18445361443545047,0.10731018555567962,0.11193623841810929,0.10036353694638955,-0.05686016991345999,-0.11214285714285716,-0.06244350213700953,1.3039175674966628,-0.009170827468271914,-0.009577521685894208,-0.003765333079894684,0.03476427092261258,0.07540044582209049,-0.2527196081277586,-0.16739563905661725,-0.07382509063476075,0.020477763819866858,0.18445361443545047,0.0,0.07540044582209049,-0.05686016991345999,0.0
22,전국민 공공AI,0.45,0.045,0.065,0.18,전국민 공공AI,0.98,0.72,0.0,0.0,0.0,0.0,0.1,0.82,0.2804078566851548,0.24366049498843934,0.12087011758923172,1.0124134216707517,0.40214285714285714,0.24508157325507504,2.92580608243587,0.9753298315877399,0.8848725474094533,0.6631724578938796,0.38178096430255687,1.1516084732491296,0.0,0.0,0.0,0.0,0.0,0.3776403005091057,0.34104948111518985,0.21112235428245474,0.9957620642951646,0.2978571428571429,0.18804942324697252,4.260735925022587,0.9667251473876549,0.8758966232354524,0.648123750701909,0.41306903833295056,1.2622515921204003,-0.20372624075856513,-0.11916501633831754,-0.027756067067599678,0.05643056402883968,0.21129701969590617,0.09723244382395091,0.09738898612675051,0.09025223669322302,-0.016651357375587095,-0.10428571428571426,-0.05703215000810252,1.334929842586717,-0.008604684200084978,-0.008975924174000949,-0.0150487071919706,0.03128807403039369,0.11064311887127065,-0.20372624075856513,-0.11916501633831754,-0.027756067067599678,0.05643056402883968,0.21129701969590617,0.02667168,0.08397143887127065,-0.0433230373755871,0.0
22,공공AI+공교육,0.45,0.045,0.065,0.18,공공AI+공교육,0.98,0.82,0.065,0.0,0.0,0.0,0.25,0.86,0.2804078566851548,0.24366049498843934,0.12087011758923172,1.0124134216707517,0.40214285714285714,0.24508157325507504,2.92580608243587,0.9753298315877399,0.8848725474094533,0.6631724578938796,0.38178096430255687,1.1516084732491296,0.0,0.0,0.0,0.0,0.0,0.36532807949708546,0.3251741525849115,0.1976941958695606,1.0695446341875667,0.30142857142857143,0.2234859571307857,4.341876376411372,0.979888137469197,0.906340206530682,0.17007714074564007,0.4066898839091872,1.333088491546896,-0.09427534951062605,-0.026798833694053288,0.03888113513076024,0.11091943472858153,0.24575349076425154,0.08492022281193068,0.08151365759647217,0.07682407828032889,0.05713121251681508,-0.1007142857142857,-0.02159561612428934,1.4160702939755025,0.004558305881457114,0.02146765912122872,-0.4930953171482395,0.02490891960663033,0.18148001829776628,-0.09427534951062605,-0.026798833694053288,0.03888113513076024,0.11091943472858153,0.24575349076425154,0.04629498,0.1351850382977663,0.010836232516815078,0.0
22,공공AI+돌봄,0.45,0.045,0.065,0.18,공공AI+돌봄,0.98,0.78,0.0,0.075,0.0,0.0,0.1,0.88,0.2804078566851548,0.24366049498843934,0.12087011758923172,1.0124134216707517,0.40214285714285714,0.24508157325507504,2.92580608243587,0.9753298315877399,0.8848725474094533,0.6631724578938796,0.38178096430255687,1.1516084732491296,0.0,0.0,0.0,0.0,0.0,0.37563616615641093,0.3367854914703381,0.2090938395529658,1.0079193483477074,0.2978571428571429,0.19050638342569468,4.289767784986311,0.9740708435901826,0.9097651168472085,0.644452034923305,0.41218259048314193,1.2743855070973444,-0.18901959182054212,-0.10536416553132735,-0.01478416319184958,0.06698302973090182,0.219940630847009,0.09522830947125616,0.09312499648189876,0.08822372196373407,-0.004494073323044301,-0.10428571428571426,-0.054575189829380366,1.3639617025504411,-0.0012589879975573037,0.024892569437755196,-0.018720422970574524,0.030401626180585062,0.12277703384821481,-0.18901959182054212,-0.10536416553132735,-0.01478416319184958,0.06698302973090182,0.219940630847009,0.04255218,0.08022485384821482,-0.0470462533230443,0.0
22,공공AI 종합안,0.45,0.045,0.065,0.18,공공AI 종합안,0.98,0.9,0.065,0.075,0.22,0.08,0.35,0.92,0.2804078566851548,0.24366049498843934,0.12087011758923172,1.0124134216707517,0.40214285714285714,0.24508157325507504,2.92580608243587,0.9753298315877399,0.8848725474094533,0.6631724578938796,0.38178096430255687,1.1516084732491296,0.0,0.0,0.0,0.0,0.0,0.3601824281745798,0.3211012186308479,0.1924261704155218,1.0932014927799694,0.31357142857142856,0.23314551175613982,4.363213364657391,0.9872526155771538,0.9406327810580177,0.16784582703642426,0.3887305484487118,1.3536861308921506,-0.06060144343327613,0.001609799793017565,0.05946177130580997,0.1265578042316679,0.2568397366201499,0.07977457148942502,0.07744072364240856,0.07155605282629007,0.08078807110921771,-0.08857142857142858,-0.011936061498935224,1.4374072822215216,0.011922783989413932,0.05576023364856442,-0.4953266308574553,0.00694958414615493,0.202077657643021,-0.06060144343327613,0.001609799793017565,0.05946177130580997,0.1265578042316679,0.2568397366201499,0.06642450000000001,0.135653157643021,0.014363571109217696,0.0
22,공공AI 실패,0.45,0.045,0.065,0.18,공공AI 실패,0.9,0.42,0.018,0.025,0.0,0.0,0.04,0.38,0.2804078566851548,0.24366049498843934,0.12087011758923172,1.0124134216707517,0.40214285714285714,0.24508157325507504,2.92580608243587,0.9753298315877399,0.8848725474094533,0.6631724578938796,0.38178096430255687,1.1516084732491296,0.0,0.0,0.0,0.0,0.0,0.383845924626678,0.35083744375840575,0.2169747470544573,0.9783660557149984,0.29214285714285715,0.1926131183430444,4.260979401701801,0.9742696725514651,0.8939607487828224,0.4715087755409512,0.41480767965546944,1.2494693524054723,-0.21976125330577406,-0.1375623768189528,-0.05114260339096445,0.0399766146620072,0.1974476400502944,0.10343806794152322,0.10717694876996642,0.09610462946522558,-0.034047365955753306,-0.10999999999999999,-0.05246845491203064,1.3351733192659307,-0.001060159036274766,0.009088201373369076,-0.19166368235292836,0.03302671535291257,0.09786087915634267,-0.21976125330577406,-0.1375623768189528,-0.05114260339096445,0.0399766146620072,0.1974476400502944,0.015324899999999999,0.08253597915634267,-0.04937226595575331,0.0
23,시장·고가AI,0.45,0.045,0.065,0.18,시장·고가AI,0.1,0.3,0.0,0.0,0.0,0.0,0.0,0.65,0.27712085400106234,0.24385642710671418,0.11887770456156477,1.0085464633073424,0.3964285714285714,0.27584391974246036,3.46815238832565,0.9775362636551309,0.8892632715393783,0.6972713982401919,0.3687475247223205,1.144615757118599,0.0,0.0,0.0,0.0,0.0,0.3810085703538576,0.35587613193357903,0.21438157886014753,0.9468082468564073,0.29285714285714287,0.20162072040447512,5.010761809163878,0.9684303781504361,0.8796782397729781,0.7015756038893906,0.39903608349029684,1.205175720654163,-0.2546824463924305,-0.15662239059776611,-0.09739781623620947,0.009397318754022523,0.1834611335335216,0.10388771635279526,0.11201970482686485,0.09550387429858276,-0.061738216450935135,-0.10357142857142854,-0.07422319933798524,1.5426094208382275,-0.009105885504694822,-0.009585031766400243,0.004304205649198645,0.03028855876797637,0.06055996353556381,-0.2546824463924305,-0.15662239059776611,-0.09739781623620947,0.009397318754022523,0.1834611335335216,0.0,0.06055996353556381,-0.061738216450935135,0.0
23,전국민 공공AI,0.45,0.045,0.065,0.18,전국민 공공AI,0.98,0.72,0.0,0.0,0.0,0.0,0.1,0.82,0.27712085400106234,0.24385642710671418,0.11887770456156477,1.0085464633073424,0.3964285714285714,0.27584391974246036,3.46815238832565,0.9775362636551309,0.8892632715393783,0.6972713982401919,0.3687475247223205,1.144615757118599,0.0,0.0,0.0,0.0,0.0,0.3712062619657055,0.34329687050721713,0.2046686686275565,0.9885718641617222,0.3092857142857143,0.21099769867407506,5.061936139959028,0.9690183903190881,0.88029453523179,0.6809275694721287,0.39583021869709895,1.242968590783187,-0.20462576345830513,-0.10796445952418211,-0.048437392275865285,0.04900348214980428,0.2120036938656267,0.09408540796464315,0.09944044340050295,0.08579096406599174,-0.019974599145620275,-0.08714285714285713,-0.0648462210683853,1.5937837516333775,-0.008517873336042814,-0.00896873630758832,-0.016343828768063173,0.02708269397477847,0.09835283366458802,-0.20462576345830513,-0.10796445952418211,-0.048437392275865285,0.04900348214980428,0.2120036938656267,0.02667168,0.07168115366458802,-0.04664627914562028,0.0
23,공공AI+공교육,0.45,0.045,0.065,0.18,공공AI+공교육,0.98,0.82,0.065,0.0,0.0,0.0,0.25,0.86,0.27712085400106234,0.24385642710671418,0.11887770456156477,1.0085464633073424,0.3964285714285714,0.27584391974246036,3.46815238832565,0.9775362636551309,0.8892632715393783,0.6972713982401919,0.3687475247223205,1.144615757118599,0.0,0.0,0.0,0.0,0.0,0.3600533885028423,0.3298985379691306,0.19234134973316352,1.0625889504713197,0.31357142857142856,0.2472577649169981,5.146077222187359,0.9818157789170242,0.9105161710705933,0.18972518859709553,0.39031331934661934,1.315641143842462,-0.09504865710888886,-0.024174590386635116,0.026234762261623943,0.1055664380374103,0.24841298396725575,0.08293253450177995,0.08604211086241642,0.07346364517159876,0.054042487163977304,-0.08285714285714285,-0.028586154825462257,1.677924833861709,0.004279515261893296,0.021252899531215008,-0.5075462096430964,0.021565794624298862,0.17102538672386292,-0.09504865710888886,-0.024174590386635116,0.026234762261623943,0.1055664380374103,0.24841298396725575,0.04629498,0.12473040672386292,0.007747507163977305,0.0
23,공공AI+돌봄,0.45,0.045,0.065,0.18,공공AI+돌봄,0.98,0.78,0.0,0.075,0.0,0.0,0.1,0.88,0.27712085400106234,0.24385642710671418,0.11887770456156477,1.0085464633073424,0.3964285714285714,0.27584391974246036,3.46815238832565,0.9775362636551309,0.8892632715393783,0.6972713982401919,0.3687475247223205,1.144615757118599,0.0,0.0,0.0,0.0,0.0,0.36916973674166487,0.3392211109639705,0.20267940773521986,1.0009430406133908,0.3092857142857143,0.2139373268943961,5.080982430943641,0.9759829473181685,0.9141600856516169,0.6750679296168828,0.39478614089616204,1.25538340577687,-0.19013790311997592,-0.09373339687388475,-0.035556631141660286,0.060585708968839774,0.22100445807257693,0.09204888274060252,0.09536468385725633,0.0838017031736551,-0.007603422693951645,-0.08714285714285713,-0.06190659284806427,1.6128300426179911,-0.0015533163369624292,0.02489681411223854,-0.02220346862330913,0.026038616173841567,0.11076764865827093,-0.19013790311997592,-0.09373339687388475,-0.035556631141660286,0.060585708968839774,0.22100445807257693,0.04255218,0.06821546865827094,-0.05015560269395165,0.0
23,공공AI 종합안,0.45,0.045,0.065,0.18,공공AI 종합안,0.98,0.9,0.065,0.075,0.22,0.08,0.35,0.92,0.27712085400106234,0.24385642710671418,0.11887770456156477,1.0085464633073424,0.3964285714285714,0.27584391974246036,3.46815238832565,0.9775362636551309,0.8892632715393783,0.6972713982401919,0.3687475247223205,1.144615757118599,0.0,0.0,0.0,0.0,0.0,0.35516196599294003,0.3264959026144485,0.18736443286887872,1.0872759751971637,0.31785714285714284,0.2589207011254045,5.159755572456493,0.9887758773051429,0.9447887292865023,0.1862772738836218,0.37372735030095844,1.3379625740916263,-0.06079979912012645,0.0025648899503231703,0.04869748490391083,0.12412815511426023,0.26123583861339883,0.07804111199187769,0.08263947550773432,0.06848672830731395,0.07872951188982125,-0.07857142857142857,-0.01692321861705587,1.6916031841308432,0.011239613650012026,0.05552545774712392,-0.5109941243565701,0.004979825578637964,0.19334681697302725,-0.06079979912012645,0.0025648899503231703,0.04869748490391083,0.12412815511426023,0.26123583861339883,0.06642450000000001,0.12692231697302725,0.012305011889821235,0.0
23,공공AI 실패,0.45,0.045,0.065,0.18,공공AI 실패,0.9,0.42,0.018,0.025,0.0,0.0,0.04,0.38,0.27712085400106234,0.24385642710671418,0.11887770456156477,1.0085464633073424,0.3964285714285714,0.27584391974246036,3.46815238832565,0.9775362636551309,0.8892632715393783,0.6972713982401919,0.3687475247223205,1.144615757118599,0.0,0.0,0.0,0.0,0.0,0.37736074434563993,0.3533243807228163,0.21036687917523023,0.969945650291396,0.2957142857142857,0.21041172173774506,5.04479639688489,0.9763560395995579,0.8982398410542544,0.5075306657827423,0.3975180866643481,1.2283497547295006,-0.22116714840926094,-0.12878785778710855,-0.07175408610049751,0.029377076375905097,0.19720507226755568,0.10023989034457759,0.10946795361610212,0.09148917461366546,-0.03860081301594642,-0.1007142857142857,-0.06543219800471531,1.57664400855924,-0.0011802240555730537,0.00897656951487602,-0.1897407324574496,0.02877056194202765,0.0837339976109015,-0.22116714840926094,-0.12878785778710855,-0.07175408610049751,0.029377076375905097,0.19720507226755568,0.015324899999999999,0.0684090976109015,-0.053925713015946425,0.0
24,시장·고가AI,0.45,0.045,0.065,0.18,시장·고가AI,0.1,0.3,0.0,0.0,0.0,0.0,0.0,0.65,0.2855597365779514,0.2645073989035699,0.12539765633253952,1.0265992803540351,0.36214285714285716,0.33270766712899535,3.350137667338736,0.9742545536794723,0.8855757941309876,0.6875173274010005,0.3830482945879168,1.1737897660429397,0.0,0.0,0.0,0.0,0.0,0.3931148045790357,0.3855435298688635,0.2265073782286776,0.9460184945807205,0.27285714285714285,0.25060929648935454,5.298784062701928,0.964847799535774,0.8754062525050741,0.6884492443537971,0.41963330591847775,1.223047858445383,-0.25950203976170966,-0.18790436919797276,-0.11389565376778234,-0.0045556175051999276,0.15713353038737746,0.10755506800108428,0.12103613096529359,0.1011097218961381,-0.08058078577331462,-0.0892857142857143,-0.08209837063964082,1.9486463953631916,-0.009406754143698293,-0.010169541625913547,0.0009319169527965965,0.03658501133056097,0.049258092402443276,-0.25950203976170966,-0.18790436919797276,-0.11389565376778234,-0.0045556175051999276,0.15713353038737746,0.0,0.049258092402443276,-0.08058078577331462,0.0
24,전국민 공공AI,0.45,0.045,0.065,0.18,전국민 공공AI,0.98,0.72,0.0,0.0,0.0,0.0,0.1,0.82,0.2855597365779514,0.2645073989035699,0.12539765633253952,1.0265992803540351,0.36214285714285716,0.33270766712899535,3.350137667338736,0.9742545536794723,0.8855757941309876,0.6875173274010005,0.3830482945879168,1.1737897660429397,0.0,0.0,0.0,0.0,0.0,0.3832237207012362,0.3734956131270753,0.2167517336633722,0.9906176038557009,0.2792857142857143,0.2622702584724354,5.340529571510124,0.9654727294294269,0.8760449159075369,0.6666011530312963,0.41596424248469427,1.2647555652934557,-0.20985141447073738,-0.13736430034287836,-0.06306476041837096,0.043687815827950456,0.18820086826324733,0.09766398412328481,0.10898821422350541,0.09135407733083267,-0.03598167649833428,-0.08285714285714285,-0.07043740865655995,1.9903919041713878,-0.008781824250045478,-0.009530878223450778,-0.020916174369704166,0.03291594789677749,0.09096579925051596,-0.20985141447073738,-0.13736430034287836,-0.06306476041837096,0.043687815827950456,0.18820086826324733,0.02667168,0.06429411925051595,-0.06265335649833428,0.0
24,공공AI+공교육,0.45,0.045,0.065,0.18,공공AI+공교육,0.98,0.82,0.065,0.0,0.0,0.0,0.25,0.86,0.2855597365779514,0.2645073989035699,0.12539765633253952,1.0265992803540351,0.36214285714285716,0.33270766712899535,3.350137667338736,0.9742545536794723,0.8855757941309876,0.6875173274010005,0.3830482945879168,1.1737897660429397,0.0,0.0,0.0,0.0,0.0,0.37053924873977584,0.35712378191763333,0.20294137823685676,1.0668171282711056,0.2814285714285714,0.2964527882247772,5.408068875309652,0.9786571588579491,0.9052704546803729,0.1951201734164255,0.4097546722465817,1.3384424923617786,-0.09810235776960888,-0.0466962480058979,0.012850845309568601,0.10164334032529232,0.22244391413856793,0.08497951216182442,0.09261638301406344,0.07754372190431724,0.040217847917070504,-0.08071428571428574,-0.036254878904218135,2.0579312079709164,0.004402605178476793,0.01969466054938529,-0.49239715398457495,0.026706377658664904,0.16465272631883887,-0.09810235776960888,-0.0466962480058979,0.012850845309568601,0.10164334032529232,0.22244391413856793,0.04629498,0.11835774631883887,-0.006077132082929496,0.0
24,공공AI+돌봄,0.45,0.045,0.065,0.18,공공AI+돌봄,0.98,0.78,0.0,0.075,0.0,0.0,0.1,0.88,0.2855597365779514,0.2645073989035699,0.12539765633253952,1.0265992803540351,0.36214285714285716,0.33270766712899535,3.350137667338736,0.9742545536794723,0.8855757941309876,0.6875173274010005,0.3830482945879168,1.1737897660429397,0.0,0.0,0.0,0.0,0.0,0.38091431839391865,0.3711415020324309,0.2144814476290242,1.004185885387768,0.2757142857142857,0.26606441487175353,5.356765860423336,0.9731970424294455,0.909926875990607,0.662169388140339,0.4147472891996856,1.2783732253767606,-0.19451106833174972,-0.12316933057470066,-0.04793814742974916,0.05765132313881329,0.1975946171796248,0.09535458181596723,0.10663410312886101,0.0890837912964847,-0.022413394966267042,-0.08642857142857147,-0.06664325225724183,2.0066281930846004,-0.0010575112500268435,0.024351081859619317,-0.02534793926066148,0.03169899461176884,0.10458345933382085,-0.19451106833174972,-0.12316933057470066,-0.04793814742974916,0.05765132313881329,0.1975946171796248,0.04255218,0.06203127933382085,-0.06496557496626704,0.0
24,공공AI 종합안,0.45,0.045,0.065,0.18,공공AI 종합안,0.98,0.9,0.065,0.075,0.22,0.08,0.35,0.92,0.2855597365779514,0.2645073989035699,0.12539765633253952,1.0265992803540351,0.36214285714285716,0.33270766712899535,3.350137667338736,0.9742545536794723,0.8855757941309876,0.6875173274010005,0.3830482945879168,1.1737897660429397,0.0,0.0,0.0,0.0,0.0,0.36502896976826915,0.3469696861727386,0.1973220881319785,1.0929206942712832,0.2807142857142857,0.3090185016080798,5.411767642121501,0.986418149450987,0.9397195900241816,0.1923708641981665,0.39247673677371786,1.3615930849869757,-0.06271845686255627,-0.01845252228991137,0.037893529078441686,0.12268436807839248,0.23360297483930553,0.07946923319031773,0.08246228726916871,0.07192443179943897,0.0663214139172481,-0.08142857142857146,-0.023689165520915545,2.061629974782765,0.012163595771514712,0.05414379589319396,-0.49514646320283395,0.009428442185801078,0.187803318944036,-0.06271845686255627,-0.01845252228991137,0.037893529078441686,0.12268436807839248,0.23360297483930553,0.06642450000000001,0.121378818944036,-0.00010308608275190478,0.0
24,공공AI 실패,0.45,0.045,0.065,0.18,공공AI 실패,0.9,0.42,0.018,0.025,0.0,0.0,0.04,0.38,0.2855597365779514,0.2645073989035699,0.12539765633253952,1.0265992803540351,0.36214285714285716,0.33270766712899535,3.350137667338736,0.9742545536794723,0.8855757941309876,0.6875173274010005,0.3830482945879168,1.1737897660429397,0.0,0.0,0.0,0.0,0.0,0.3890939994978656,0.38066369747027096,0.22207645319357783,0.969772581703892,0.2785714285714286,0.2595179323752571,5.328894939974935,0.972992505015386,0.8936308970512372,0.5016134269025794,0.417836026054624,1.2466168246032143,-0.22507064086945922,-0.15885630874618145,-0.08807985580970773,0.01691847593192137,0.17036154464874206,0.10353426291991419,0.11615629856670107,0.09667879686103831,-0.056826698650143115,-0.08357142857142857,-0.07318973475373824,1.9787572726361993,-0.0012620486640863016,0.00805510292024958,-0.1859039004984211,0.03478773146670722,0.0728270585602746,-0.22507064086945922,-0.15885630874618145,-0.08807985580970773,0.01691847593192137,0.17036154464874206,0.015324899999999999,0.0575021585602746,-0.07215159865014312,0.0
25,시장·고가AI,0.45,0.045,0.065,0.18,시장·고가AI,0.1,0.3,0.0,0.0,0.0,0.0,0.0,0.65,0.28867616008359176,0.2480352253753589,0.129425625380736,1.0382411603497845,0.38857142857142857,0.29017040360379104,3.560489954964142,0.974691511758694,0.8878737862726942,0.6823289481333641,0.3823127864929539,1.1925932931391965,0.0,0.0,0.0,0.0,0.0,0.39406534937121573,0.3630587239741808,0.22879739123316611,0.9781786771893223,0.285,0.2115875267755837,5.09656804512685,0.9655920790209468,0.8779200326096473,0.6960991222793316,0.42140396008903935,1.2683809235985946,-0.24387171606558436,-0.16480122211335363,-0.07531678072574392,-0.009351645899949952,0.1953862716842169,0.10538918928762397,0.11502349859882191,0.09937176585243013,-0.060062483160462254,-0.10357142857142859,-0.07858287682820733,1.5360780901627082,-0.00909943273774716,-0.00995375366304685,0.013770174145967484,0.03909117359608544,0.07578763045939807,-0.24387171606558436,-0.16480122211335363,-0.07531678072574392,-0.009351645899949952,0.1953862716842169,0.0,0.07578763045939807,-0.060062483160462254,0.0
25,전국민 공공AI,0.45,0.045,0.065,0.18,전국민 공공AI,0.98,0.72,0.0,0.0,0.0,0.0,0.1,0.82,0.28867616008359176,0.2480352253753589,0.129425625380736,1.0382411603497845,0.38857142857142857,0.29017040360379104,3.560489954964142,0.974691511758694,0.8878737862726942,0.6823289481333641,0.3823127864929539,1.1925932931391965,0.0,0.0,0.0,0.0,0.0,0.38366916411897856,0.3443137267410488,0.21834583955462306,1.0200409635783398,0.30214285714285716,0.2207182499514226,5.1423545083135,0.9661613275231837,0.8785338034656237,0.6762741596175578,0.41726814243708876,1.3049773354972396,-0.19428929150588325,-0.11627011322778026,-0.0277868858971375,0.03218067598034959,0.21773910144199035,0.0949930040353868,0.09627850136568991,0.08892021417388707,-0.018200196771444688,-0.08642857142857141,-0.06945215365236843,1.5818645533493578,-0.008530184235510219,-0.00933998280707049,-0.00605478851580632,0.03495535594413485,0.11238404235804311,-0.19428929150588325,-0.11627011322778026,-0.0277868858971375,0.03218067598034959,0.21773910144199035,0.02667168,0.08571236235804311,-0.04487187677144469,0.0
25,공공AI+공교육,0.45,0.045,0.065,0.18,공공AI+공교육,0.98,0.82,0.065,0.0,0.0,0.0,0.25,0.86,0.28867616008359176,0.2480352253753589,0.129425625380736,1.0382411603497845,0.38857142857142857,0.29017040360379104,3.560489954964142,0.974691511758694,0.8878737862726942,0.6823289481333641,0.3823127864929539,1.1925932931391965,0.0,0.0,0.0,0.0,0.0,0.37108212547232267,0.33581597919569717,0.20454901440096163,1.0958282782665754,0.315,0.2513416921365161,5.212092066279447,0.979376516277318,0.9087956892812975,0.19199253923361137,0.4109536853108891,1.3776188578625355,-0.08291175640058333,-0.03043519577913158,0.044223315638045047,0.08874726728971379,0.25028840092230425,0.0824059653887309,0.08778075382033826,0.07512338902022564,0.05758711791679083,-0.07357142857142857,-0.03882871146727496,1.651602111315305,0.004685004518624081,0.020921903008603304,-0.4903364088997527,0.02864089881793519,0.18502556472333898,-0.08291175640058333,-0.03043519577913158,0.044223315638045047,0.08874726728971379,0.25028840092230425,0.04629498,0.138730584723339,0.011292137916790831,0.0
25,공공AI+돌봄,0.45,0.045,0.065,0.18,공공AI+돌봄,0.98,0.78,0.0,0.075,0.0,0.0,0.1,0.88,0.28867616008359176,0.2480352253753589,0.129425625380736,1.0382411603497845,0.38857142857142857,0.29017040360379104,3.560489954964142,0.974691511758694,0.8878737862726942,0.6823289481333641,0.3823127864929539,1.1925932931391965,0.0,0.0,0.0,0.0,0.0,0.3812596438668898,0.34300703879159167,0.21597627839102884,1.0330141583406753,0.3028571428571429,0.22415883109419027,5.165337139601399,0.973895053083508,0.9124132982578934,0.6709135790195675,0.4161422635971526,1.3175802336958973,-0.17936495089384558,-0.10181669292784343,-0.01464902257876761,0.04617383497190996,0.22442086434104333,0.09258348378329806,0.09497181341623276,0.08655065301029286,-0.005227002009109194,-0.08571428571428569,-0.06601157250960077,1.604847184637257,-0.0007964586751859626,0.024539511985199214,-0.011415369113796592,0.0338294771041987,0.12498694055670079,-0.17936495089384558,-0.10181669292784343,-0.01464902257876761,0.04617383497190996,0.22442086434104333,0.04255218,0.08243476055670079,-0.047779182009109196,0.0
25,공공AI 종합안,0.45,0.045,0.065,0.18,공공AI 종합안,0.98,0.9,0.065,0.075,0.22,0.08,0.35,0.92,0.28867616008359176,0.2480352253753589,0.129425625380736,1.0382411603497845,0.38857142857142857,0.29017040360379104,3.560489954964142,0.974691511758694,0.8878737862726942,0.6823289481333641,0.3823127864929539,1.1925932931391965,0.0,0.0,0.0,0.0,0.0,0.3656492078344017,0.3308758591621288,0.19901600392192909,1.1210714473410561,0.325,0.26171241352365004,5.231595115198436,0.9871292976044453,0.9431036003791928,0.18948558002100135,0.39248927464994526,1.3996177861608445,-0.04880746910054143,-0.0026406631124426118,0.06592031908618132,0.10917710998399555,0.26013464273705955,0.07697304775080993,0.0828406337867699,0.0695903785411931,0.0828302869912716,-0.06357142857142856,-0.028457990080140994,1.6711051602342941,0.012437785845751392,0.05522981410649863,-0.49284336811236273,0.010176488156991348,0.20702449302164805,-0.04880746910054143,-0.0026406631124426118,0.06592031908618132,0.10917710998399555,0.26013464273705955,0.06642450000000001,0.14059999302164805,0.016405786991271584,-3.552713678800501e-15
25,공공AI 실패,0.45,0.045,0.065,0.18,공공AI 실패,0.9,0.42,0.018,0.025,0.0,0.0,0.04,0.38,0.28867616008359176,0.2480352253753589,0.129425625380736,1.0382411603497845,0.38857142857142857,0.29017040360379104,3.560489954964142,0.974691511758694,0.8878737862726942,0.6823289481333641,0.3823127864929539,1.1925932931391965,0.0,0.0,0.0,0.0,0.0,0.38998408407300045,0.3575241623798495,0.22429961849396807,1.0018916969750473,0.29,0.2193351779037571,5.126287996438659,0.9737941972258441,0.8965058129949895,0.5053324577406766,0.41967225397172253,1.2915962411026047,-0.209530896801823,-0.13628450697790837,-0.050811090510664306,0.01074636680498626,0.20768922982156468,0.10130792398940869,0.10948893700449061,0.09487399311323208,-0.03634946337473721,-0.09857142857142859,-0.07083522570003395,1.5657980414745172,-0.0008973145328498022,0.00863202672229535,-0.1769964903926875,0.037359467478768615,0.09900294796340825,-0.209530896801823,-0.13628450697790837,-0.050811090510664306,0.01074636680498626,0.20768922982156468,0.015324899999999999,0.08367804796340825,-0.051674363374737214,0.0
26,시장·고가AI,0.45,0.045,0.065,0.18,시장·고가AI,0.1,0.3,0.0,0.0,0.0,0.0,0.0,0.65,0.2894580294243855,0.2642807867638802,0.13001893514706497,1.0183993909584472,0.3678571428571429,0.31047199091511424,4.035134912683253,0.9768353455468314,0.8881706336743586,0.7510047849735411,0.3852520173606322,1.1705994901516636,0.0,0.0,0.0,0.0,0.0,0.3932464268454092,0.374907807881399,0.22852117814887807,0.9402396232207835,0.28214285714285714,0.22282404972131414,5.977625161234825,0.967185596310482,0.8783733261923975,0.7403758629262902,0.4086429242262306,1.2187497525398416,-0.2705289078742431,-0.18424180364873657,-0.10222868808202049,0.0029601826498459327,0.15477577641775336,0.10378839742102375,0.11062702111751876,0.0985022430018131,-0.07815976773766375,-0.08571428571428574,-0.0876479411938001,1.9424902485515725,-0.009649749236349425,-0.00979730748196106,-0.010628922047250855,0.023390906865598415,0.04815026238817799,-0.2705289078742431,-0.18424180364873657,-0.10222868808202049,0.0029601826498459327,0.15477577641775336,0.0,0.04815026238817799,-0.07815976773766375,0.0
26,전국민 공공AI,0.45,0.045,0.065,0.18,전국민 공공AI,0.98,0.72,0.0,0.0,0.0,0.0,0.1,0.82,0.2894580294243855,0.2642807867638802,0.13001893514706497,1.0183993909584472,0.3678571428571429,0.31047199091511424,4.035134912683253,0.9768353455468314,0.8881706336743586,0.7510047849735411,0.3852520173606322,1.1705994901516636,0.0,0.0,0.0,0.0,0.0,0.38306398231919114,0.3628874230546947,0.21852698062692522,0.9864075903152533,0.2864285714285714,0.23276315062659278,6.039005006753198,0.967832889931272,0.8790223514449522,0.7216125660304915,0.4059602012060824,1.2622413901206522,-0.21873674448408423,-0.12588277391875216,-0.05143026276603414,0.048472270075610474,0.18798849900312115,0.09360595289480567,0.09860663629081445,0.08850804547986024,-0.03199180064319396,-0.08142857142857146,-0.07770884028852146,2.0038700940699457,-0.009002455615559346,-0.009148282229406335,-0.029392218943049553,0.0207081838454502,0.09164189996898853,-0.21873674448408423,-0.12588277391875216,-0.05143026276603414,0.048472270075610474,0.18798849900312115,0.02667168,0.06497021996898852,-0.05866348064319396,0.0
26,공공AI+공교육,0.45,0.045,0.065,0.18,공공AI+공교육,0.98,0.82,0.065,0.0,0.0,0.0,0.25,0.86,0.2894580294243855,0.2642807867638802,0.13001893514706497,1.0183993909584472,0.3678571428571429,0.31047199091511424,4.035134912683253,0.9768353455468314,0.8881706336743586,0.7510047849735411,0.3852520173606322,1.1705994901516636,0.0,0.0,0.0,0.0,0.0,0.37071379997193477,0.346493097840175,0.20495855114895767,1.0660969193393417,0.2935714285714286,0.2639671162512476,6.087539806381363,0.981157167103785,0.9092432856507348,0.22811782896792088,0.3997136013864127,1.340932502173335,-0.1036368994682405,-0.029355886147652038,0.02743357455212583,0.10979439207818624,0.22462516944758137,0.08125577054754929,0.08221231107629479,0.0749396160018927,0.04769752838089447,-0.07428571428571429,-0.04650487466386666,2.0524048936981103,0.004321821556953598,0.0210726519763762,-0.5228869560056202,0.014461584025780516,0.17033301202167128,-0.1036368994682405,-0.029355886147652038,0.02743357455212583,0.10979439207818624,0.22462516944758137,0.04629498,0.12403803202167128,0.0014025483808944722,0.0
26,공공AI+돌봄,0.45,0.045,0.065,0.18,공공AI+돌봄,0.98,0.78,0.0,0.075,0.0,0.0,0.1,0.88,0.2894580294243855,0.2642807867638802,0.13001893514706497,1.0183993909584472,0.3678571428571429,0.31047199091511424,4.035134912683253,0.9768353455468314,0.8881706336743586,0.7510047849735411,0.3852520173606322,1.1705994901516636,0.0,0.0,0.0,0.0,0.0,0.3809444117492511,0.3604559390606989,0.2165082880736301,0.9995755649931158,0.2864285714285714,0.23589522164266777,6.063577939272268,0.9749534610460459,0.9129044257472103,0.7179253951223232,0.40529316938723464,1.2757959653912112,-0.2047272392188076,-0.10947387284087431,-0.03750989879840825,0.061810782706416524,0.1966167515109869,0.09148638232486561,0.09617515229681867,0.08648935292656512,-0.018823825965331387,-0.08142857142857146,-0.07457676927244647,2.0284430265890157,-0.0018818845007855245,0.024733792072851757,-0.03307938985121783,0.02004115202660245,0.10519647523954756,-0.2047272392188076,-0.10947387284087431,-0.03750989879840825,0.061810782706416524,0.1966167515109869,0.04255218,0.06264429523954756,-0.06137600596533139,0.0
26,공공AI 종합안,0.45,0.045,0.065,0.18,공공AI 종합안,0.98,0.9,0.065,0.075,0.22,0.08,0.35,0.92,0.2894580294243855,0.2642807867638802,0.13001893514706497,1.0183993909584472,0.3678571428571429,0.31047199091511424,4.035134912683253,0.9768353455468314,0.8881706336743586,0.7510047849735411,0.3852520173606322,1.1705994901516636,0.0,0.0,0.0,0.0,0.0,0.36533453127875226,0.3392897722107949,0.19948325230306807,1.093018534740597,0.30428571428571427,0.27502440447586374,6.105898389872449,0.9882827277999354,0.9435818709000143,0.22557350258518916,0.3835675422541151,1.3653912149685636,-0.06743945409358285,0.0019189661357202007,0.052251811367739605,0.13032778098271008,0.23649587812775108,0.07587650185436678,0.0750089854469147,0.0694643171560031,0.07461914378214973,-0.06357142857142861,-0.0354475864392505,2.070763477189196,0.011447382253104044,0.055411237225655774,-0.5254312823883519,-0.0016844751065170915,0.1947917248169,-0.06743945409358285,0.0019189661357202007,0.052251811367739605,0.13032778098271008,0.23649587812775108,0.06642450000000001,0.1283672248169,0.008194643782149721,0.0
26,공공AI 실패,0.45,0.045,0.065,0.18,공공AI 실패,0.9,0.42,0.018,0.025,0.0,0.0,0.04,0.38,0.2894580294243855,0.2642807867638802,0.13001893514706497,1.0183993909584472,0.3678571428571429,0.31047199091511424,4.035134912683253,0.9768353455468314,0.8881706336743586,0.7510047849735411,0.3852520173606322,1.1705994901516636,0.0,0.0,0.0,0.0,0.0,0.3893010927198417,0.37306951859673104,0.2241805877680325,0.9649836487928032,0.2814285714285714,0.2311442563608,5.998627845261867,0.9753373860003713,0.8969271915848347,0.5464739476659519,0.40680733314003487,1.2438250881305304,-0.23552951589921756,-0.1530487864975258,-0.07484721617506845,0.025294907929232443,0.16874914931212887,0.09984306329545622,0.10878873183285082,0.09416165262096754,-0.05341574216564404,-0.08642857142857147,-0.07932773455431424,1.963492932578614,-0.001497959546460037,0.008756557910476137,-0.20453083730758914,0.021555315779402673,0.07322559797886674,-0.23552951589921756,-0.1530487864975258,-0.07484721617506845,0.025294907929232443,0.16874914931212887,0.015324899999999999,0.05790069797886674,-0.06874064216564404,0.0
27,시장·고가AI,0.45,0.045,0.065,0.18,시장·고가AI,0.1,0.3,0.0,0.0,0.0,0.0,0.0,0.65,0.28982133469449745,0.25902859369151177,0.12883295301561193,1.0322224371829611,0.37642857142857145,0.28022262969915523,3.4105887947013764,0.9726955803161137,0.8848608808510814,0.670703275527664,0.37574637644157544,1.184873143165916,0.0,0.0,0.0,0.0,0.0,0.40077007593866176,0.399933735491599,0.23406983442799145,0.9879453897583925,0.29428571428571426,0.20681406189897553,4.974988563031362,0.9637191044146312,0.8757559672671966,0.6767566542847145,0.40425377999422146,1.2898635334731587,-0.23226229821162073,-0.15318450644449727,-0.09944431901140466,0.06466509268859037,0.2010158308501636,0.11094874124416432,0.14090514180008723,0.10523688141237952,-0.044277047424568616,-0.08214285714285718,-0.07340856780017971,1.5643997683299853,-0.008976475901482539,-0.009104913583884766,0.006053378757050587,0.028507403552646027,0.10499039030724266,-0.23226229821162073,-0.15318450644449727,-0.09944431901140466,0.06466509268859037,0.2010158308501636,0.0,0.10499039030724266,-0.044277047424568616,0.0
27,전국민 공공AI,0.45,0.045,0.065,0.18,전국민 공공AI,0.98,0.72,0.0,0.0,0.0,0.0,0.1,0.82,0.28982133469449745,0.25902859369151177,0.12883295301561193,1.0322224371829611,0.37642857142857145,0.28022262969915523,3.4105887947013764,0.9726955803161137,0.8848608808510814,0.670703275527664,0.37574637644157544,1.184873143165916,0.0,0.0,0.0,0.0,0.0,0.3909362304558718,0.3785779353368764,0.22404386506967366,1.0287582170517913,0.29285714285714287,0.21737518118805457,5.029224442578406,0.9642679682321347,0.8762806273959182,0.6528688195836994,0.40124511557835835,1.3257942952460375,-0.18706140353634712,-0.1074589380716134,-0.04793910131488217,0.09974754198967813,0.22590328418786157,0.10111489576137433,0.11954934164536463,0.09521091205406174,-0.0034642201311698706,-0.08357142857142857,-0.06284744851110066,1.6186356478770296,-0.00842761208397902,-0.008580253455163223,-0.0178344559439646,0.02549873913678291,0.14092115208012146,-0.18706140353634712,-0.1074589380716134,-0.04793910131488217,0.09974754198967813,0.22590328418786157,0.02667168,0.11424947208012146,-0.03013590013116987,0.0
27,공공AI+공교육,0.45,0.045,0.065,0.18,공공AI+공교육,0.98,0.82,0.065,0.0,0.0,0.0,0.25,0.86,0.28982133469449745,0.25902859369151177,0.12883295301561193,1.0322224371829611,0.37642857142857145,0.28022262969915523,3.4105887947013764,0.9726955803161137,0.8848608808510814,0.670703275527664,0.37574637644157544,1.184873143165916,0.0,0.0,0.0,0.0,0.0,0.37874921785023097,0.3610011692794693,0.21054729169977926,1.1039513852487035,0.2957142857142857,0.25180859043758025,5.116498398197439,0.9777969061749088,0.9064702056978596,0.18569998406499455,0.39510374337565446,1.39837557543584,-0.07913622933778386,-0.023028541587719616,0.025195634269710585,0.1551179946821434,0.2577597821964763,0.08892788315573352,0.10197257558795753,0.08171433868416733,0.07172894806574237,-0.08071428571428574,-0.028414039261574986,1.7059096034960621,0.0051013258587950805,0.021609324846778244,-0.4850032914626694,0.019357366934079023,0.21350243226992394,-0.07913622933778386,-0.023028541587719616,0.025195634269710585,0.1551179946821434,0.2577597821964763,0.04629498,0.16720745226992395,0.02543396806574237,0.0
27,공공AI+돌봄,0.45,0.045,0.065,0.18,공공AI+돌봄,0.98,0.78,0.0,0.075,0.0,0.0,0.1,0.88,0.28982133469449745,0.25902859369151177,0.12883295301561193,1.0322224371829611,0.37642857142857145,0.28022262969915523,3.4105887947013764,0.9726955803161137,0.8848608808510814,0.670703275527664,0.37574637644157544,1.184873143165916,0.0,0.0,0.0,0.0,0.0,0.3886984225335398,0.3744757936776574,0.22182597206688714,1.0418505549692423,0.29428571428571426,0.22110103047163654,5.0617808760584975,0.9723846412981216,0.910137369884087,0.6486886124957632,0.4002045284483562,1.3388400506458351,-0.17381539698054516,-0.09315633176476273,-0.03221596400898039,0.11060292533028075,0.23500640727750216,0.09887708783904237,0.11544719998614561,0.09299301905127522,0.009628117786281143,-0.08214285714285718,-0.059121599227518695,1.651192081357121,-0.00031093901799206236,0.02527648903300561,-0.022014663031900805,0.024458152006780753,0.15396690747991904,-0.17381539698054516,-0.09315633176476273,-0.03221596400898039,0.11060292533028075,0.23500640727750216,0.04255218,0.11141472747991904,-0.03292406221371886,0.0
27,공공AI 종합안,0.45,0.045,0.065,0.18,공공AI 종합안,0.98,0.9,0.065,0.075,0.22,0.08,0.35,0.92,0.28982133469449745,0.25902859369151177,0.12883295301561193,1.0322224371829611,0.37642857142857145,0.28022262969915523,3.4105887947013764,0.9726955803161137,0.8848608808510814,0.670703275527664,0.37574637644157544,1.184873143165916,0.0,0.0,0.0,0.0,0.0,0.3735832858508069,0.35036033529444327,0.20513949314536473,1.1289043273427435,0.2978571428571429,0.26492680144677316,5.152842693557468,0.9859407958917401,0.9407837039196127,0.1826853964284597,0.3780698492885495,1.420254645447114,-0.04665948054132418,0.0033395811091557616,0.0505684883737532,0.17147992037912144,0.2689382745612352,0.08376195115630947,0.0913317416029315,0.0763065401297528,0.09668189015978235,-0.07857142857142857,-0.015295828252382071,1.7422538988560916,0.013245215575626412,0.05592282306853136,-0.48801787909920424,0.0023234728469740396,0.23538150228119803,-0.04665948054132418,0.0033395811091557616,0.0505684883737532,0.17147992037912144,0.2689382745612352,0.06642450000000001,0.16895700228119803,0.030257390159782335,-3.552713678800501e-15
27,공공AI 실패,0.45,0.045,0.065,0.18,공공AI 실패,0.9,0.42,0.018,0.025,0.0,0.0,0.04,0.38,0.28982133469449745,0.25902859369151177,0.12883295301561193,1.0322224371829611,0.37642857142857145,0.28022262969915523,3.4105887947013764,0.9726955803161137,0.8848608808510814,0.670703275527664,0.37574637644157544,1.184873143165916,0.0,0.0,0.0,0.0,0.0,0.39680246219301385,0.39270937507074655,0.22961985846864652,1.011422531462972,0.2907142857142857,0.2162174522605955,5.006042975502211,0.9721658912771974,0.8943801646000099,0.4908642575265988,0.402371903079966,1.3128875952753363,-0.19858145213314976,-0.12540164393032616,-0.07495300723229867,0.08417684277075115,0.21297727640067857,0.1069811274985164,0.13368078137923478,0.10078690545303459,-0.020799905719989242,-0.08571428571428574,-0.06400517743855974,1.595454180800835,-0.000529689038916259,0.00951928374892852,-0.17983901800106517,0.026625526638390573,0.1280144521094202,-0.19858145213314976,-0.12540164393032616,-0.07495300723229867,0.08417684277075115,0.21297727640067857,0.015324899999999999,0.1126895521094202,-0.036124805719989245,0.0
28,시장·고가AI,0.45,0.045,0.065,0.18,시장·고가AI,0.1,0.3,0.0,0.0,0.0,0.0,0.0,0.65,0.2794930078982891,0.25071380981876346,0.12029794124135262,1.0108633034756243,0.37857142857142856,0.2959335359351795,3.8436023674522986,0.9736855233164512,0.8852328119720617,0.7040189393375252,0.3710142462008603,1.1490973488251912,0.0,0.0,0.0,0.0,0.0,0.38246734465812793,0.33928436021504815,0.21518666622773186,0.9351193994949735,0.2985714285714286,0.22432448969698446,5.735481531925537,0.9642645257161171,0.8750054538668737,0.7116593892555707,0.4165941262155058,1.191518236572571,-0.2519269267660817,-0.16437763369246286,-0.08868360625540794,-0.034220752096789125,0.14978002118276107,0.1029743367598388,0.0885705503962847,0.09488872498637924,-0.07574390398065078,-0.07999999999999996,-0.07160904623819506,1.891879164473238,-0.009420997600334102,-0.010227358105188045,0.007640449918045467,0.04557988001464547,0.04242088774737973,-0.2519269267660817,-0.16437763369246286,-0.08868360625540794,-0.034220752096789125,0.14978002118276107,0.0,0.04242088774737973,-0.07574390398065078,0.0
28,전국민 공공AI,0.45,0.045,0.065,0.18,전국민 공공AI,0.98,0.72,0.0,0.0,0.0,0.0,0.1,0.82,0.2794930078982891,0.25071380981876346,0.12029794124135262,1.0108633034756243,0.37857142857142856,0.2959335359351795,3.8436023674522986,0.9736855233164512,0.8852328119720617,0.7040189393375252,0.3710142462008603,1.1490973488251912,0.0,0.0,0.0,0.0,0.0,0.3728284330644952,0.32892024199264736,0.20596677733864233,0.9806183683983034,0.3028571428571429,0.23279959161224287,5.736485143925904,0.9649041320073226,0.8756553051162695,0.6925795175844657,0.4125569802624978,1.2349840540822323,-0.20311914680502652,-0.1147116665905092,-0.03869337611048244,0.01580469927464502,0.18883629113570818,0.09333542516620608,0.0782064321738839,0.0856688360972897,-0.030244935077320845,-0.07571428571428568,-0.06313394432293665,1.8928827764736056,-0.008781391309128583,-0.009577506855792173,-0.011439421753059564,0.0415427340616375,0.08588670525704112,-0.20311914680502652,-0.1147116665905092,-0.03869337611048244,0.01580469927464502,0.18883629113570818,0.02667168,0.059215025257041115,-0.05691661507732085,0.0
28,공공AI+공교육,0.45,0.045,0.065,0.18,공공AI+공교육,0.98,0.82,0.065,0.0,0.0,0.0,0.25,0.86,0.2794930078982891,0.25071380981876346,0.12029794124135262,1.0108633034756243,0.37857142857142856,0.2959335359351795,3.8436023674522986,0.9736855233164512,0.8852328119720617,0.7040189393375252,0.3710142462008603,1.1490973488251912,0.0,0.0,0.0,0.0,0.0,0.36160988294269625,0.3179783207956481,0.1939785542632636,1.056084463220106,0.30857142857142855,0.26326162903930034,5.7870841966709925,0.9782654137671295,0.9053913344070476,0.20763491630122954,0.406468736834131,1.3102436278910692,-0.09451342426602703,-0.030029914127788455,0.03907501787234301,0.07620503745934239,0.2280805056703328,0.08211687504440712,0.06726451097688463,0.07368061302191098,0.04522115974448182,-0.07,-0.03267190689587918,1.943481829218694,0.004579890450678303,0.020158522434985837,-0.4963840230362957,0.03545449063327066,0.16114627906587797,-0.09451342426602703,-0.030029914127788455,0.03907501787234301,0.07620503745934239,0.2280805056703328,0.04629498,0.11485129906587797,-0.0010738202555181792,0.0
28,공공AI+돌봄,0.45,0.045,0.065,0.18,공공AI+돌봄,0.98,0.78,0.0,0.075,0.0,0.0,0.1,0.88,0.2794930078982891,0.25071380981876346,0.12029794124135262,1.0108633034756243,0.37857142857142856,0.2959335359351795,3.8436023674522986,0.9736855233164512,0.8852328119720617,0.7040189393375252,0.3710142462008603,1.1490973488251912,0.0,0.0,0.0,0.0,0.0,0.37065058372565096,0.32773592429036813,0.20393063173546955,0.9945232027209039,0.30214285714285716,0.235036383914354,5.762610764697813,0.9727775214429909,0.909548074202097,0.6886370398018669,0.4113761371201448,1.2492921375545605,-0.18852657133306647,-0.09924839413545676,-0.023327428883495014,0.029937283914271605,0.1996822524754382,0.09115757582736184,0.07702211447160467,0.08363269049411692,-0.016340100754720366,-0.0764285714285714,-0.06089715202082552,1.9190083972455145,-0.0009080018734602957,0.02431526223003533,-0.015381899535658383,0.04036189091928449,0.10019478872936927,-0.18852657133306647,-0.09924839413545676,-0.023327428883495014,0.029937283914271605,0.1996822524754382,0.04255218,0.057642608729369264,-0.05889228075472037,0.0
28,공공AI 종합안,0.45,0.045,0.065,0.18,공공AI 종합안,0.98,0.9,0.065,0.075,0.22,0.08,0.35,0.92,0.2794930078982891,0.25071380981876346,0.12029794124135262,1.0108633034756243,0.37857142857142856,0.2959335359351795,3.8436023674522986,0.9736855233164512,0.8852328119720617,0.7040189393375252,0.3710142462008603,1.1490973488251912,0.0,0.0,0.0,0.0,0.0,0.35654647598818234,0.3132472258241447,0.1890002370461683,1.082487035045948,0.32,0.27295211160538185,5.799253780574906,0.9861636120413024,0.9397991020846866,0.2046656919106702,0.38761603017993834,1.334756290314195,-0.06045499725048611,-0.0022226695048005564,0.06447795019160929,0.09773603179231245,0.2427460962018607,0.07705346808989322,0.06253341600538126,0.06870229580481568,0.07162373157032365,-0.05857142857142855,-0.02298142432979766,1.9556514131226077,0.012478088724851233,0.05456629011262493,-0.49935324742685505,0.016601783979078022,0.18565894148900375,-0.06045499725048611,-0.0022226695048005564,0.06447795019160929,0.09773603179231245,0.2427460962018607,0.06642450000000001,0.11923444148900374,0.005199231570323634,0.0
28,공공AI 실패,0.45,0.045,0.065,0.18,공공AI 실패,0.9,0.42,0.018,0.025,0.0,0.0,0.04,0.38,0.2794930078982891,0.25071380981876346,0.12029794124135262,1.0108633034756243,0.37857142857142856,0.2959335359351795,3.8436023674522986,0.9736855233164512,0.8852328119720617,0.7040189393375252,0.3710142462008603,1.1490973488251912,0.0,0.0,0.0,0.0,0.0,0.37891433916622763,0.3345161957675506,0.21137035465979903,0.9586882600553395,0.29928571428571427,0.23268073878303397,5.757780946348838,0.9726314031191815,0.8934147840253857,0.5210044779561367,0.4148245637466658,1.2156381207832712,-0.21867898363124535,-0.13680496941222037,-0.0625476968586408,-0.012313889238755604,0.16537530744229204,0.0994213312679385,0.08380238594878714,0.09107241341844641,-0.052175043420284783,-0.07928571428571429,-0.06325279715214555,1.9141785788965393,-0.0010541201972696923,0.008181972053323938,-0.18301446138138855,0.0438103175458055,0.06654077195807995,-0.21867898363124535,-0.13680496941222037,-0.0625476968586408,-0.012313889238755604,0.16537530744229204,0.015324899999999999,0.051215871958079945,-0.06749994342028479,0.0
29,시장·고가AI,0.45,0.045,0.065,0.18,시장·고가AI,0.1,0.3,0.0,0.0,0.0,0.0,0.0,0.65,0.28815270037739116,0.25449863729539485,0.12684833367496884,1.0147986647690377,0.37214285714285716,0.3117292283573497,4.011245707863825,0.9750066537492744,0.8885646982451728,0.7011147898888903,0.4020923460052578,1.1622249649252554,0.0,0.0,0.0,0.0,0.0,0.38838793284287376,0.3619896035883161,0.22023796141012442,0.9272543076835226,0.27785714285714286,0.2274080240920088,5.54107768417022,0.9655318568195191,0.8784415600947101,0.7132118607273981,0.43214166758693484,1.189150358435469,-0.2674735606503977,-0.20460349518785945,-0.10830364099063788,0.00044430950468239515,0.12884813756077979,0.1002352324654826,0.10749096629292126,0.09338962773515558,-0.08754435708551511,-0.0942857142857143,-0.08432120426534087,1.5298319763063946,-0.00947479692975528,-0.01012313815046273,0.01209707083850775,0.030049321581677058,0.026925393510213613,-0.2674735606503977,-0.20460349518785945,-0.10830364099063788,0.00044430950468239515,0.12884813756077979,0.0,0.026925393510213613,-0.08754435708551511,0.0
29,전국민 공공AI,0.45,0.045,0.065,0.18,전국민 공공AI,0.98,0.72,0.0,0.0,0.0,0.0,0.1,0.82,0.28815270037739116,0.25449863729539485,0.12684833367496884,1.0147986647690377,0.37214285714285716,0.3117292283573497,4.011245707863825,0.9750066537492744,0.8885646982451728,0.7011147898888903,0.4020923460052578,1.1622249649252554,0.0,0.0,0.0,0.0,0.0,0.3781853684343214,0.3494742260469482,0.21007947969197016,0.9712044381548094,0.2835714285714286,0.23925915654228205,5.592772194244621,0.966163891099534,0.8791118438870063,0.68811515949451,0.4282520903581079,1.2294964027217419,-0.21370775100705797,-0.15255755152617495,-0.056644439091016074,0.042084612551383085,0.16128251953432532,0.09003266805693022,0.09497558875155337,0.08323114601700132,-0.04359422661422829,-0.08857142857142858,-0.07247007181506762,1.5815264863807963,-0.008842762649740377,-0.009452854358166562,-0.012999630394380346,0.026159744352850123,0.06727143779648648,-0.21370775100705797,-0.15255755152617495,-0.056644439091016074,0.042084612551383085,0.16128251953432532,0.02667168,0.040599757796486474,-0.0702659066142283,0.0
29,공공AI+공교육,0.45,0.045,0.065,0.18,공공AI+공교육,0.98,0.82,0.065,0.0,0.0,0.0,0.25,0.86,0.28815270037739116,0.25449863729539485,0.12684833367496884,1.0147986647690377,0.37214285714285716,0.3117292283573497,4.011245707863825,0.9750066537492744,0.8885646982451728,0.7011147898888903,0.4020923460052578,1.1622249649252554,0.0,0.0,0.0,0.0,0.0,0.36633788556059477,0.3377760763334832,0.19717568353140857,1.0467512615151169,0.2957142857142857,0.2708247638715489,5.658661646796326,0.979406392054931,0.9083734856458918,0.20495740838169385,0.42210186221154167,1.3038360199644856,-0.1034024325632242,-0.061760188807762,0.017547091684263234,0.1037836560266594,0.19883736418646134,0.07818518518320361,0.08327743903808837,0.07032734985643974,0.0319525967460792,-0.07642857142857146,-0.04090446448580076,1.6474159389325012,0.004399738305656542,0.019808787400719008,-0.49615738150719646,0.020009516206283884,0.14161105503923022,-0.1034024325632242,-0.061760188807762,0.017547091684263234,0.1037836560266594,0.19883736418646134,0.04629498,0.09531607503923022,-0.014342383253920801,0.0
29,공공AI+돌봄,0.45,0.045,0.065,0.18,공공AI+돌봄,0.98,0.78,0.0,0.075,0.0,0.0,0.1,0.88,0.28815270037739116,0.25449863729539485,0.12684833367496884,1.0147986647690377,0.37214285714285716,0.3117292283573497,4.011245707863825,0.9750066537492744,0.8885646982451728,0.7011147898888903,0.4020923460052578,1.1622249649252554,0.0,0.0,0.0,0.0,0.0,0.3760458606052164,0.3468488133756209,0.20797731037619094,0.9842193347691267,0.2835714285714286,0.24273813256285537,5.6150127424663285,0.9738590231008925,0.9129949721430425,0.6830553853745784,0.42719304922809936,1.242665579740659,-0.19848378915336332,-0.13760636751247754,-0.04206502930832134,0.05395183241614072,0.17121966073351097,0.08789316022782523,0.09235017608022605,0.0811289767012221,-0.030579329999910976,-0.08857142857142858,-0.0689910957944943,1.6037670346025035,-0.0011476306483819698,0.02443027389786967,-0.018059404514311872,0.02510070322284158,0.08044061481540354,-0.19848378915336332,-0.13760636751247754,-0.04206502930832134,0.05395183241614072,0.17121966073351097,0.04255218,0.03788843481540354,-0.07313150999991097,0.0
29,공공AI 종합안,0.45,0.045,0.065,0.18,공공AI 종합안,0.98,0.9,0.065,0.075,0.22,0.08,0.35,0.92,0.28815270037739116,0.25449863729539485,0.12684833367496884,1.0147986647690377,0.37214285714285716,0.3117292283573497,4.011245707863825,0.9750066537492744,0.8885646982451728,0.7011147898888903,0.4020923460052578,1.1622249649252554,0.0,0.0,0.0,0.0,0.0,0.3612574474927652,0.3313060433142792,0.19198971559844447,1.0724162375057946,0.295,0.2832668119655744,5.670414496600545,0.987135233635488,0.9427979789473458,0.20126288299599138,0.4046924682466599,1.327230925408417,-0.06774691197341723,-0.033415179540456655,0.041762819818497186,0.12288723859170193,0.21263221089357284,0.07310474711537407,0.07680740601888436,0.06514138192347563,0.05761757273675694,-0.07714285714285718,-0.02846241639177527,1.6591687887367197,0.01212857988621363,0.05423328070217304,-0.49985190689289893,0.002600122241402103,0.16500596048316152,-0.06774691197341723,-0.033415179540456655,0.041762819818497186,0.12288723859170193,0.21263221089357284,0.06642450000000001,0.0985814604831615,-0.008806927263243072,7.105427357601002e-15
29,공공AI 실패,0.45,0.045,0.065,0.18,공공AI 실패,0.9,0.42,0.018,0.025,0.0,0.0,0.04,0.38,0.28815270037739116,0.25449863729539485,0.12684833367496884,1.0147986647690377,0.37214285714285716,0.3117292283573497,4.011245707863825,0.9750066537492744,0.8885646982451728,0.7011147898888903,0.4020923460052578,1.1622249649252554,0.0,0.0,0.0,0.0,0.0,0.38459301806318547,0.3604268657011926,0.21605513668326448,0.9505212024253079,0.28214285714285714,0.23571700994530204,5.562592480371124,0.9736949219489752,0.896650097874143,0.5211478294578418,0.43043473924254255,1.2124847637929748,-0.23395693267587214,-0.1754868065320619,-0.08275865358278586,0.02239941027715429,0.1426277640900367,0.09644031768579431,0.10592822840579774,0.08920680300829564,-0.06427746234372977,-0.09000000000000002,-0.07601221841204764,1.5513467725072987,-0.0013117318002991984,0.008085399628970147,-0.17996696043104854,0.02834239323728477,0.05025979886771936,-0.23395693267587214,-0.1754868065320619,-0.08275865358278586,0.02239941027715429,0.1426277640900367,0.015324899999999999,0.03493489886771936,-0.07960236234372978,0.0
30,시장·고가AI,0.45,0.045,0.065,0.18,시장·고가AI,0.1,0.3,0.0,0.0,0.0,0.0,0.0,0.65,0.288421814508789,0.25621259642005273,0.12741541554275393,1.0267307795629632,0.37285714285714283,0.17466871197198783,3.5982706027682934,0.9781019234107065,0.8889227999093807,0.8015099875640169,0.3863029820961685,1.1766547310729736,0.0,0.0,0.0,0.0,0.0,0.3885979128281536,0.3722671735321384,0.22246596992858692,0.9614870830049376,0.2835714285714286,0.11509207990616928,5.2012699303295555,0.9687255063753257,0.8791010485776724,0.8164610897404712,0.42487133191424553,1.2365852114750904,-0.2568203574376831,-0.15502313154513558,-0.09542590227764076,0.023113917615711743,0.1558859623965465,0.10017609831936458,0.11605457711208567,0.09505055438583299,-0.06524369655802564,-0.08928571428571425,-0.05957663206581855,1.6029993275612622,-0.009376417035380724,-0.009821751331708373,0.014951102176454234,0.03856834981807705,0.05993048040211679,-0.2568203574376831,-0.15502313154513558,-0.09542590227764076,0.023113917615711743,0.1558859623965465,0.0,0.05993048040211679,-0.06524369655802564,0.0
30,전국민 공공AI,0.45,0.045,0.065,0.18,전국민 공공AI,0.98,0.72,0.0,0.0,0.0,0.0,0.1,0.82,0.288421814508789,0.25621259642005273,0.12741541554275393,1.0267307795629632,0.37285714285714283,0.17466871197198783,3.5982706027682934,0.9781019234107065,0.8889227999093807,0.8015099875640169,0.3863029820961685,1.1766547310729736,0.0,0.0,0.0,0.0,0.0,0.37949132204628055,0.36073382474219445,0.21339531496760333,1.0039373108567669,0.2914285714285714,0.12153516282146101,5.272298705067914,0.9693181242465116,0.8797167792121071,0.7972339720235792,0.4213261716759025,1.2762920561748488,-0.20969899482545623,-0.1081977149194734,-0.04483688193307485,0.06294045585601801,0.18754226552480188,0.09106950753749155,0.10452122832214172,0.0859798994248494,-0.022793468706196363,-0.0814285714285714,-0.053133549150526815,1.674028102299621,-0.008783799164194805,-0.00920602069727361,-0.004276015540437772,0.03502318957973405,0.09963732510187517,-0.20969899482545623,-0.1081977149194734,-0.04483688193307485,0.06294045585601801,0.18754226552480188,0.02667168,0.07296564510187517,-0.049465148706196366,0.0
30,공공AI+공교육,0.45,0.045,0.065,0.18,공공AI+공교육,0.98,0.82,0.065,0.0,0.0,0.0,0.25,0.86,0.288421814508789,0.25621259642005273,0.12741541554275393,1.0267307795629632,0.37285714285714283,0.17466871197198783,3.5982706027682934,0.9781019234107065,0.8889227999093807,0.8015099875640169,0.3863029820961685,1.1766547310729736,0.0,0.0,0.0,0.0,0.0,0.36761608175929217,0.3476621556079015,0.2004498286932067,1.0785843788943317,0.2957142857142857,0.14473295465639663,5.350754839587892,0.9821829066203969,0.9098247805526651,0.2308476797551896,0.4146193335733677,1.348988991061664,-0.10030801215665466,-0.02187984469328682,0.0261208764626869,0.12016979501827534,0.2222455206768294,0.07919426725050316,0.09144955918784875,0.07303441315045278,0.05185359933136846,-0.07714285714285712,-0.0299357573155912,1.7524842368195985,0.004080983209690414,0.020901980643284412,-0.5706623078088273,0.028316351477199242,0.17233425998869034,-0.10030801215665466,-0.02187984469328682,0.0261208764626869,0.12016979501827534,0.2222455206768294,0.04629498,0.12603927998869036,0.005558619331368461,0.0
30,공공AI+돌봄,0.45,0.045,0.065,0.18,공공AI+돌봄,0.98,0.78,0.0,0.075,0.0,0.0,0.1,0.88,0.288421814508789,0.25621259642005273,0.12741541554275393,1.0267307795629632,0.37285714285714283,0.17466871197198783,3.5982706027682934,0.9781019234107065,0.8889227999093807,0.8015099875640169,0.3863029820961685,1.1766547310729736,0.0,0.0,0.0,0.0,0.0,0.3773264160907964,0.35836896123929257,0.21122799411536042,1.016704282078096,0.285,0.12360455914614576,5.284217944027556,0.9760956440418052,0.9135903508314953,0.7901187615587457,0.41994958364846147,1.2889710518286221,-0.19568019510199305,-0.09345544071703087,-0.030820119520087903,0.07433109459361933,0.19655739093673838,0.08890460158200741,0.10215636481923984,0.08381257857260649,-0.01002649748486717,-0.08785714285714286,-0.05106415282584206,1.6859473412592623,-0.002006279368901298,0.02466755092211459,-0.011391226005271204,0.03364660155229299,0.11231632075564857,-0.19568019510199305,-0.09345544071703087,-0.030820119520087903,0.07433109459361933,0.19655739093673838,0.04255218,0.06976414075564857,-0.05257867748486717,0.0
30,공공AI 종합안,0.45,0.045,0.065,0.18,공공AI 종합안,0.98,0.9,0.065,0.075,0.22,0.08,0.35,0.92,0.288421814508789,0.25621259642005273,0.12741541554275393,1.0267307795629632,0.37285714285714283,0.17466871197198783,3.5982706027682934,0.9781019234107065,0.8889227999093807,0.8015099875640169,0.3863029820961685,1.1766547310729736,0.0,0.0,0.0,0.0,0.0,0.36281388142965754,0.3397727174926674,0.19548778142010614,1.1028867688174189,0.3,0.15492832741486334,5.367070748818042,0.9889481125301217,0.9441003017976923,0.22673110690363119,0.39588225771196883,1.3708763438847564,-0.06855814961963347,0.0049384027069153584,0.04965135090770065,0.13752264560759372,0.2342023681176947,0.07439206692086853,0.08356012107261468,0.06807236587735221,0.07615598925445566,-0.07285714285714284,-0.019740384557124485,1.768800146049749,0.010846189119415262,0.05517750188831161,-0.5747788806603857,0.009579275615800353,0.19422161281178285,-0.06855814961963347,0.0049384027069153584,0.04965135090770065,0.13752264560759372,0.2342023681176947,0.06642450000000001,0.12779711281178285,0.009731489254455647,0.0
30,공공AI 실패,0.45,0.045,0.065,0.18,공공AI 실패,0.9,0.42,0.018,0.025,0.0,0.0,0.04,0.38,0.288421814508789,0.25621259642005273,0.12741541554275393,1.0267307795629632,0.37285714285714283,0.17466871197198783,3.5982706027682934,0.9781019234107065,0.8889227999093807,0.8015099875640169,0.3863029820961685,1.1766547310729736,0.0,0.0,0.0,0.0,0.0,0.3848599911464635,0.3681601211648416,0.2183911989607309,0.9844221693823083,0.28785714285714287,0.11970604526026728,5.229026971905629,0.9765762728424782,0.8976909851306547,0.5942591394601096,0.4230032169642972,1.2594819404200255,-0.22419737197719755,-0.12722718805840108,-0.07117204944935224,0.04303315092838352,0.1691624885196837,0.09643817663767451,0.11194752474478886,0.09097578341797696,-0.042308610180654904,-0.08499999999999996,-0.05496266671172055,1.6307563691373357,-0.0015256505682282873,0.008768185221273983,-0.20725084810390737,0.036700234868128734,0.0828272093470519,-0.22419737197719755,-0.12722718805840108,-0.07117204944935224,0.04303315092838352,0.1691624885196837,0.015324899999999999,0.0675023093470519,-0.05763351018065491,0.0
31,시장·고가AI,0.45,0.045,0.065,0.18,시장·고가AI,0.1,0.3,0.0,0.0,0.0,0.0,0.0,0.65,0.29880488440389164,0.2602605540978802,0.13685005417030116,1.0116983805625317,0.3678571428571429,0.273308582488848,4.421471680329355,0.9744017172865816,0.8869476473224425,0.7181699232452918,0.3832866393695423,1.1721003812263944,0.0,0.0,0.0,0.0,0.0,0.40401807759511665,0.37016459584439043,0.23851503225540172,0.9361048879414305,0.295,0.1920729274962211,6.908084242298065,0.9650826088487221,0.8775914996659108,0.7228582718994973,0.4280277373700057,1.2293149931955054,-0.26920199215089086,-0.16996979482668753,-0.09692891830941434,-0.004453100316222631,0.15226264292550779,0.10521319319122502,0.10990404174651025,0.10166497808510055,-0.07559349262110115,-0.0728571428571429,-0.08123565499262689,2.48661256196871,-0.009319108437859547,-0.0093561476565317,0.004688348654205421,0.044741098000463386,0.05721461196911104,-0.26920199215089086,-0.16996979482668753,-0.09692891830941434,-0.004453100316222631,0.15226264292550779,0.0,0.05721461196911104,-0.07559349262110115,0.0
31,전국민 공공AI,0.45,0.045,0.065,0.18,전국민 공공AI,0.98,0.72,0.0,0.0,0.0,0.0,0.1,0.82,0.29880488440389164,0.2602605540978802,0.13685005417030116,1.0116983805625317,0.3678571428571429,0.273308582488848,4.421471680329355,0.9744017172865816,0.8869476473224425,0.7181699232452918,0.3832866393695423,1.1721003812263944,0.0,0.0,0.0,0.0,0.0,0.3940212424407378,0.3586455670979604,0.22834305125844823,0.9802509670664271,0.2892857142857143,0.20354452712994536,7.009922293374506,0.9657102478872028,0.8782091831103132,0.7006124510382081,0.4241733083473651,1.270319626700775,-0.21619251569061082,-0.12032345034844695,-0.045721354833549235,0.039876563116825976,0.18447508386261827,0.09521635803684614,0.09838501300008023,0.09149299708814707,-0.03144741349610458,-0.07857142857142857,-0.06976405535890262,2.5884506130451506,-0.008691469399378815,-0.008738464212129315,-0.017557472207083702,0.04088666897782278,0.09821924547438066,-0.21619251569061082,-0.12032345034844695,-0.045721354833549235,0.039876563116825976,0.18447508386261827,0.02667168,0.07154756547438065,-0.058119093496104585,0.0
31,공공AI+공교육,0.45,0.045,0.065,0.18,공공AI+공교육,0.98,0.82,0.065,0.0,0.0,0.0,0.25,0.86,0.29880488440389164,0.2602605540978802,0.13685005417030116,1.0116983805625317,0.3678571428571429,0.273308582488848,4.421471680329355,0.9744017172865816,0.8869476473224425,0.7181699232452918,0.3832866393695423,1.1721003812263944,0.0,0.0,0.0,0.0,0.0,0.38283054122881244,0.34701339737189413,0.21570084385624055,1.0539364308057684,0.295,0.2329863627031948,7.104713689049888,0.9790874406845638,0.9077971131449977,0.21364380575417474,0.4185474165905443,1.3437939114811253,-0.10830204270959834,-0.0375737058960042,0.027368184608669643,0.1018783985494843,0.2211374277102512,0.0840256568249208,0.08675284327401395,0.0788507896859394,0.04223805024323668,-0.0728571428571429,-0.040322219785653174,2.6832420087205326,0.004685723397982122,0.020849465822555202,-0.5045261174911171,0.03526077722100196,0.1716935302547309,-0.10830204270959834,-0.0375737058960042,0.027368184608669643,0.1018783985494843,0.2211374277102512,0.04629498,0.1253985502547309,-0.0040569297567633195,0.0
31,공공AI+돌봄,0.45,0.045,0.065,0.18,공공AI+돌봄,0.98,0.78,0.0,0.075,0.0,0.0,0.1,0.88,0.29880488440389164,0.2602605540978802,0.13685005417030116,1.0116983805625317,0.3678571428571429,0.273308582488848,4.421471680329355,0.9744017172865816,0.8869476473224425,0.7181699232452918,0.3832866393695423,1.1721003812263944,0.0,0.0,0.0,0.0,0.0,0.39163196913964937,0.35568034251600567,0.22599857423753245,0.9937773039367375,0.29285714285714287,0.20643876930588068,7.043983075894579,0.973483097893061,0.912087310739296,0.6965831390181111,0.42296907544172535,1.283947639964318,-0.20170336009874631,-0.10453506533046937,-0.029706814746017742,0.052433648024599,0.1941484858971852,0.09282708473575774,0.09541978841812548,0.08914852006723128,-0.01792107662579423,-0.07500000000000001,-0.06686981318296731,2.6225113955652244,-0.0009186193935206699,0.025139663416853586,-0.021586784227180744,0.039682436072183025,0.11184725873792356,-0.20170336009874631,-0.10453506533046937,-0.029706814746017742,0.052433648024599,0.1941484858971852,0.04255218,0.06929507873792357,-0.06047325662579423,0.0
31,공공AI 종합안,0.45,0.045,0.065,0.18,공공AI 종합안,0.98,0.9,0.065,0.075,0.22,0.08,0.35,0.92,0.29880488440389164,0.2602605540978802,0.13685005417030116,1.0116983805625317,0.3678571428571429,0.273308582488848,4.421471680329355,0.9744017172865816,0.8869476473224425,0.7181699232452918,0.3832866393695423,1.1721003812263944,0.0,0.0,0.0,0.0,0.0,0.37731790679031163,0.3417677853942427,0.20997867695856776,1.080773346781433,0.2935714285714286,0.24444436292194624,7.140557386911183,0.9868935578127136,0.9422303534099785,0.2107158677617993,0.39990816561326303,1.3680306027952014,-0.0719820329853745,-0.008443815007890586,0.05396494573265488,0.12217849835238859,0.2345142199161091,0.07851302238642,0.0815072312963625,0.0731286227882666,0.06907496621890141,-0.07428571428571429,-0.028864219566901744,2.7190857065818284,0.012491840526131948,0.05528270608753605,-0.5074540554834925,0.016621526243720708,0.19593022156880702,-0.0719820329853745,-0.008443815007890586,0.05396494573265488,0.12217849835238859,0.2345142199161091,0.06642450000000001,0.12950572156880702,0.002650466218901401,0.0
31,공공AI 실패,0.45,0.045,0.065,0.18,공공AI 실패,0.9,0.42,0.018,0.025,0.0,0.0,0.04,0.38,0.29880488440389164,0.2602605540978802,0.13685005417030116,1.0116983805625317,0.3678571428571429,0.273308582488848,4.421471680329355,0.9744017172865816,0.8869476473224425,0.7181699232452918,0.3832866393695423,1.1721003812263944,0.0,0.0,0.0,0.0,0.0,0.4004872875213342,0.36829879918513303,0.23450984825026366,0.9589104985923624,0.29642857142857143,0.1998431592514618,6.942436410088899,0.9733041740745936,0.8959370594797933,0.5304138724875651,0.4263401614283216,1.2526751603538089,-0.23695114119454347,-0.14308965766628756,-0.07160641694355999,0.01724291371313304,0.1664642029775846,0.10168240311744259,0.10803824508725285,0.0976597940799625,-0.05278788197016926,-0.07142857142857145,-0.0734654232373862,2.5209647297595437,-0.0010975432119880724,0.008989412157350829,-0.18775605075772672,0.04305352205877927,0.08057477912741451,-0.23695114119454347,-0.14308965766628756,-0.07160641694355999,0.01724291371313304,0.1664642029775846,0.015324899999999999,0.0652498791274145,-0.06811278197016926,0.0
32,시장·고가AI,0.45,0.045,0.065,0.18,시장·고가AI,0.1,0.3,0.0,0.0,0.0,0.0,0.0,0.65,0.2941342917902272,0.25735664865715735,0.1324075590727125,1.0032938159550522,0.37142857142857144,0.3487156786266289,3.5478171676161514,0.9743223914624978,0.8904004513643193,0.6800134662379561,0.3785066385490035,1.1564114307896993,0.0,0.0,0.0,0.0,0.0,0.39537210089272923,0.3733931249560614,0.22828749727939557,0.9273481731789255,0.2807142857142857,0.26227861331652336,4.748600204490442,0.9650921106089836,0.8810760558592649,0.6853010294565518,0.40636462250281236,1.2016757146082786,-0.24898440332360258,-0.2036714027906372,-0.08073996714477953,-0.021615661734470534,0.16143845593603545,0.10123780910250202,0.11603647629890407,0.09587993820668306,-0.0759456427761267,-0.09071428571428575,-0.08643706531010553,1.2007830368742907,-0.009230280853514183,-0.009324395505054484,0.005287563218595692,0.02785798395380884,0.045264283818579276,-0.24898440332360258,-0.2036714027906372,-0.08073996714477953,-0.021615661734470534,0.16143845593603545,0.0,0.045264283818579276,-0.0759456427761267,0.0
32,전국민 공공AI,0.45,0.045,0.065,0.18,전국민 공공AI,0.98,0.72,0.0,0.0,0.0,0.0,0.1,0.82,0.2941342917902272,0.25735664865715735,0.1324075590727125,1.0032938159550522,0.37142857142857144,0.3487156786266289,3.5478171676161514,0.9743223914624978,0.8904004513643193,0.6800134662379561,0.3785066385490035,1.1564114307896993,0.0,0.0,0.0,0.0,0.0,0.384859645199531,0.36019722091370776,0.2177893680034293,0.9703519250876171,0.285,0.2736823031778516,4.79732376996717,0.9657045309843355,0.8816935676489688,0.6654149455420985,0.4032447056742193,1.240525103335429,-0.19789465750163912,-0.1481583892507193,-0.03428228171241518,0.025606019042864706,0.1878049737161714,0.09072535340930377,0.10284057225655041,0.08538180893071678,-0.03294189086743504,-0.08642857142857147,-0.0750333754487773,1.2495066023510182,-0.008617860478162265,-0.008706883715350555,-0.014598520695857653,0.024738067125215757,0.08411367254572966,-0.19789465750163912,-0.1481583892507193,-0.03428228171241518,0.025606019042864706,0.1878049737161714,0.02667168,0.05744199254572965,-0.059613570867435045,0.0
32,공공AI+공교육,0.45,0.045,0.065,0.18,공공AI+공교육,0.98,0.82,0.065,0.0,0.0,0.0,0.25,0.86,0.2941342917902272,0.25735664865715735,0.1324075590727125,1.0032938159550522,0.37142857142857144,0.3487156786266289,3.5478171676161514,0.9743223914624978,0.8904004513643193,0.6800134662379561,0.3785066385490035,1.1564114307896993,0.0,0.0,0.0,0.0,0.0,0.3725842410890615,0.34525934387338475,0.20430656672195935,1.0444244292483476,0.29,0.31132016968400605,4.855341738068912,0.9793548476180416,0.9120063031610607,0.1906757766157111,0.39758173342101555,1.312596517160639,-0.08492676139434009,-0.0583898681016503,0.037612702055174155,0.08331361295540234,0.22327803970931517,0.07844994929883431,0.0879026952162274,0.07189900764924684,0.04113061329329537,-0.08142857142857146,-0.037395508942622835,1.3075245704527605,0.0050324561555438185,0.02160585179674135,-0.489337689622245,0.019075094872012033,0.15618508637093975,-0.08492676139434009,-0.0583898681016503,0.037612702055174155,0.08331361295540234,0.22327803970931517,0.04629498,0.10989010637093975,-0.005164366706704629,0.0
32,공공AI+돌봄,0.45,0.045,0.065,0.18,공공AI+돌봄,0.98,0.78,0.0,0.075,0.0,0.0,0.1,0.88,0.2941342917902272,0.25735664865715735,0.1324075590727125,1.0032938159550522,0.37142857142857144,0.3487156786266289,3.5478171676161514,0.9743223914624978,0.8904004513643193,0.6800134662379561,0.3785066385490035,1.1564114307896993,0.0,0.0,0.0,0.0,0.0,0.3824487764645198,0.3572999210300407,0.2154794539165692,0.9838899084208815,0.285,0.27761664712135875,4.81068545082776,0.9737388808327684,0.9155696710547511,0.6613469623009459,0.40223511331069434,1.254128924134319,-0.1828830017564781,-0.13208127978332704,-0.02014278059655373,0.04046096203537626,0.1969977345964105,0.08831448467429259,0.09994327237288336,0.08307189484385669,-0.01940390753417065,-0.08642857142857147,-0.07109903150527014,1.262868283211609,-0.000583510629729389,0.025169219690431732,-0.018666503937010193,0.02372847476169082,0.09771749334461965,-0.1828830017564781,-0.13208127978332704,-0.02014278059655373,0.04046096203537626,0.1969977345964105,0.04255218,0.05516531334461965,-0.06195608753417065,0.0
32,공공AI 종합안,0.45,0.045,0.065,0.18,공공AI 종합안,0.98,0.9,0.065,0.075,0.22,0.08,0.35,0.92,0.2941342917902272,0.25735664865715735,0.1324075590727125,1.0032938159550522,0.37142857142857144,0.3487156786266289,3.5478171676161514,0.9743223914624978,0.8904004513643193,0.6800134662379561,0.3785066385490035,1.1564114307896993,0.0,0.0,0.0,0.0,0.0,0.36703828239005754,0.3370199724985095,0.19872679607743338,1.0701649152063277,0.2957142857142857,0.323539807234381,4.864260547493107,0.9874054471101226,0.9463480885933625,0.18793859564352966,0.38138959134545636,1.3355805609964542,-0.050494170840369,-0.027900758669179085,0.061860679570656475,0.10478864865805274,0.23436739994538577,0.07290399059983033,0.07966332384135216,0.06631923700472087,0.06687109925127555,-0.07571428571428573,-0.02517587139224786,1.3164433798769553,0.013083055647624797,0.05594763722904317,-0.49207487059442645,0.0028829527964528423,0.17916913020675485,-0.050494170840369,-0.027900758669179085,0.061860679570656475,0.10478864865805274,0.23436739994538577,0.06642450000000001,0.11274463020675483,0.000446599251275534,0.0
32,공공AI 실패,0.45,0.045,0.065,0.18,공공AI 실패,0.9,0.42,0.018,0.025,0.0,0.0,0.04,0.38,0.2941342917902272,0.25735664865715735,0.1324075590727125,1.0032938159550522,0.37142857142857144,0.3487156786266289,3.5478171676161514,0.9743223914624978,0.8904004513643193,0.6800134662379561,0.3785066385490035,1.1564114307896993,0.0,0.0,0.0,0.0,0.0,0.3913285410301739,0.3688903375427063,0.22379956345815344,0.950486059301409,0.2792857142857143,0.27243232662145367,4.768656014864718,0.9734764503564471,0.8996582508562533,0.49780488720889843,0.404747422724162,1.224536878046662,-0.2137171081707815,-0.17412486635694185,-0.05619795298473536,-0.0006988350828844509,0.1743878271594636,0.09719424923994668,0.11153368888554893,0.09139200438544093,-0.052807756653643234,-0.09214285714285714,-0.07628335200517522,1.220838847248567,-0.0008459411060506294,0.009257799491933949,-0.18220857902905768,0.02624078417515846,0.06812544725696257,-0.2137171081707815,-0.17412486635694185,-0.05619795298473536,-0.0006988350828844509,0.1743878271594636,0.015324899999999999,0.052800547256962566,-0.06813265665364324,0.0
33,시장·고가AI,0.45,0.045,0.065,0.18,시장·고가AI,0.1,0.3,0.0,0.0,0.0,0.0,0.0,0.65,0.28781495097876875,0.24815335862608742,0.126713983521741,1.0222199136252383,0.3707142857142857,0.21663268751465092,3.8021410501625734,0.9755841932472468,0.8875587846912679,0.7477391393957723,0.3848614933251747,1.1705442367525727,0.0,0.0,0.0,0.0,0.0,0.3899042718629233,0.3593647780487525,0.2225640727250332,0.9654596394166832,0.2814285714285714,0.158766777811062,5.434289224919833,0.9665650910753685,0.8779809228641884,0.7589766143299111,0.41972924417914337,1.2418510716384932,-0.24443256674501285,-0.1684339305653285,-0.08063260081111641,0.0367941110553305,0.17106684170282865,0.10208932088415457,0.11121141942266508,0.09585008920329219,-0.05676027420855512,-0.0892857142857143,-0.05786590970358893,1.6321481747572593,-0.00901910217187829,-0.009577861827079537,0.011237474934138847,0.03486775085396865,0.07130683488592049,-0.24443256674501285,-0.1684339305653285,-0.08063260081111641,0.0367941110553305,0.17106684170282865,0.0,0.07130683488592049,-0.05676027420855512,0.0
33,전국민 공공AI,0.45,0.045,0.065,0.18,전국민 공공AI,0.98,0.72,0.0,0.0,0.0,0.0,0.1,0.82,0.28781495097876875,0.24815335862608742,0.126713983521741,1.0222199136252383,0.3707142857142857,0.21663268751465092,3.8021410501625734,0.9755841932472468,0.8875587846912679,0.7477391393957723,0.3848614933251747,1.1705442367525727,0.0,0.0,0.0,0.0,0.0,0.38040575451745173,0.34804213240594983,0.21302872320075084,1.0071515742854165,0.2892857142857143,0.1675151607223566,5.466895848788121,0.9671387258383541,0.8786193004528362,0.7316619207137522,0.416767581068827,1.2797818725756795,-0.195738522610539,-0.12152329318614587,-0.03436840692807167,0.07630483876546965,0.2010727576799272,0.09259080353868299,0.09988877377986241,0.08631473967900982,-0.015068339339821879,-0.0814285714285714,-0.049117526792294336,1.6647547986255473,-0.008445467408892626,-0.008939484238431716,-0.016077218682020056,0.03190608774365228,0.10923763582310686,-0.195738522610539,-0.12152329318614587,-0.03436840692807167,0.07630483876546965,0.2010727576799272,0.02667168,0.08256595582310686,-0.04174001933982188,0.0
33,공공AI+공교육,0.45,0.045,0.065,0.18,공공AI+공교육,0.98,0.82,0.065,0.0,0.0,0.0,0.25,0.86,0.28781495097876875,0.24815335862608742,0.126713983521741,1.0222199136252383,0.3707142857142857,0.21663268751465092,3.8021410501625734,0.9755841932472468,0.8875587846912679,0.7477391393957723,0.3848614933251747,1.1705442367525727,0.0,0.0,0.0,0.0,0.0,0.36811532316134965,0.33537333373334627,0.19989801984272082,1.0826331763919448,0.3007142857142857,0.19193325232218808,5.545293466294813,0.9802281270396741,0.9090731124155684,0.2018487451580605,0.4107133621315274,1.3531189813817575,-0.08973759660008873,-0.028212624543484232,0.038445626640564536,0.12970639144257998,0.2368959616165858,0.0803003721825809,0.08721997510725885,0.0731840363209798,0.060413262766706444,-0.07,-0.024699435192462843,1.7431524161322391,0.004643933792427335,0.021514327724300508,-0.5458903942377118,0.025851868806352707,0.18257474462918477,-0.08973759660008873,-0.028212624543484232,0.038445626640564536,0.12970639144257998,0.2368959616165858,0.04629498,0.13627976462918479,0.014118282766706444,0.0
33,공공AI+돌봄,0.45,0.045,0.065,0.18,공공AI+돌봄,0.98,0.78,0.0,0.075,0.0,0.0,0.1,0.88,0.28781495097876875,0.24815335862608742,0.126713983521741,1.0222199136252383,0.3707142857142857,0.21663268751465092,3.8021410501625734,0.9755841932472468,0.8875587846912679,0.7477391393957723,0.3848614933251747,1.1705442367525727,0.0,0.0,0.0,0.0,0.0,0.3784478329720883,0.34804012902118475,0.21106510928630762,1.020154288015232,0.28785714285714287,0.17110690201191572,5.4850239843893105,0.9745880243860795,0.9125107283345165,0.7250760495053575,0.41603797069501247,1.2930779206537208,-0.1816967251667036,-0.10655473159444834,-0.021797974636622967,0.08874630691905878,0.21118927603382132,0.09063288199331954,0.09988677039509733,0.0843511257645666,-0.0020656256100064496,-0.08285714285714285,-0.0455257855027352,1.682882934226737,-0.000996168861167268,0.024951943643248597,-0.022663089890414767,0.031176477369837752,0.12253368390114816,-0.1816967251667036,-0.10655473159444834,-0.021797974636622967,0.08874630691905878,0.21118927603382132,0.04255218,0.07998150390114817,-0.04461780561000645,0.0
33,공공AI 종합안,0.45,0.045,0.065,0.18,공공AI 종합안,0.98,0.9,0.065,0.075,0.22,0.08,0.35,0.92,0.28781495097876875,0.24815335862608742,0.126713983521741,1.0222199136252383,0.3707142857142857,0.21663268751465092,3.8021410501625734,0.9755841932472468,0.8875587846912679,0.7477391393957723,0.3848614933251747,1.1705442367525727,0.0,0.0,0.0,0.0,0.0,0.36311656849134466,0.3331528814114799,0.19474145642847063,1.107599679392834,0.30214285714285716,0.20259021644233402,5.558135143097569,0.9877097585153847,0.9434954960695192,0.19847983617107856,0.3924940064247813,1.3754584639119054,-0.05595707925234853,-0.00012746058086983585,0.060296104901669714,0.1475747778393252,0.2493065298289688,0.07530161751257591,0.0849995227853925,0.06802747290672961,0.08537976576759565,-0.06857142857142856,-0.014042471072316903,1.755994092934996,0.012125565268137906,0.05593671137825129,-0.5492593032246937,0.007632513099606608,0.20491422715933272,-0.05595707925234853,-0.00012746058086983585,0.060296104901669714,0.1475747778393252,0.2493065298289688,0.06642450000000001,0.13848972715933272,0.01895526576759564,-3.552713678800501e-15
33,공공AI 실패,0.45,0.045,0.065,0.18,공공AI 실패,0.9,0.42,0.018,0.025,0.0,0.0,0.04,0.38,0.28781495097876875,0.24815335862608742,0.126713983521741,1.0222199136252383,0.3707142857142857,0.21663268751465092,3.8021410501625734,0.9755841932472468,0.8875587846912679,0.7477391393957723,0.3848614933251747,1.1705442367525727,0.0,0.0,0.0,0.0,0.0,0.38601485054849016,0.3561016661411103,0.21837599117201567,0.9890931073040555,0.2864285714285714,0.16482984863022224,5.461143839637868,0.9747021519901453,0.8966166220284775,0.5472968784403982,0.4180599960370025,1.2654333747848447,-0.21185955745471408,-0.1386650430708453,-0.055471218418137076,0.05620844808252027,0.1850700847560189,0.09819989956972142,0.10794830751502285,0.09166200765027466,-0.03312680632118281,-0.0842857142857143,-0.05180283888442869,1.659002789475295,-0.0008820412571014513,0.009057837337209551,-0.2004422609553741,0.03319850271182778,0.09488913803227206,-0.21185955745471408,-0.1386650430708453,-0.055471218418137076,0.05620844808252027,0.1850700847560189,0.015324899999999999,0.07956423803227206,-0.048451706321182814,0.0
34,시장·고가AI,0.45,0.045,0.065,0.18,시장·고가AI,0.1,0.3,0.0,0.0,0.0,0.0,0.0,0.65,0.2788689483733289,0.24136570296939702,0.12071907868890264,0.9940257025605845,0.3757142857142857,0.3072717705858961,4.030768434396893,0.9744322070412669,0.8867249679043469,0.686804730205801,0.3681927017288055,1.1304984316939244,0.0,0.0,0.0,0.0,0.0,0.3780278515256439,0.3380704380693339,0.2109967575101105,0.9014302094895962,0.31214285714285717,0.22378400602240936,5.486483203310318,0.9647357942721622,0.876663727241041,0.6932373520074695,0.4015607449195615,1.1424924017357854,-0.25892172800343344,-0.19325465382977158,-0.13405003420681783,-0.0393716484226146,0.13669586262557165,0.09915890315231501,0.09670473509993688,0.09027767882120785,-0.09259549307098836,-0.06357142857142856,-0.08348776456348675,1.4557147689134249,-0.009696412769104712,-0.010061240663305826,0.006432621801668481,0.03336804319075598,0.01199397004186098,-0.25892172800343344,-0.19325465382977158,-0.13405003420681783,-0.0393716484226146,0.13669586262557165,0.0,0.01199397004186098,-0.09259549307098836,0.0
34,전국민 공공AI,0.45,0.045,0.065,0.18,전국민 공공AI,0.98,0.72,0.0,0.0,0.0,0.0,0.1,0.82,0.2788689483733289,0.24136570296939702,0.12071907868890264,0.9940257025605845,0.3757142857142857,0.3072717705858961,4.030768434396893,0.9744322070412669,0.8867249679043469,0.686804730205801,0.3681927017288055,1.1304984316939244,0.0,0.0,0.0,0.0,0.0,0.36816474237589103,0.3264403811946791,0.2015302830659671,0.9455369583555122,0.31285714285714283,0.23451051448217897,5.577808511323876,0.9653860707349193,0.8773117692295749,0.6741151370633817,0.39746370722914237,1.1841863733870692,-0.20828370195179804,-0.13953939445096297,-0.07831880553729477,0.007744527330374177,0.168346934582386,0.08929579400256216,0.08507467822528209,0.08081120437706446,-0.04848874420507232,-0.06285714285714289,-0.07276125610371714,1.547040076926983,-0.00904613630634754,-0.009413198674771972,-0.012689593142419353,0.029271005500336844,0.053687941693144836,-0.20828370195179804,-0.13953939445096297,-0.07831880553729477,0.007744527330374177,0.168346934582386,0.02667168,0.027016261693144836,-0.07516042420507232,0.0
34,공공AI+공교육,0.45,0.045,0.065,0.18,공공AI+공교육,0.98,0.82,0.065,0.0,0.0,0.0,0.25,0.86,0.2788689483733289,0.24136570296939702,0.12071907868890264,0.9940257025605845,0.3757142857142857,0.3072717705858961,4.030768434396893,0.9744322070412669,0.8867249679043469,0.686804730205801,0.3681927017288055,1.1304984316939244,0.0,0.0,0.0,0.0,0.0,0.35577069459296906,0.31270649134394046,0.18842588547577088,1.020049280115571,0.3171428571428571,0.2644908572993962,5.6658179263375485,0.9789427522013864,0.9068480618767055,0.18709746686894513,0.3926719601400115,1.2568775443430162,-0.09468131849111851,-0.04811987770022845,-0.0014862731334852398,0.06706695995638032,0.2064362839731573,0.07690174621964019,0.07134078837454344,0.06770680678686825,0.02602357755498641,-0.05857142857142861,-0.04278091328649991,1.6350494919406557,0.004510545160119506,0.020123093972358674,-0.4997072633368559,0.024479258411205962,0.12637911264909185,-0.09468131849111851,-0.04811987770022845,-0.0014862731334852398,0.06706695995638032,0.2064362839731573,0.04629498,0.08008413264909185,-0.02027140244501359,0.0
34,공공AI+돌봄,0.45,0.045,0.065,0.18,공공AI+돌봄,0.98,0.78,0.0,0.075,0.0,0.0,0.1,0.88,0.2788689483733289,0.24136570296939702,0.12071907868890264,0.9940257025605845,0.3757142857142857,0.3072717705858961,4.030768434396893,0.9744322070412669,0.8867249679043469,0.686804730205801,0.3681927017288055,1.1304984316939244,0.0,0.0,0.0,0.0,0.0,0.36613998843595075,0.32430652434488944,0.1996325583827363,0.9584537401694694,0.3107142857142857,0.23746658541141857,5.6128680352322755,0.9731339008920706,0.9111856600013403,0.6709155497401869,0.3966419690258246,1.1975171531625128,-0.19408599781865224,-0.1234342776980099,-0.0628994081784045,0.01997207121222801,0.17823878527248824,0.08727104006262187,0.08294082137549241,0.07891347969383367,-0.03557196239111515,-0.065,-0.06980518517447754,1.5820996008353827,-0.0012983061491962378,0.02446069209699342,-0.01588918046561416,0.028449267297019076,0.06701872146858845,-0.19408599781865224,-0.1234342776980099,-0.0628994081784045,0.01997207121222801,0.17823878527248824,0.04255218,0.024466541468588447,-0.07812414239111515,0.0
34,공공AI 종합안,0.45,0.045,0.065,0.18,공공AI 종합안,0.98,0.9,0.065,0.075,0.22,0.08,0.35,0.92,0.2788689483733289,0.24136570296939702,0.12071907868890264,0.9940257025605845,0.3757142857142857,0.3072717705858961,4.030768434396893,0.9744322070412669,0.8867249679043469,0.686804730205801,0.3681927017288055,1.1304984316939244,0.0,0.0,0.0,0.0,0.0,0.3507837204533366,0.3088465787919322,0.18358536457043562,1.0449794930507779,0.32071428571428573,0.2749060311672875,5.691675269504803,0.9867092373486418,0.9412063469489464,0.18481934461484817,0.37638245369017365,1.2799617347635517,-0.06203590763867757,-0.019070824642609743,0.024844938113187328,0.08739448033581627,0.21881469534434467,0.07191477208000774,0.0674808758225352,0.06286628588153298,0.05095379049019333,-0.05499999999999999,-0.0323657394186086,1.6609068351079106,0.012277030307374925,0.0544813790445996,-0.5019853855909528,0.008189751961368119,0.1494633030696273,-0.06203590763867757,-0.019070824642609743,0.024844938113187328,0.08739448033581627,0.21881469534434467,0.06642450000000001,0.08303880306962728,-0.015470709509806682,-3.552713678800501e-15
34,공공AI 실패,0.45,0.045,0.065,0.18,공공AI 실패,0.9,0.42,0.018,0.025,0.0,0.0,0.04,0.38,0.2788689483733289,0.24136570296939702,0.12071907868890264,0.9940257025605845,0.3757142857142857,0.3072717705858961,4.030768434396893,0.9744322070412669,0.8867249679043469,0.686804730205801,0.3681927017288055,1.1304984316939244,0.0,0.0,0.0,0.0,0.0,0.37419258227908336,0.33510567340571507,0.2068854116323171,0.9245172205552716,0.315,0.23174306141456089,5.515347552789553,0.973008548061153,0.8949789442544469,0.4998906457497192,0.4001807686989714,1.1656792525504163,-0.22443029206439502,-0.16395445725055577,-0.10785122640205003,-0.017878246267496466,0.1516572895330117,0.09532363390575449,0.09373997043631804,0.08616633294341447,-0.0695084820053129,-0.06071428571428572,-0.07552870917133522,1.4845791183926602,-0.0014236589801138733,0.008253976350100056,-0.18691408445608182,0.031988066970165874,0.03518082085649188,-0.22443029206439502,-0.16395445725055577,-0.10785122640205003,-0.017878246267496466,0.1516572895330117,0.015324899999999999,0.01985592085649188,-0.0848333820053129,0.0
35,시장·고가AI,0.45,0.045,0.065,0.18,시장·고가AI,0.1,0.3,0.0,0.0,0.0,0.0,0.0,0.65,0.2775500091247445,0.23231810381797824,0.11910257719310846,1.023749866254406,0.41,0.3695929023815036,3.5024497723872474,0.9736540842357775,0.8889027648496646,0.6407621691207388,0.38250438819772314,1.1621669444693452,0.0,0.0,0.0,0.0,0.0,0.3857265450915496,0.35554718365420274,0.21784071612713463,0.9363401197432065,0.30642857142857144,0.278719740164224,5.153519044522936,0.9640193478055004,0.8784623400058469,0.6396716062180453,0.40981393950289735,1.1971220428490141,-0.27003260802314555,-0.19882063220017948,-0.1230163195184509,-0.018989475912816252,0.1646154443654813,0.1081765359668051,0.1232290798362245,0.09873813893402617,-0.08740974651119948,-0.10357142857142854,-0.09087316221727959,1.6510692721356883,-0.009634736430277124,-0.010440424843817686,-0.0010905629026934927,0.027309551305174207,0.034955098379668925,-0.27003260802314555,-0.19882063220017948,-0.1230163195184509,-0.018989475912816252,0.1646154443654813,0.0,0.034955098379668925,-0.08740974651119948,0.0
35,전국민 공공AI,0.45,0.045,0.065,0.18,전국민 공공AI,0.98,0.72,0.0,0.0,0.0,0.0,0.1,0.82,0.2775500091247445,0.23231810381797824,0.11910257719310846,1.023749866254406,0.41,0.3695929023815036,3.5024497723872474,0.9736540842357775,0.8889027648496646,0.6407621691207388,0.38250438819772314,1.1621669444693452,0.0,0.0,0.0,0.0,0.0,0.37417518045143583,0.3361623082846624,0.20650999273653914,0.9827976052667027,0.32071428571428573,0.29322833539780424,5.205491447513336,0.9646748213865015,0.8791756976126259,0.6179206113196285,0.4062734922540479,1.238575906779361,-0.21277072211501374,-0.14273835642053445,-0.06945118897768342,0.030913638563111117,0.1899251263303458,0.09662517132669135,0.10384420446668419,0.08740741554343068,-0.040952260987703326,-0.08928571428571425,-0.07636456698369937,1.7030416751260886,-0.00897926284927597,-0.009727067237038645,-0.0228415578011103,0.023769104056324764,0.0764089623100157,-0.21277072211501374,-0.14273835642053445,-0.06945118897768342,0.030913638563111117,0.1899251263303458,0.02667168,0.0497372823100157,-0.06762394098770333,0.0
35,공공AI+공교육,0.45,0.045,0.065,0.18,공공AI+공교육,0.98,0.82,0.065,0.0,0.0,0.0,0.25,0.86,0.2775500091247445,0.23231810381797824,0.11910257719310846,1.023749866254406,0.41,0.3695929023815036,3.5024497723872474,0.9736540842357775,0.8889027648496646,0.6407621691207388,0.38250438819772314,1.1621669444693452,0.0,0.0,0.0,0.0,0.0,0.3608794942179083,0.3213954600589519,0.19220145728302085,1.0610282111488192,0.3357142857142857,0.33403151553187227,5.284800496779825,0.9783459310464413,0.9088407924043713,0.17385181774603597,0.4005094400384672,1.3134812147347013,-0.09098504668498926,-0.05207686677642501,0.004541951214956209,0.0931399473413226,0.22421112962130474,0.08332948509316385,0.08907735624097368,0.07309888008991239,0.03727834489441317,-0.07428571428571429,-0.03556138684963134,1.7823507243925776,0.004691846810663813,0.01993802755470675,-0.4669103513747028,0.01800505184074408,0.15131427026535604,-0.09098504668498926,-0.05207686677642501,0.004541951214956209,0.0931399473413226,0.22421112962130474,0.04629498,0.10501929026535604,-0.009016635105586826,0.0
35,공공AI+돌봄,0.45,0.045,0.065,0.18,공공AI+돌봄,0.98,0.78,0.0,0.075,0.0,0.0,0.1,0.88,0.2775500091247445,0.23231810381797824,0.11910257719310846,1.023749866254406,0.41,0.3695929023815036,3.5024497723872474,0.9736540842357775,0.8889027648496646,0.6407621691207388,0.38250438819772314,1.1621669444693452,0.0,0.0,0.0,0.0,0.0,0.37167901624562294,0.33234484903851114,0.2040970783819871,0.9967013138096952,0.3242857142857143,0.29779690082158655,5.225102093244904,0.9728100964070187,0.9130666619333134,0.6140896992094607,0.40527966928400877,1.2522900554045884,-0.19642217776759907,-0.1269593660799555,-0.05370032138540201,0.044713737941540176,0.19848630533001646,0.09412900712087846,0.1000267452205329,0.08499450118887864,-0.027048552444710827,-0.08571428571428569,-0.07179600155991706,1.7226523208576565,-0.0008439878287588298,0.024163897083648855,-0.02667246991127814,0.022775281086285626,0.09012311093524317,-0.19642217776759907,-0.1269593660799555,-0.05370032138540201,0.044713737941540176,0.19848630533001646,0.04255218,0.047570930935243165,-0.06960073244471082,0.0
35,공공AI 종합안,0.45,0.045,0.065,0.18,공공AI 종합안,0.98,0.9,0.065,0.075,0.22,0.08,0.35,0.92,0.2775500091247445,0.23231810381797824,0.11910257719310846,1.023749866254406,0.41,0.3695929023815036,3.5024497723872474,0.9736540842357775,0.8889027648496646,0.6407621691207388,0.38250438819772314,1.1621669444693452,0.0,0.0,0.0,0.0,0.0,0.3551660057411864,0.3160599233924616,0.18655127863902776,1.087697331819921,0.3414285714285714,0.34784671883206464,5.299527062062041,0.9865034154213692,0.9432101695035637,0.17117897439597196,0.38489320453855347,1.3371430838321392,-0.05374103007179987,-0.02227634486949869,0.02987208346303376,0.11376128909014849,0.23533748501093749,0.07761599661644192,0.08374181957448334,0.0674487014459193,0.063947465565515,-0.06857142857142856,-0.02174618354943897,1.7970772896747937,0.012849331185591728,0.05430740465389916,-0.46958319472476684,0.0023888163408303242,0.174976139362794,-0.05374103007179987,-0.02227634486949869,0.02987208346303376,0.11376128909014849,0.23533748501093749,0.06642450000000001,0.10855163936279398,-0.0024770344344850065,0.0
35,공공AI 실패,0.45,0.045,0.065,0.18,공공AI 실패,0.9,0.42,0.018,0.025,0.0,0.0,0.04,0.38,0.2775500091247445,0.23231810381797824,0.11910257719310846,1.023749866254406,0.41,0.3695929023815036,3.5024497723872474,0.9736540842357775,0.8889027648496646,0.6407621691207388,0.38250438819772314,1.1621669444693452,0.0,0.0,0.0,0.0,0.0,0.3814121592220413,0.3498384537133405,0.21307448708764554,0.9608310344119381,0.3171428571428571,0.2900749397987091,5.1880334615542845,0.972375608248558,0.8968191806943808,0.4624764374200133,0.4080522930157696,1.220993624740888,-0.23163478823677539,-0.16920823061530196,-0.09754766162450955,0.003655881499327943,0.177590130552008,0.10386215009729682,0.11752034989536225,0.09397190989453708,-0.06291883184246794,-0.09285714285714286,-0.07951796258279453,1.685583689167037,-0.0012784759872195295,0.007916415844716251,-0.17828573170072548,0.025547904818046474,0.0588266802715427,-0.23163478823677539,-0.16920823061530196,-0.09754766162450955,0.003655881499327943,0.177590130552008,0.015324899999999999,0.043501780271542695,-0.07824373184246794,0.0
36,시장·고가AI,0.45,0.045,0.065,0.18,시장·고가AI,0.1,0.3,0.0,0.0,0.0,0.0,0.0,0.65,0.2760909136013058,0.23498865420009907,0.11739055497602302,1.0055696274399069,0.4064285714285714,0.3438296022133486,3.2475462407129525,0.9757596218641635,0.8905273245478347,0.6502677332749551,0.37805282828155173,1.1393143741086857,0.0,0.0,0.0,0.0,0.0,0.3812549696309333,0.35527274623040866,0.21341055284501276,0.9291548198205624,0.30428571428571427,0.2476834580766257,4.795838545767559,0.9663465691421227,0.8809133050209381,0.670140082855139,0.41526502201726967,1.181244959719736,-0.26182884726355193,-0.18267010288742117,-0.11324962002356624,-0.003993133423442412,0.16657132185354262,0.10516405602962753,0.1202840920303096,0.09601999786898974,-0.0764148076193445,-0.10214285714285715,-0.09614614413672287,1.5482923050546065,-0.009413052722040849,-0.009614019526896556,0.019872349580183912,0.037212193735717936,0.04193058561105034,-0.26182884726355193,-0.18267010288742117,-0.11324962002356624,-0.003993133423442412,0.16657132185354262,0.0,0.04193058561105034,-0.0764148076193445,0.0
36,전국민 공공AI,0.45,0.045,0.065,0.18,전국민 공공AI,0.98,0.72,0.0,0.0,0.0,0.0,0.1,0.82,0.2760909136013058,0.23498865420009907,0.11739055497602302,1.0055696274399069,0.4064285714285714,0.3438296022133486,3.2475462407129525,0.9757596218641635,0.8905273245478347,0.6502677332749551,0.37805282828155173,1.1393143741086857,0.0,0.0,0.0,0.0,0.0,0.37124940446511356,0.342986251695639,0.20381285136275662,0.971245776513112,0.3092857142857143,0.25951566177913066,4.843585242748517,0.9669505437931437,0.8815429807249178,0.6504457759786696,0.4118900383490076,1.2198712051249503,-0.2137705121780548,-0.1315919050563934,-0.06344793521456367,0.0402969704267166,0.19486388085721842,0.09515849086380779,0.10799759749553994,0.0864222963867336,-0.03432385092679491,-0.09714285714285714,-0.08431394043421792,1.5960390020355648,-0.008809078071019827,-0.008984343822916907,0.00017804270371446496,0.03383721006745588,0.08055683101626454,-0.2137705121780548,-0.1315919050563934,-0.06344793521456367,0.0402969704267166,0.19486388085721842,0.02667168,0.05388515101626454,-0.06099553092679491,0.0
36,공공AI+공교육,0.45,0.045,0.065,0.18,공공AI+공교육,0.98,0.82,0.065,0.0,0.0,0.0,0.25,0.86,0.2760909136013058,0.23498865420009907,0.11739055497602302,1.0055696274399069,0.4064285714285714,0.3438296022133486,3.2475462407129525,0.9757596218641635,0.8905273245478347,0.6502677332749551,0.37805282828155173,1.1393143741086857,0.0,0.0,0.0,0.0,0.0,0.3595054448852174,0.33038462831659116,0.19137390217304462,1.0459551964183942,0.32,0.29523358542734923,4.942918221284026,0.9802250298881002,0.910854324272001,0.16898062633762811,0.4066672159356643,1.2934967090837413,-0.10488172558499674,-0.04248691108231696,0.013879671309990207,0.0989325022045291,0.23143824843537333,0.08341453128391163,0.09539597411649209,0.0739833471970216,0.04038556897848733,-0.08642857142857141,-0.04859601678599934,1.6953719805710739,0.00446540802393669,0.020326999724166295,-0.481287106937327,0.02861438765411256,0.1541823349750555,-0.10488172558499674,-0.04248691108231696,0.013879671309990207,0.0989325022045291,0.23143824843537333,0.04629498,0.10788735497505551,-0.00590941102151267,0.0
36,공공AI+돌봄,0.45,0.045,0.065,0.18,공공AI+돌봄,0.98,0.78,0.0,0.075,0.0,0.0,0.1,0.88,0.2760909136013058,0.23498865420009907,0.11739055497602302,1.0055696274399069,0.4064285714285714,0.3438296022133486,3.2475462407129525,0.9757596218641635,0.8905273245478347,0.6502677332749551,0.37805282828155173,1.1393143741086857,0.0,0.0,0.0,0.0,0.0,0.36884403021670054,0.3414901944648059,0.20151508553172381,0.9841253299366374,0.31785714285714284,0.26318742092114267,4.860074537290701,0.9745472666706626,0.9154151698803329,0.6465334700288672,0.41083101616608064,1.2324908236894896,-0.19870442442106365,-0.11566796664731552,-0.049561976026189926,0.052509115728051114,0.2036442681889065,0.09275311661539476,0.10650154026470682,0.0841245305557008,-0.021444297503269483,-0.08857142857142858,-0.0806421812922059,1.6125282965777483,-0.0012123551935009358,0.024887845332498215,-0.0037342632460879432,0.03277818788452891,0.09317644958080384,-0.19870442442106365,-0.11566796664731552,-0.049561976026189926,0.052509115728051114,0.2036442681889065,0.04255218,0.05062426958080384,-0.06399647750326948,0.0
36,공공AI 종합안,0.45,0.045,0.065,0.18,공공AI 종합안,0.98,0.9,0.065,0.075,0.22,0.08,0.35,0.92,0.2760909136013058,0.23498865420009907,0.11739055497602302,1.0055696274399069,0.4064285714285714,0.3438296022133486,3.2475462407129525,0.9757596218641635,0.8905273245478347,0.6502677332749551,0.37805282828155173,1.1393143741086857,0.0,0.0,0.0,0.0,0.0,0.35396286246708597,0.32243828413798725,0.18591380643941102,1.0708783987198753,0.32285714285714284,0.308251077062617,4.950204382967976,0.9878239489395811,0.9451298436534341,0.16636450988280438,0.3881820414245613,1.3154361383235698,-0.0700709273573535,-0.01369895310547712,0.03820826357418709,0.11799969797437534,0.24218727220695827,0.0778719488657802,0.08744962993788818,0.068523251463388,0.06530877127996848,-0.08357142857142857,-0.035578525150731566,1.7026581422550233,0.012064327075417602,0.054602519105599434,-0.48390322339215075,0.010129213143009574,0.176121764214884,-0.0700709273573535,-0.01369895310547712,0.03820826357418709,0.11799969797437534,0.24218727220695827,0.06642450000000001,0.109697264214884,-0.0011157287200315308,0.0
36,공공AI 실패,0.45,0.045,0.065,0.18,공공AI 실패,0.9,0.42,0.018,0.025,0.0,0.0,0.04,0.38,0.2760909136013058,0.23498865420009907,0.11739055497602302,1.0055696274399069,0.4064285714285714,0.3438296022133486,3.2475462407129525,0.9757596218641635,0.8905273245478347,0.6502677332749551,0.37805282828155173,1.1393143741086857,0.0,0.0,0.0,0.0,0.0,0.37753024105489263,0.35288512952776946,0.20941491240446242,0.9522668527279551,0.30142857142857143,0.2569774137930249,4.829326263817424,0.9744883210138751,0.89914347946785,0.4788098341078255,0.4137142826773252,1.2045089993085396,-0.22844553949442978,-0.1544231605258945,-0.08722018128713264,0.01725718346489291,0.1805109458472636,0.10143932745358686,0.11789647532767039,0.0920243574284394,-0.05330277471195177,-0.10499999999999998,-0.08685218842032366,1.5817800231044714,-0.0012713008502884815,0.008616154920015329,-0.1714578991671296,0.03566145439577345,0.06519462519985386,-0.22844553949442978,-0.1544231605258945,-0.08722018128713264,0.01725718346489291,0.1805109458472636,0.015324899999999999,0.04986972519985386,-0.06862767471195177,0.0
37,시장·고가AI,0.45,0.045,0.065,0.18,시장·고가AI,0.1,0.3,0.0,0.0,0.0,0.0,0.0,0.65,0.2821841889685702,0.25643659780598216,0.12308721277862833,0.9830958031053276,0.37642857142857145,0.29908061773324834,2.9152878778932676,0.9777079428633584,0.8901095774954288,0.6694583238534262,0.37279869275963523,1.121087316129136,0.0,0.0,0.0,0.0,0.0,0.3877939372927782,0.3694452689586088,0.22126828506732843,0.9178219453764846,0.265,0.22190445597300817,4.11781097516379,0.968420107515776,0.8802044496370462,0.6887710271575033,0.39853117948503514,1.1786112312837274,-0.2586235225996059,-0.1889764438871668,-0.08430750546285704,0.006803372608641949,0.18158828534492574,0.105609748324208,0.11300867115262664,0.0981810722887001,-0.06527385772884298,-0.11142857142857143,-0.07717616176024017,1.2025230972705225,-0.009287835347582374,-0.0099051278583826,0.019312703304077083,0.025732486725399906,0.05752391515459143,-0.2586235225996059,-0.1889764438871668,-0.08430750546285704,0.006803372608641949,0.18158828534492574,0.0,0.05752391515459143,-0.06527385772884298,0.0
37,전국민 공공AI,0.45,0.045,0.065,0.18,전국민 공공AI,0.98,0.72,0.0,0.0,0.0,0.0,0.1,0.82,0.2821841889685702,0.25643659780598216,0.12308721277862833,0.9830958031053276,0.37642857142857145,0.29908061773324834,2.9152878778932676,0.9777079428633584,0.8901095774954288,0.6694583238534262,0.37279869275963523,1.121087316129136,0.0,0.0,0.0,0.0,0.0,0.37735631117905977,0.3570399550120506,0.21092642976830966,0.9577084011641291,0.27285714285714285,0.23220199441969774,4.148337455916995,0.9689986702439822,0.8807996736056289,0.6665307236867674,0.3955652190455814,1.2137124310004752,-0.21032438126289155,-0.13784524627382586,-0.03693907540090481,0.04832562715033639,0.20596694276848124,0.09517212221048954,0.10060335720606844,0.08783921698968133,-0.025387401941198484,-0.10357142857142859,-0.0668786233135506,1.2330495780237278,-0.008709272619376152,-0.009309903889799909,-0.002927600166658828,0.022766526285946165,0.09262511487133929,-0.21032438126289155,-0.13784524627382586,-0.03693907540090481,0.04832562715033639,0.20596694276848124,0.02667168,0.06595343487133928,-0.05205908194119849,0.0
37,공공AI+공교육,0.45,0.045,0.065,0.18,공공AI+공교육,0.98,0.82,0.065,0.0,0.0,0.0,0.25,0.86,0.2821841889685702,0.25643659780598216,0.12308721277862833,0.9830958031053276,0.37642857142857145,0.29908061773324834,2.9152878778932676,0.9777079428633584,0.8901095774954288,0.6694583238534262,0.37279869275963523,1.121087316129136,0.0,0.0,0.0,0.0,0.0,0.3647393056527374,0.347430551814923,0.1973840706248724,1.0307100926101358,0.28214285714285714,0.26216155463185126,4.214288052506951,0.9819173543938957,0.9109978634387502,0.18486399523916186,0.38936143854992794,1.2841884329564575,-0.10017775099167663,-0.046163974741725906,0.03783496472086262,0.10612081763288202,0.23886933672153604,0.08255511668416715,0.09099395400894084,0.07429685784624407,0.04761428950480817,-0.0942857142857143,-0.03691906310139709,1.299000174613683,0.0042094115305373325,0.020888285943321372,-0.4845943286142643,0.01656274579029271,0.16310111682732154,-0.10017775099167663,-0.046163974741725906,0.03783496472086262,0.10612081763288202,0.23886933672153604,0.04629498,0.11680613682732154,0.001319309504808172,0.0
37,공공AI+돌봄,0.45,0.045,0.065,0.18,공공AI+돌봄,0.98,0.78,0.0,0.075,0.0,0.0,0.1,0.88,0.2821841889685702,0.25643659780598216,0.12308721277862833,0.9830958031053276,0.37642857142857145,0.29908061773324834,2.9152878778932676,0.9777079428633584,0.8901095774954288,0.6694583238534262,0.37279869275963523,1.121087316129136,0.0,0.0,0.0,0.0,0.0,0.37521924331199064,0.35536283640757044,0.20890258818387253,0.9694523903355213,0.28,0.23490537250483712,4.170780030736387,0.9759596372171394,0.9146720183133135,0.6623250727769943,0.3947382758145366,1.2254526128583119,-0.19765023723226657,-0.12246868275130944,-0.024375805389357644,0.06057320858416874,0.21404547035456986,0.09303505434342041,0.09892623860158828,0.0858153754052442,-0.013643412769806296,-0.09642857142857142,-0.06417524522841123,1.2554921528431198,-0.0017483056462189728,0.024562440817884612,-0.0071332510764319235,0.021939583054901346,0.10436529672917594,-0.19765023723226657,-0.12246868275130944,-0.024375805389357644,0.06057320858416874,0.21404547035456986,0.04255218,0.061813116729175936,-0.0561955927698063,0.0
37,공공AI 종합안,0.45,0.045,0.065,0.18,공공AI 종합안,0.98,0.9,0.065,0.075,0.22,0.08,0.35,0.92,0.2821841889685702,0.25643659780598216,0.12308721277862833,0.9830958031053276,0.37642857142857145,0.29908061773324834,2.9152878778932676,0.9777079428633584,0.8901095774954288,0.6694583238534262,0.37279869275963523,1.121087316129136,0.0,0.0,0.0,0.0,0.0,0.3594546686605279,0.34020336386434963,0.1921018407003363,1.0539506354249424,0.285,0.27246146276323724,4.232803355914314,0.9888862133966148,0.945308845646319,0.18202564372819852,0.37350093191304556,1.3045587779758927,-0.06829773045544356,-0.01707517086580914,0.06044651099117913,0.12413068188247316,0.24876729455756877,0.07727047969195766,0.08376676605836747,0.06901462792170798,0.07085483231961476,-0.09142857142857147,-0.026619154970011105,1.317515478021046,0.011178270533256374,0.05519926815089016,-0.48743268012522767,0.0007022391534103334,0.18347146184675678,-0.06829773045544356,-0.01707517086580914,0.06044651099117913,0.12413068188247316,0.24876729455756877,0.06642450000000001,0.11704696184675677,0.0044303323196147465,0.0
37,공공AI 실패,0.45,0.045,0.065,0.18,공공AI 실패,0.9,0.42,0.018,0.025,0.0,0.0,0.04,0.38,0.2821841889685702,0.25643659780598216,0.12308721277862833,0.9830958031053276,0.37642857142857145,0.29908061773324834,2.9152878778932676,0.9777079428633584,0.8901095774954288,0.6694583238534262,0.37279869275963523,1.121087316129136,0.0,0.0,0.0,0.0,0.0,0.38374235291154524,0.3664875210668878,0.21690343294565373,0.9405384712341737,0.26357142857142857,0.22963612230294367,4.144889562178051,0.9763482038045608,0.898783162678832,0.49825088566197767,0.3968251249592785,1.2010504333738206,-0.2251722706518379,-0.1594581284318751,-0.05805887395121998,0.02725065188694456,0.19416850949320077,0.10155816394297501,0.11005092326090565,0.0938162201670254,-0.04255733187115396,-0.11285714285714288,-0.06944449543030468,1.2296016842847832,-0.0013597390587976044,0.00867358518340311,-0.1712074381914485,0.02402643219964329,0.07996311724468463,-0.2251722706518379,-0.1594581284318751,-0.05805887395121998,0.02725065188694456,0.19416850949320077,0.015324899999999999,0.06463821724468463,-0.05788223187115396,0.0
38,시장·고가AI,0.45,0.045,0.065,0.18,시장·고가AI,0.1,0.3,0.0,0.0,0.0,0.0,0.0,0.65,0.28305512495646834,0.2497183815687341,0.12304324702859737,1.0118839826387542,0.36142857142857143,0.3559947936111251,3.5196772072637197,0.9730195575510687,0.8869083250643596,0.6531306992542847,0.40093391540052037,1.153858476156522,0.0,0.0,0.0,0.0,0.0,0.38827232992365834,0.363464177306867,0.22087999186331997,0.923196932338072,0.28285714285714286,0.25960664602962075,4.974717510309416,0.9633018091658794,0.8769759820441205,0.6578016124011914,0.4270252512904455,1.1849226341214905,-0.27862501102800763,-0.20702133823115812,-0.12003626811247851,-0.01220262504593188,0.15925209880105956,0.10521720496719,0.11374579573813287,0.0978367448347226,-0.08868705030068225,-0.07857142857142857,-0.09638814758150438,1.4550403030456964,-0.009717748385189351,-0.009932343020239043,0.004670913146906708,0.026091335889925127,0.03106415796496842,-0.27862501102800763,-0.20702133823115812,-0.12003626811247851,-0.01220262504593188,0.15925209880105956,0.0,0.03106415796496842,-0.08868705030068225,0.0
38,전국민 공공AI,0.45,0.045,0.065,0.18,전국민 공공AI,0.98,0.72,0.0,0.0,0.0,0.0,0.1,0.82,0.28305512495646834,0.2497183815687341,0.12304324702859737,1.0118839826387542,0.36142857142857143,0.3559947936111251,3.5196772072637197,0.9730195575510687,0.8869083250643596,0.6531306992542847,0.40093391540052037,1.153858476156522,0.0,0.0,0.0,0.0,0.0,0.3783560508776477,0.3526001764437669,0.2111814273130509,0.9692601678990588,0.2892857142857143,0.27299418021974875,5.077050086362007,0.9639610842147486,0.8776322916880566,0.6376970891749925,0.4235395619791637,1.2287491718120584,-0.22574935723257678,-0.1484790010471468,-0.06909982172804074,0.033360907597087305,0.1947865992263323,0.09530092592117934,0.1028817948750328,0.08813818028445353,-0.042623814739695454,-0.07214285714285712,-0.08300061339137638,1.5573728790982875,-0.00905847333632015,-0.009276033376303006,-0.015433610079292226,0.022605646578643335,0.07489069565553641,-0.22574935723257678,-0.1484790010471468,-0.06909982172804074,0.033360907597087305,0.1947865992263323,0.02667168,0.04821901565553641,-0.06929549473969546,0.0
38,공공AI+공교육,0.45,0.045,0.065,0.18,공공AI+공교육,0.98,0.82,0.065,0.0,0.0,0.0,0.25,0.86,0.28305512495646834,0.2497183815687341,0.12304324702859737,1.0118839826387542,0.36142857142857143,0.3559947936111251,3.5196772072637197,0.9730195575510687,0.8869083250643596,0.6531306992542847,0.40093391540052037,1.153858476156522,0.0,0.0,0.0,0.0,0.0,0.3666030991874304,0.344824070982869,0.19823231560372123,1.0460540201071533,0.30642857142857144,0.3104711556142746,5.159773627367927,0.9778823902575517,0.9075194528901337,0.18244975160684906,0.4177252254014963,1.3046846866805553,-0.11343192673174433,-0.05327288259943399,0.003925885749033559,0.09330613975318539,0.23552821452396477,0.08354797423096205,0.09510568941413489,0.07518906857512386,0.034170037468399084,-0.05499999999999999,-0.04552363799685055,1.6400964201042072,0.004862832706483022,0.020611127825774123,-0.4706809476474356,0.016791310000975945,0.15082621052403322,-0.11343192673174433,-0.05327288259943399,0.003925885749033559,0.09330613975318539,0.23552821452396477,0.04629498,0.10453123052403322,-0.012124942531600916,0.0
38,공공AI+돌봄,0.45,0.045,0.065,0.18,공공AI+돌봄,0.98,0.78,0.0,0.075,0.0,0.0,0.1,0.88,0.28305512495646834,0.2497183815687341,0.12304324702859737,1.0118839826387542,0.36142857142857143,0.3559947936111251,3.5196772072637197,0.9730195575510687,0.8869083250643596,0.6531306992542847,0.40093391540052037,1.153858476156522,0.0,0.0,0.0,0.0,0.0,0.3762016092270848,0.3494314879364625,0.20906678405672086,0.9834471885796193,0.29,0.2768714243593718,5.105633925774348,0.9721517667151971,0.9115112256791729,0.6337438957717079,0.42251065102325014,1.2434010467075214,-0.20973367393898765,-0.13175660122565894,-0.054708267417226356,0.047572837664495236,0.20609939164322824,0.09314648427061645,0.0997131063677284,0.08602353702812349,-0.028436794059134907,-0.07142857142857145,-0.07912336925175334,1.5859567185106282,-0.0008677908358716291,0.024602900614813294,-0.01938680348257682,0.02157673562272977,0.08954257055099935,-0.20973367393898765,-0.13175660122565894,-0.054708267417226356,0.047572837664495236,0.20609939164322824,0.04255218,0.04699039055099934,-0.0709889740591349,0.0
38,공공AI 종합안,0.45,0.045,0.065,0.18,공공AI 종합안,0.98,0.9,0.065,0.075,0.22,0.08,0.35,0.92,0.28305512495646834,0.2497183815687341,0.12304324702859737,1.0118839826387542,0.36142857142857143,0.3559947936111251,3.5196772072637197,0.9730195575510687,0.8869083250643596,0.6531306992542847,0.40093391540052037,1.153858476156522,0.0,0.0,0.0,0.0,0.0,0.36146461007546404,0.3392969867974512,0.1929995274729558,1.073169860451961,0.30857142857142855,0.32391565683017876,5.190229332827299,0.9860995851730253,0.9419243779461757,0.1797841302890163,0.3999787175140386,1.3298255663858944,-0.07699721332948878,-0.022097536949655997,0.028401171799280908,0.11430244042529374,0.2504053017042493,0.0784094851189957,0.08957860522871708,0.06995628044435842,0.061285877813206824,-0.05285714285714288,-0.03207913678094637,1.670552125563579,0.013080027621956591,0.0550160528818161,-0.4733465689652684,-0.0009551978864817956,0.1759670902293724,-0.07699721332948878,-0.022097536949655997,0.028401171799280908,0.11430244042529374,0.2504053017042493,0.06642450000000001,0.10954259022937239,-0.0051386221867931875,0.0
38,공공AI 실패,0.45,0.045,0.065,0.18,공공AI 실패,0.9,0.42,0.018,0.025,0.0,0.0,0.04,0.38,0.28305512495646834,0.2497183815687341,0.12304324702859737,1.0118839826387542,0.36142857142857143,0.3559947936111251,3.5196772072637197,0.9730195575510687,0.8869083250643596,0.6531306992542847,0.40093391540052037,1.153858476156522,0.0,0.0,0.0,0.0,0.0,0.3845469766403885,0.3613952414461967,0.21673009876042615,0.9468850057397672,0.28214285714285714,0.269981519384967,5.009705079807958,0.9717257816438784,0.8954234140534288,0.47734416511347244,0.42533936829540037,1.2088872612636616,-0.24450954024366842,-0.1762588527811304,-0.09476098064254383,0.00917454687609329,0.17439709751907412,0.10149185168392016,0.11167685987746262,0.09368685173182878,-0.06499897689898704,-0.07928571428571429,-0.08601327422615812,1.4900278725442382,-0.0012937759071903754,0.008515088989069275,-0.17578653414081225,0.024405452894879998,0.0550287851071396,-0.24450954024366842,-0.1762588527811304,-0.09476098064254383,0.00917454687609329,0.17439709751907412,0.015324899999999999,0.0397038851071396,-0.08032387689898704,0.0
39,시장·고가AI,0.45,0.045,0.065,0.18,시장·고가AI,0.1,0.3,0.0,0.0,0.0,0.0,0.0,0.65,0.2753293607576046,0.24102108850657444,0.11758756570399953,1.0230538666553413,0.38357142857142856,0.3046474654437157,3.364738182048538,0.9760235986228233,0.8884818540596433,0.705691160202192,0.36843867672869557,1.1593828768647694,0.0,0.0,0.0,0.0,0.0,0.3828018324362116,0.35106202075688675,0.21640981799050496,0.9618553043678049,0.2907142857142857,0.22392616809373514,4.950997784229681,0.966862258624538,0.8784119174787397,0.7195086637634983,0.40473844870254166,1.227497901902183,-0.26822613057251343,-0.14292199685547505,-0.0905142749478297,0.0016594519840807968,0.19158599014314467,0.10747247167860696,0.1100409322503123,0.09882225228650543,-0.061198562287536395,-0.09285714285714286,-0.08072129734998054,1.5862596021811433,-0.009161339998285278,-0.010069936580903605,0.013817503561306288,0.036299771973846096,0.06811502503741362,-0.26822613057251343,-0.14292199685547505,-0.0905142749478297,0.0016594519840807968,0.19158599014314467,0.0,0.06811502503741362,-0.061198562287536395,0.0
39,전국민 공공AI,0.45,0.045,0.065,0.18,전국민 공공AI,0.98,0.72,0.0,0.0,0.0,0.0,0.1,0.82,0.2753293607576046,0.24102108850657444,0.11758756570399953,1.0230538666553413,0.38357142857142856,0.3046474654437157,3.364738182048538,0.9760235986228233,0.8884818540596433,0.705691160202192,0.36843867672869557,1.1593828768647694,0.0,0.0,0.0,0.0,0.0,0.3727755318128714,0.3381142557188336,0.20676912623012988,1.0051616162158714,0.2957142857142857,0.23346261964131096,5.020009732500434,0.9674620594189689,0.8790930364678764,0.6980051408644679,0.4010752504880177,1.267174097042882,-0.21904342403282287,-0.09661224083990481,-0.04195976200554976,0.04757956319324294,0.22181686156975772,0.09744617105526676,0.09709316721225913,0.08918156052613035,-0.017892250439469848,-0.08785714285714286,-0.07118484580240472,1.6552715504518956,-0.008561539203854385,-0.009388817591766907,-0.00768601933772417,0.03263657375932211,0.1077912201781126,-0.21904342403282287,-0.09661224083990481,-0.04195976200554976,0.04757956319324294,0.22181686156975772,0.02667168,0.0811195401781126,-0.04456393043946985,0.0
39,공공AI+공교육,0.45,0.045,0.065,0.18,공공AI+공교육,0.98,0.82,0.065,0.0,0.0,0.0,0.25,0.86,0.2753293607576046,0.24102108850657444,0.11758756570399953,1.0230538666553413,0.38357142857142856,0.3046474654437157,3.364738182048538,0.9760235986228233,0.8884818540596433,0.705691160202192,0.36843867672869557,1.1593828768647694,0.0,0.0,0.0,0.0,0.0,0.36068134806598406,0.32643144956899833,0.19377078512719637,1.0797828975659816,0.30857142857142855,0.2623383879135207,5.089499962407279,0.9804526898936924,0.9092230229640132,0.20617243025541598,0.39506979320882923,1.3393001365453319,-0.1111638823193949,-0.010261112681127107,0.03076031764575886,0.10410691586954433,0.25639705646623606,0.08535198730837945,0.08541036106242389,0.07618321942319684,0.0567290309106403,-0.07500000000000001,-0.04230907753019497,1.7247617803587412,0.004429091270869101,0.020741168904369944,-0.49951872994677604,0.026631116480133665,0.1799172596805625,-0.1111638823193949,-0.010261112681127107,0.03076031764575886,0.10410691586954433,0.25639705646623606,0.04629498,0.1336222796805625,0.0104340509106403,0.0
39,공공AI+돌봄,0.45,0.045,0.065,0.18,공공AI+돌봄,0.98,0.78,0.0,0.075,0.0,0.0,0.1,0.88,0.2753293607576046,0.24102108850657444,0.11758756570399953,1.0230538666553413,0.38357142857142856,0.3046474654437157,3.364738182048538,0.9760235986228233,0.8884818540596433,0.705691160202192,0.36843867672869557,1.1593828768647694,0.0,0.0,0.0,0.0,0.0,0.37051584264936466,0.3370914805966391,0.20460350126926008,1.0184275143669799,0.2985714285714286,0.23623297625968986,5.041979594366621,0.9748438830466284,0.9129751748273022,0.693160813905082,0.3999511131974049,1.2804023100329753,-0.20462358432827632,-0.08140210334711492,-0.02791355267699426,0.059898187822948146,0.23137927245636683,0.09518648189176004,0.09607039209006468,0.08701593556526055,-0.0046263522883613906,-0.08499999999999996,-0.06841448918402582,1.6772414123180832,-0.0011797155761948952,0.024493320767658866,-0.012530346297110029,0.031512436468709326,0.12101943316820596,-0.20462358432827632,-0.08140210334711492,-0.02791355267699426,0.059898187822948146,0.23137927245636683,0.04255218,0.07846725316820596,-0.04717853228836139,0.0
39,공공AI 종합안,0.45,0.045,0.065,0.18,공공AI 종합안,0.98,0.9,0.065,0.075,0.22,0.08,0.35,0.92,0.2753293607576046,0.24102108850657444,0.11758756570399953,1.0230538666553413,0.38357142857142856,0.3046474654437157,3.364738182048538,0.9760235986228233,0.8884818540596433,0.705691160202192,0.36843867672869557,1.1593828768647694,0.0,0.0,0.0,0.0,0.0,0.355472778619472,0.32073302736519393,0.1886216295548656,1.1056677824361079,0.3078571428571429,0.27245878038998206,5.11161811677941,0.9878524273664226,0.943601711773201,0.20322746312212714,0.3771766631670535,1.3627030528673347,-0.0773335424910837,0.01702931627239586,0.05482518397957749,0.12467741415175607,0.2690883244536755,0.0801434178618674,0.07971193885861949,0.07103406385086608,0.0826139157807666,-0.07571428571428568,-0.03218868505373362,1.746879934730872,0.011828828743599362,0.05511985771355765,-0.5024636970800649,0.008737986438357936,0.20332017600256536,-0.0773335424910837,0.01702931627239586,0.05482518397957749,0.12467741415175607,0.2690883244536755,0.06642450000000001,0.13689567600256536,0.01618941578076659,3.552713678800501e-15
39,공공AI 실패,0.45,0.045,0.065,0.18,공공AI 실패,0.9,0.42,0.018,0.025,0.0,0.0,0.04,0.38,0.2753293607576046,0.24102108850657444,0.11758756570399953,1.0230538666553413,0.38357142857142856,0.3046474654437157,3.364738182048538,0.9760235986228233,0.8884818540596433,0.705691160202192,0.36843867672869557,1.1593828768647694,0.0,0.0,0.0,0.0,0.0,0.3788897867756773,0.34938806554555596,0.21223531649135374,0.9852661775892281,0.2957142857142857,0.23115390603383754,4.981412348122404,0.9749206554249842,0.8969761765817312,0.5257984766700978,0.402879719849296,1.2507112824618192,-0.23556098448911303,-0.11482159484568731,-0.0652576945853781,0.022803326016523663,0.20465902579799825,0.1035604260180727,0.10836697703898152,0.09464775078735421,-0.037787689066113184,-0.08785714285714286,-0.07349355940987815,1.6166741660738664,-0.0011029431978391013,0.008494322522087927,-0.1798926835320942,0.03444104312060042,0.0913284055970498,-0.23556098448911303,-0.11482159484568731,-0.0652576945853781,0.022803326016523663,0.20465902579799825,0.015324899999999999,0.0760035055970498,-0.053112589066113186,0.0
