seed,policy,premium_gap,rearrangement_speed,capital_return,feedback,name,public_access,public_quality,education,care,capital_dividend,worker_ownership,equalizing_design,trust,initial_gini,initial_wolfson,initial_atkinson_e1,initial_ede_e1,initial_middle_share,initial_bottom20_income,initial_top20_income,initial_employment,initial_vulnerable_employment,initial_skill_gap,initial_capital_top10,initial_output,initial_growth_q1,initial_growth_q2,initial_growth_q3,initial_growth_q4,initial_growth_q5,final_gini,final_wolfson,final_atkinson_e1,final_ede_e1,final_middle_share,final_bottom20_income,final_top20_income,final_employment,final_vulnerable_employment,final_skill_gap,final_capital_top10,final_output,final_growth_q1,final_growth_q2,final_growth_q3,final_growth_q4,final_growth_q5,delta_gini,delta_wolfson,delta_atkinson_e1,delta_ede_e1,delta_middle_share,delta_bottom20_income,delta_top20_income,delta_employment,delta_vulnerable_employment,delta_skill_gap,delta_capital_top10,delta_output,delta_growth_q1,delta_growth_q2,delta_growth_q3,delta_growth_q4,delta_growth_q5,fiscal_cost,delta_net_output,delta_net_ede_e1,budget_error
0,시장·고가AI,0.45,0.0136,0.065,0.18,시장·고가AI,0.1,0.3,0.0,0.0,0.0,0.0,0.0,0.65,0.26086949207917565,0.23579710465597928,0.11020285132580399,1.0999207034046063,0.371875,0.6431517661776881,2.0570367978548725,0.9429482036648748,0.8867458137267984,0.7144770696472406,0.24893297531928435,1.2361477051747085,0.0,0.0,0.0,0.0,0.0,0.4181701948168669,0.4202593393374189,0.2618574427615302,0.8376200031423917,0.22625,0.4139317888708725,3.1569556139146715,0.9405817347709973,0.8849878949994331,0.7310282879108445,0.26787695852538296,1.1347672545478014,-0.5117748585666883,-0.40849550848967164,-0.3297718012812706,-0.1734305195280678,0.06132854983947139,0.15730070273769126,0.1844622346814396,0.15165459143572624,-0.26230070026221464,-0.145625,-0.2292199773068156,1.099918816059799,-0.0023664688938774825,-0.001757918727365304,0.01655121826360395,0.018943983206098608,-0.10138045062690715,-0.5117748585666883,-0.40849550848967164,-0.3297718012812706,-0.1734305195280678,0.06132854983947139,0.0,-0.10138045062690715,-0.26230070026221464,0.0
0,전국민 공공AI,0.45,0.0136,0.065,0.18,전국민 공공AI,0.98,0.72,0.0,0.0,0.0,0.0,0.1,0.82,0.26086949207917565,0.23579710465597928,0.11020285132580399,1.0999207034046063,0.371875,0.6431517661776881,2.0570367978548725,0.9429482036648748,0.8867458137267984,0.7144770696472406,0.24893297531928435,1.2361477051747085,0.0,0.0,0.0,0.0,0.0,0.41063169580094816,0.41264882344809733,0.25660862669616136,0.8783995165713395,0.220625,0.4323208120120975,3.2012853654996505,0.9407428041741831,0.8850994977064924,0.7080073386528245,0.26627187658505924,1.181611124524471,-0.4701395667288186,-0.3557171959275241,-0.27076647868926934,-0.1276069433798314,0.09977094487398763,0.1497622037217725,0.17685171879211806,0.14640577537035737,-0.22152118683326683,-0.15125000000000002,-0.2108309541655906,1.144248567644778,-0.0022053994906916508,-0.0016463160203059601,-0.006469730994416056,0.017338901265774892,-0.05453658065023759,-0.4701395667288186,-0.3557171959275241,-0.27076647868926934,-0.1276069433798314,0.09977094487398763,0.02667168,-0.08120826065023759,-0.24819286683326683,0.0
0,공공AI+공교육,0.45,0.0136,0.065,0.18,공공AI+공교육,0.98,0.82,0.065,0.0,0.0,0.0,0.25,0.86,0.26086949207917565,0.23579710465597928,0.11020285132580399,1.0999207034046063,0.371875,0.6431517661776881,2.0570367978548725,0.9429482036648748,0.8867458137267984,0.7144770696472406,0.24893297531928435,1.2361477051747085,0.0,0.0,0.0,0.0,0.0,0.408386928486026,0.4136459424879253,0.2561919902013735,0.9278315359884659,0.225,0.46954494946144126,3.2538433730041523,0.956597842998529,0.9138418719573779,0.200917656555339,0.2654959177619018,1.2474072929648348,-0.40389894224335876,-0.29068943280185827,-0.21158331514977963,-0.07877471284918544,0.13423047023226034,0.14751743640685033,0.17784883783194602,0.14598913887556952,-0.17208916741614044,-0.146875,-0.17360681671624684,1.1968065751492798,0.013649639333654262,0.02709605823057948,-0.5135594130919016,0.01656294244261744,0.011259587790126258,-0.40389894224335876,-0.29068943280185827,-0.21158331514977963,-0.07877471284918544,0.13423047023226034,0.04629498,-0.03503539220987374,-0.21838414741614043,0.0
0,공공AI+돌봄,0.45,0.0136,0.065,0.18,공공AI+돌봄,0.98,0.78,0.0,0.075,0.0,0.0,0.1,0.88,0.26086949207917565,0.23579710465597928,0.11020285132580399,1.0999207034046063,0.371875,0.6431517661776881,2.0570367978548725,0.9429482036648748,0.8867458137267984,0.7144770696472406,0.24893297531928435,1.2361477051747085,0.0,0.0,0.0,0.0,0.0,0.40750127995062824,0.41297925669991215,0.2531207720032753,0.8948791641635326,0.22,0.4401306720733552,3.2190078480034923,0.9577777902244716,0.9188739277675094,0.7031035297334906,0.26589712874750165,1.1981577885942452,-0.4474892011432896,-0.3353285912536,-0.2502718435933021,-0.1108412010189034,0.11240748039959059,0.1466317878714526,0.17718215204393287,0.14291792067747133,-0.2050415392410737,-0.151875,-0.2030210941043329,1.1619710501486198,0.014829586559596875,0.03212811404071103,-0.011373539913750008,0.016964153428217305,-0.037989916580463357,-0.4474892011432896,-0.3353285912536,-0.2502718435933021,-0.1108412010189034,0.11240748039959059,0.04255218,-0.08054209658046335,-0.2475937192410737,0.0
0,공공AI 종합안,0.45,0.0136,0.065,0.18,공공AI 종합안,0.98,0.9,0.065,0.075,0.22,0.08,0.35,0.92,0.26086949207917565,0.23579710465597928,0.11020285132580399,1.0999207034046063,0.371875,0.6431517661776881,2.0570367978548725,0.9429482036648748,0.8867458137267984,0.7144770696472406,0.24893297531928435,1.2361477051747085,0.0,0.0,0.0,0.0,0.0,0.382802499170236,0.382980777587828,0.22426400196061524,0.9836717472906223,0.24,0.5433575136973409,3.080920034688461,0.9737750086988239,0.9479404639182611,0.19775142626692743,0.2545821767462212,1.2680496325770363,-0.26366478348055333,-0.20705121661027662,-0.1593629040776774,-0.0522008876848009,0.12377420621760016,0.12193300709106036,0.14718367293184872,0.11406115063481126,-0.116248956113984,-0.13187500000000002,-0.09979425248034723,1.0238832368335884,0.03082680503394919,0.06119465019146275,-0.5167256433803131,0.00564920142693684,0.03190192740232778,-0.26366478348055333,-0.20705121661027662,-0.1593629040776774,-0.0522008876848009,0.12377420621760016,0.06642450000000001,-0.03452257259767223,-0.182673456113984,0.0
0,공공AI 실패,0.45,0.0136,0.065,0.18,공공AI 실패,0.9,0.42,0.018,0.025,0.0,0.0,0.04,0.38,0.26086949207917565,0.23579710465597928,0.11020285132580399,1.0999207034046063,0.371875,0.6431517661776881,2.0570367978548725,0.9429482036648748,0.8867458137267984,0.7144770696472406,0.24893297531928435,1.2361477051747085,0.0,0.0,0.0,0.0,0.0,0.4168040928075395,0.4213423074427027,0.2608684591854208,0.8552770983642345,0.22875,0.4244347915585881,3.179017641996708,0.9511199421766129,0.9030354415291881,0.5303687389695808,0.2676089361470748,1.157137872132549,-0.4892140855015752,-0.38358984252910755,-0.30811335208201074,-0.15368656782246792,0.07676454648747798,0.15593460072836385,0.1855452027867234,0.1506656078596168,-0.24464360504037186,-0.143125,-0.2187169746191,1.1219808441418357,0.008171738511738136,0.01628962780238974,-0.18410833067765975,0.018675960827790467,-0.07900983304215958,-0.4892140855015752,-0.38358984252910755,-0.30811335208201074,-0.15368656782246792,0.07676454648747798,0.015324899999999999,-0.09433473304215959,-0.25996850504037183,0.0
1,시장·고가AI,0.45,0.0136,0.065,0.18,시장·고가AI,0.1,0.3,0.0,0.0,0.0,0.0,0.0,0.65,0.25848883207260165,0.2361949956047151,0.10737336969635713,1.0121689377809915,0.366875,0.701133460544981,1.910473849319672,0.9410900715202536,0.888189934083518,0.6913694355995801,0.24833936606037216,1.13392195955064,0.0,0.0,0.0,0.0,0.0,0.412911545020445,0.3933987635944503,0.2562806441693768,0.7444791751969911,0.243125,0.4492701680507172,2.6355191633536155,0.9386599938457997,0.8863226201108226,0.6932875005690216,0.2683935958963139,1.001021647964936,-0.5235742151949252,-0.420316565241489,-0.3666276518350668,-0.22162997531353593,-0.003681043801408099,0.15442271294784338,0.1572037679897352,0.14890727447301966,-0.26768976258400035,-0.12375,-0.25186329249426387,0.7250453140339435,-0.002430077674453912,-0.0018673139726953503,0.0019180649694414686,0.02005422983594174,-0.13290031158570392,-0.5235742151949252,-0.420316565241489,-0.3666276518350668,-0.22162997531353593,-0.003681043801408099,0.0,-0.13290031158570392,-0.26768976258400035,0.0
1,전국민 공공AI,0.45,0.0136,0.065,0.18,전국민 공공AI,0.98,0.72,0.0,0.0,0.0,0.0,0.1,0.82,0.25848883207260165,0.2361949956047151,0.10737336969635713,1.0121689377809915,0.366875,0.701133460544981,1.910473849319672,0.9410900715202536,0.888189934083518,0.6913694355995801,0.24833936606037216,1.13392195955064,0.0,0.0,0.0,0.0,0.0,0.405655509181981,0.3953378909710626,0.2522587654596906,0.788032696983171,0.226875,0.46961018785199404,2.7398649084766533,0.9388482846227691,0.8864578983975863,0.6728466412407474,0.2665697532031848,1.0538842323810478,-0.4796538712836975,-0.36125604460367206,-0.3034734835422291,-0.1562690391100789,0.04909649928429878,0.14716667710937936,0.1591428953663475,0.14488539576333348,-0.22413624079782046,-0.14,-0.231523272692987,0.8293910591569813,-0.0022417868974844435,-0.001732035685931721,-0.01852279435883264,0.018230387142812665,-0.08003772716959223,-0.4796538712836975,-0.36125604460367206,-0.3034734835422291,-0.1562690391100789,0.04909649928429878,0.02667168,-0.10670940716959224,-0.25080792079782044,0.0
1,공공AI+공교육,0.45,0.0136,0.065,0.18,공공AI+공교육,0.98,0.82,0.065,0.0,0.0,0.0,0.25,0.86,0.25848883207260165,0.2361949956047151,0.10737336969635713,1.0121689377809915,0.366875,0.701133460544981,1.910473849319672,0.9410900715202536,0.888189934083518,0.6913694355995801,0.24833936606037216,1.13392195955064,0.0,0.0,0.0,0.0,0.0,0.4031169333916028,0.39338285619625724,0.2516089397331356,0.8344740549399732,0.226875,0.5071063367143003,2.7874094633254094,0.955246341855515,0.9150583000816416,0.20038425796077053,0.26576172606241966,1.1150240819851762,-0.41173230834628505,-0.29590094270480594,-0.24346011837292175,-0.10121642304407641,0.08706420042667054,0.14462810131900117,0.15718786059154213,0.14423557003677845,-0.1776948828410183,-0.14,-0.19402712383068077,0.8769356140057374,0.014156270335261456,0.02686836599812359,-0.49098517763880956,0.0174223600020475,-0.018897877565463794,-0.41173230834628505,-0.29590094270480594,-0.24346011837292175,-0.10121642304407641,0.08706420042667054,0.04629498,-0.0651928575654638,-0.2239898628410183,0.0
1,공공AI+돌봄,0.45,0.0136,0.065,0.18,공공AI+돌봄,0.98,0.78,0.0,0.075,0.0,0.0,0.1,0.88,0.25848883207260165,0.2361949956047151,0.10737336969635713,1.0121689377809915,0.366875,0.701133460544981,1.910473849319672,0.9410900715202536,0.888189934083518,0.6913694355995801,0.24833936606037216,1.13392195955064,0.0,0.0,0.0,0.0,0.0,0.4023410565771125,0.3910176090033954,0.24868921595979232,0.8050173273766162,0.226875,0.479085096587322,2.773723037458461,0.9566687432593429,0.9202350662832001,0.6683039981225967,0.2662650233407154,1.0714837913647388,-0.45544619778727763,-0.3382977606689332,-0.281530582034061,-0.13571929262957066,0.06605899010372007,0.14385222450451085,0.15482261339868028,0.14131584626343519,-0.20715161040437524,-0.14,-0.22204836395765903,0.8632491881387891,0.015578671739089334,0.03204513219968208,-0.02306543747698342,0.017925657280343232,-0.0624381681859012,-0.45544619778727763,-0.3382977606689332,-0.281530582034061,-0.13571929262957066,0.06605899010372007,0.04255218,-0.1049903481859012,-0.24970379040437524,0.0
1,공공AI 종합안,0.45,0.0136,0.065,0.18,공공AI 종합안,0.98,0.9,0.065,0.075,0.22,0.08,0.35,0.92,0.25848883207260165,0.2361949956047151,0.10737336969635713,1.0121689377809915,0.366875,0.701133460544981,1.910473849319672,0.9410900715202536,0.888189934083518,0.6913694355995801,0.24833936606037216,1.13392195955064,0.0,0.0,0.0,0.0,0.0,0.3789359149583128,0.3715688940536083,0.22220229654442758,0.884522298368564,0.231875,0.5650171617289236,2.647684964085661,0.9732613513259257,0.9492504888748293,0.19767501890433115,0.2549779510131664,1.1372138210730622,-0.28272338007547443,-0.2158382319635983,-0.1866667549583741,-0.07303970071946222,0.08425283241783585,0.12044708288571115,0.13537389844889322,0.11482892684807045,-0.1276466394124275,-0.135,-0.13611629881605747,0.737211114765989,0.03217127980567214,0.06106055479131134,-0.49369441669524894,0.006638584952794235,0.0032918615224222236,-0.28272338007547443,-0.2158382319635983,-0.1866667549583741,-0.07303970071946222,0.08425283241783585,0.06642450000000001,-0.06313263847757779,-0.19407113941242748,0.0
1,공공AI 실패,0.45,0.0136,0.065,0.18,공공AI 실패,0.9,0.42,0.018,0.025,0.0,0.0,0.04,0.38,0.25848883207260165,0.2361949956047151,0.10737336969635713,1.0121689377809915,0.366875,0.701133460544981,1.910473849319672,0.9410900715202536,0.888189934083518,0.6913694355995801,0.24833936606037216,1.13392195955064,0.0,0.0,0.0,0.0,0.0,0.41134583702979144,0.39063275266572844,0.25515026989817036,0.7612014986909325,0.2425,0.46038573563358687,2.655863960880445,0.9495123581608175,0.9042301214940787,0.5066451023757915,0.2680289627092422,1.0219531107125022,-0.4996229502857917,-0.39549770828819125,-0.34377103816736876,-0.19984242991118148,0.013970795610085471,0.1528570049571898,0.15443775706101334,0.14777690020181322,-0.25096743909005903,-0.12437500000000001,-0.24074772491139418,0.7453901115607731,0.00842228664056388,0.01604018741056068,-0.18472433322378856,0.019689596648870045,-0.11196884883813785,-0.4996229502857917,-0.39549770828819125,-0.34377103816736876,-0.19984242991118148,0.013970795610085471,0.015324899999999999,-0.12729374883813785,-0.266292339090059,0.0
2,시장·고가AI,0.45,0.0136,0.065,0.18,시장·고가AI,0.1,0.3,0.0,0.0,0.0,0.0,0.0,0.65,0.260841697219223,0.2398144701281053,0.10924817666802211,1.1123291493561462,0.358125,0.5622384859445738,1.9920059068857705,0.9411126126291403,0.8879669205786259,0.7447048967082541,0.2485469500167869,1.2487531546052058,0.0,0.0,0.0,0.0,0.0,0.4212449129538144,0.42339103376578247,0.26593033397400445,0.8591566754306204,0.229375,0.3115083335452568,3.0987289680387278,0.9388161923764049,0.8861714673727777,0.7518354651477521,0.2670883577335777,1.1704020955964622,-0.4970819613935392,-0.40134171425413945,-0.296947115209761,-0.19895779847224598,0.10302793701144326,0.16040321573459138,0.18357656363767716,0.15668215730598234,-0.2531724739255259,-0.12875000000000003,-0.250730152399317,1.1067230611529573,-0.002296420252735354,-0.0017954532058481742,0.007130568439497997,0.018541407716790803,-0.0783510590087435,-0.4970819613935392,-0.40134171425413945,-0.296947115209761,-0.19895779847224598,0.10302793701144326,0.0,-0.0783510590087435,-0.2531724739255259,0.0
2,전국민 공공AI,0.45,0.0136,0.065,0.18,전국민 공공AI,0.98,0.72,0.0,0.0,0.0,0.0,0.1,0.82,0.260841697219223,0.2398144701281053,0.10924817666802211,1.1123291493561462,0.358125,0.5622384859445738,1.9920059068857705,0.9411126126291403,0.8879669205786259,0.7447048967082541,0.2485469500167869,1.2487531546052058,0.0,0.0,0.0,0.0,0.0,0.4132980768436776,0.41294040659363784,0.25980351262448065,0.8965149690043491,0.226875,0.322749135826164,3.12681334349274,0.938958318744644,0.8862777435014467,0.7340837274005665,0.26572247414893435,1.211185116783087,-0.45644516991539097,-0.3498024353354422,-0.25024432312762473,-0.15546909854862673,0.1334788340867854,0.15245637962445457,0.17312593646553254,0.15055533595645854,-0.2158141803517971,-0.13125000000000003,-0.23948935011840983,1.1348074366069694,-0.0021542938844962833,-0.0016891770771791936,-0.010621169307687639,0.017175524132147457,-0.037568037822118816,-0.45644516991539097,-0.3498024353354422,-0.25024432312762473,-0.15546909854862673,0.1334788340867854,0.02667168,-0.06423971782211882,-0.24248586035179712,0.0
2,공공AI+공교육,0.45,0.0136,0.065,0.18,공공AI+공교육,0.98,0.82,0.065,0.0,0.0,0.0,0.25,0.86,0.260841697219223,0.2398144701281053,0.10924817666802211,1.1123291493561462,0.358125,0.5622384859445738,1.9920059068857705,0.9411126126291403,0.8879669205786259,0.7447048967082541,0.2485469500167869,1.2487531546052058,0.0,0.0,0.0,0.0,0.0,0.41067204278254243,0.413587265670613,0.2589374230847643,0.9472632676188666,0.223125,0.3491890679646593,3.173527880567091,0.9552296774986604,0.9148245945277723,0.21151580264045122,0.26509997686211634,1.2782500386970919,-0.3865393783837563,-0.2847595120666708,-0.1918356612694921,-0.10545359226382996,0.16541628211336906,0.14983034556331942,0.17377279554250769,0.1496892464167422,-0.16506588173727965,-0.13500000000000004,-0.2130494179799145,1.1815219736813203,0.014117064869520135,0.0268576739491464,-0.5331890940678029,0.016553026845329444,0.02949688409188611,-0.3865393783837563,-0.2847595120666708,-0.1918356612694921,-0.10545359226382996,0.16541628211336906,0.04629498,-0.01679809590811389,-0.21136086173727964,0.0
2,공공AI+돌봄,0.45,0.0136,0.065,0.18,공공AI+돌봄,0.98,0.78,0.0,0.075,0.0,0.0,0.1,0.88,0.260841697219223,0.2398144701281053,0.10924817666802211,1.1123291493561462,0.358125,0.5622384859445738,1.9920059068857705,0.9411126126291403,0.8879669205786259,0.7447048967082541,0.2485469500167869,1.2487531546052058,0.0,0.0,0.0,0.0,0.0,0.40973724306822545,0.4102552369918096,0.25589108586398457,0.9133069853699054,0.2225,0.32906790437856703,3.145017826341292,0.9567284013771306,0.920050572104491,0.730711135670046,0.26547826990859813,1.2273834757514575,-0.43518675760332437,-0.32874428469913913,-0.23043401012257375,-0.1363994088590547,0.14506762892630706,0.14889554584900244,0.1704407668637043,0.14664290919596246,-0.19902216398624084,-0.13562500000000002,-0.23317058156600678,1.1530119194555215,0.0156157887479903,0.03208365152586512,-0.013993761038208152,0.016931319891811236,-0.021369678853748297,-0.43518675760332437,-0.32874428469913913,-0.23043401012257375,-0.1363994088590547,0.14506762892630706,0.04255218,-0.06392185885374829,-0.24157434398624084,0.0
2,공공AI 종합안,0.45,0.0136,0.065,0.18,공공AI 종합안,0.98,0.9,0.065,0.075,0.22,0.08,0.35,0.92,0.260841697219223,0.2398144701281053,0.10924817666802211,1.1123291493561462,0.358125,0.5622384859445738,1.9920059068857705,0.9411126126291403,0.8879669205786259,0.7447048967082541,0.2485469500167869,1.2487531546052058,0.0,0.0,0.0,0.0,0.0,0.3845850607050263,0.38272618511080636,0.2262250159283905,1.0033867044872804,0.234375,0.42290840341163044,3.035128425021399,0.9731890128252221,0.9489921765997089,0.2091809149789048,0.25423717136843255,1.2967422379145064,-0.2476581593605788,-0.20423030939648049,-0.13725185262715828,-0.07526340746564737,0.14902789318439055,0.12374336348580328,0.14291171498270105,0.11697683926036839,-0.10894244486886584,-0.12375000000000003,-0.13933008253294338,1.0431225181356283,0.03207640019608182,0.061025256021082996,-0.5355239817293493,0.005690221351645652,0.04798908330930063,-0.2476581593605788,-0.20423030939648049,-0.13725185262715828,-0.07526340746564737,0.14902789318439055,0.06642450000000001,-0.018435416690699383,-0.17536694486886584,1.1368683772161603e-13
2,공공AI 실패,0.45,0.0136,0.065,0.18,공공AI 실패,0.9,0.42,0.018,0.025,0.0,0.0,0.04,0.38,0.260841697219223,0.2398144701281053,0.10924817666802211,1.1123291493561462,0.358125,0.5622384859445738,1.9920059068857705,0.9411126126291403,0.8879669205786259,0.7447048967082541,0.2485469500167869,1.2487531546052058,0.0,0.0,0.0,0.0,0.0,0.4194749035273989,0.42049832970778805,0.26448104460394906,0.87752877461094,0.23,0.3188643085475088,3.1165343394339993,0.9496018445784428,0.9041857784234145,0.5462410097714258,0.26683235453261017,1.1930743159955977,-0.4728369803444078,-0.3766875683821474,-0.2741075378756289,-0.1781915419069461,0.11631521724662985,0.1586332063081759,0.18068385957968275,0.15523286793592694,-0.2348003747452062,-0.12812500000000002,-0.24337417739706502,1.1245284325482288,0.008489231949302511,0.016218857844788603,-0.19846388693682837,0.018285404515823278,-0.055678838609608095,-0.4728369803444078,-0.3766875683821474,-0.2741075378756289,-0.1781915419069461,0.11631521724662985,0.015324899999999999,-0.0710037386096081,-0.2501252747452062,0.0
3,시장·고가AI,0.45,0.0136,0.065,0.18,시장·고가AI,0.1,0.3,0.0,0.0,0.0,0.0,0.0,0.65,0.2683455656314737,0.2470978336557962,0.11483383917838141,1.0709028701552714,0.359375,0.62386748946905,2.1277024855742632,0.9413492534255505,0.8885496502148228,0.7198945170436457,0.2498752445082495,1.2098325913874186,0.0,0.0,0.0,0.0,0.0,0.426959336604555,0.44365256207608667,0.272932320617564,0.811003236044145,0.22125,0.4073172552204986,3.0874418934652854,0.9390276798613704,0.8867843571132221,0.7273032875260093,0.26748035931620706,1.1154439387719766,-0.49909005513531257,-0.4338736786384002,-0.3064395840783819,-0.20879082676980637,0.058267488424382084,0.15861377097308127,0.19655472842029045,0.1580984814391826,-0.2598996341111264,-0.138125,-0.2165502342485514,0.9597394078910222,-0.0023215735641801682,-0.0017652931016006734,0.007408770482363547,0.017605114807957567,-0.09438865261544205,-0.49909005513531257,-0.4338736786384002,-0.3064395840783819,-0.20879082676980637,0.058267488424382084,0.0,-0.09438865261544205,-0.2598996341111264,0.0
3,전국민 공공AI,0.45,0.0136,0.065,0.18,전국민 공공AI,0.98,0.72,0.0,0.0,0.0,0.0,0.1,0.82,0.2683455656314737,0.2470978336557962,0.11483383917838141,1.0709028701552714,0.359375,0.62386748946905,2.1277024855742632,0.9413492534255505,0.8885496502148228,0.7198945170436457,0.2498752445082495,1.2098325913874186,0.0,0.0,0.0,0.0,0.0,0.41875019255536006,0.44207942520667504,0.2665410660650689,0.850173716848354,0.209375,0.4232321845602676,3.145416553030053,0.9391857367487646,0.8868995678351123,0.7057188911422732,0.26584333027723384,1.159129267520487,-0.45574917001413906,-0.3752805048575548,-0.2559563903242795,-0.15580174964876595,0.08870444398893737,0.15040462692388634,0.19498159155087882,0.15170722688668747,-0.22072915330691745,-0.15,-0.2006353049087824,1.0177140674557896,-0.002163516676785937,-0.001650082379710538,-0.014175625901372557,0.01596808576898434,-0.05070332386693166,-0.45574917001413906,-0.3752805048575548,-0.2559563903242795,-0.15580174964876595,0.08870444398893737,0.02667168,-0.07737500386693166,-0.24740083330691745,0.0
3,공공AI+공교육,0.45,0.0136,0.065,0.18,공공AI+공교육,0.98,0.82,0.065,0.0,0.0,0.0,0.25,0.86,0.2683455656314737,0.2470978336557962,0.11483383917838141,1.0709028701552714,0.359375,0.62386748946905,2.1277024855742632,0.9413492534255505,0.8885496502148228,0.7198945170436457,0.2498752445082495,1.2098325913874186,0.0,0.0,0.0,0.0,0.0,0.41600088461147533,0.44137075375891915,0.265712903798084,0.8984564167112101,0.2025,0.45778069064854854,3.194731964571999,0.955491865084386,0.9154239716567905,0.1999633280241887,0.26493761329232685,1.2235764748671962,-0.38983589897348053,-0.30595464312669984,-0.19670809715295542,-0.10480224478388242,0.11940499798268252,0.14765531898000162,0.19427292010312294,0.15087906461970257,-0.1724464534440613,-0.156875,-0.16608679882050148,1.067029478997736,0.014142611658835458,0.026874321441967663,-0.519931189019457,0.015062368784077351,0.013743883479777619,-0.38983589897348053,-0.30595464312669984,-0.19670809715295542,-0.10480224478388242,0.11940499798268252,0.04629498,-0.03255109652022238,-0.21874143344406127,0.0
3,공공AI+돌봄,0.45,0.0136,0.065,0.18,공공AI+돌봄,0.98,0.78,0.0,0.075,0.0,0.0,0.1,0.88,0.2683455656314737,0.2470978336557962,0.11483383917838141,1.0709028701552714,0.359375,0.62386748946905,2.1277024855742632,0.9413492534255505,0.8885496502148228,0.7198945170436457,0.2498752445082495,1.2098325913874186,0.0,0.0,0.0,0.0,0.0,0.4151460577484246,0.43503354974899355,0.2622910511765739,0.866956237311562,0.208125,0.43482882560762137,3.1653098051112774,0.9569796560727823,0.9206737448232235,0.700301427896887,0.2654998655756856,1.175200922659638,-0.4321410221729215,-0.3506042207996969,-0.23690705263240744,-0.13873751245977717,0.10204542793315578,0.1468004921169509,0.18793571609319734,0.1474572119981925,-0.2039466328437094,-0.15125,-0.18903866386142865,1.0376073195370141,0.01563040264723181,0.03212409460840071,-0.019593089146758724,0.015624621067436117,-0.03463166872778056,-0.4321410221729215,-0.3506042207996969,-0.23690705263240744,-0.13873751245977717,0.10204542793315578,0.04255218,-0.07718384872778056,-0.2464988128437094,0.0
3,공공AI 종합안,0.45,0.0136,0.065,0.18,공공AI 종합안,0.98,0.9,0.065,0.075,0.22,0.08,0.35,0.92,0.2683455656314737,0.2470978336557962,0.11483383917838141,1.0709028701552714,0.359375,0.62386748946905,2.1277024855742632,0.9413492534255505,0.8885496502148228,0.7198945170436457,0.2498752445082495,1.2098325913874186,0.0,0.0,0.0,0.0,0.0,0.39088676809944545,0.4130205721756234,0.2336687886130655,0.9525862191016994,0.215,0.5307444441878906,3.0749756445705216,0.9734963242574268,0.9496367206791959,0.19707821241875778,0.2546118010606112,1.2430476600028775,-0.2509586123511185,-0.22133829614082004,-0.14284664495371158,-0.07988406168087166,0.10964384567252047,0.12254120246797173,0.16592273851982717,0.11883494943468409,-0.11831665105357203,-0.144375,-0.09312304528115944,0.9472731589962584,0.03214707083187629,0.06108707046437312,-0.5228163046248879,0.004736556552361715,0.033215068615458865,-0.2509586123511185,-0.22133829614082004,-0.14284664495371158,-0.07988406168087166,0.10964384567252047,0.06642450000000001,-0.033209431384541147,-0.18474115105357203,0.0
3,공공AI 실패,0.45,0.0136,0.065,0.18,공공AI 실패,0.9,0.42,0.018,0.025,0.0,0.0,0.04,0.38,0.2683455656314737,0.2470978336557962,0.11483383917838141,1.0709028701552714,0.359375,0.62386748946905,2.1277024855742632,0.9413492534255505,0.8885496502148228,0.7198945170436457,0.2498752445082495,1.2098325913874186,0.0,0.0,0.0,0.0,0.0,0.42523202527125437,0.4454412689458502,0.27149260527823005,0.828356292571815,0.22,0.41770846464520034,3.1077744924206137,0.9498326192139455,0.9047207135956777,0.5266289617275033,0.2671381724078772,1.137059552961956,-0.4755370467448784,-0.40830511127829683,-0.2839346209670892,-0.18786952725832123,0.07157626290857082,0.15688645963978065,0.19834343529005397,0.15665876609984863,-0.24254657758345644,-0.139375,-0.20615902482384968,0.9800720068463504,0.008483365788394925,0.016171063380854944,-0.19326555531614242,0.01726292789962769,-0.07277303842546257,-0.4755370467448784,-0.40830511127829683,-0.2839346209670892,-0.18786952725832123,0.07157626290857082,0.015324899999999999,-0.08809793842546257,-0.2578714775834564,0.0
4,시장·고가AI,0.45,0.0136,0.065,0.18,시장·고가AI,0.1,0.3,0.0,0.0,0.0,0.0,0.0,0.65,0.25605386180019785,0.22562909286566468,0.10646896857706878,1.1443706186277915,0.38625,0.6212015563432955,2.1151865903976153,0.942301548071995,0.8867269655401129,0.7396811079938718,0.2453497727392729,1.2807284564089543,0.0,0.0,0.0,0.0,0.0,0.4252000386141571,0.4399222555560737,0.27061817408143696,0.8886588675913593,0.225625,0.4054298059865978,3.309626825214332,0.9400315642537737,0.8849837443649708,0.7452049343170275,0.265028016209299,1.2183726492940885,-0.4771008590577509,-0.4173347554460614,-0.3343948211821803,-0.16034802193911626,0.12469520298826117,0.16914617681395927,0.21429316269040904,0.16414920550436818,-0.2557117510364323,-0.160625,-0.21577175035669777,1.194440234816717,-0.0022699838182212995,-0.001743221175142029,0.005523826323155734,0.019678243470026113,-0.06235580711486577,-0.4771008590577509,-0.4173347554460614,-0.3343948211821803,-0.16034802193911626,0.12469520298826117,0.0,-0.06235580711486577,-0.2557117510364323,0.0
4,전국민 공공AI,0.45,0.0136,0.065,0.18,전국민 공공AI,0.98,0.72,0.0,0.0,0.0,0.0,0.1,0.82,0.25605386180019785,0.22562909286566468,0.10646896857706878,1.1443706186277915,0.38625,0.6212015563432955,2.1151865903976153,0.942301548071995,0.8867269655401129,0.7396811079938718,0.2453497727392729,1.2807284564089543,0.0,0.0,0.0,0.0,0.0,0.4171915750154326,0.424871022408959,0.2641645697527474,0.9252899009240062,0.219375,0.41620038470266035,3.3312069828403326,0.9401685275838995,0.8850871213151459,0.7236758165871282,0.2631531541052223,1.2574685356114121,-0.4353281643357563,-0.3701762556852274,-0.28636605235426627,-0.1209010102978921,0.15025652272106269,0.16113771321523473,0.19924192954329434,0.1576956011756786,-0.21908071770378534,-0.166875,-0.2050011716406352,1.2160203924427173,-0.002133020488095494,-0.001639844224966991,-0.01600529140674356,0.01780338136594939,-0.023259920797542133,-0.4353281643357563,-0.3701762556852274,-0.28636605235426627,-0.1209010102978921,0.15025652272106269,0.02667168,-0.049931600797542136,-0.24575239770378535,0.0
4,공공AI+공교육,0.45,0.0136,0.065,0.18,공공AI+공교육,0.98,0.82,0.065,0.0,0.0,0.0,0.25,0.86,0.25605386180019785,0.22562909286566468,0.10646896857706878,1.1443706186277915,0.38625,0.6212015563432955,2.1151865903976153,0.942301548071995,0.8867269655401129,0.7396811079938718,0.2453497727392729,1.2807284564089543,0.0,0.0,0.0,0.0,0.0,0.41426292827918276,0.42345433844907643,0.26287558219674934,0.9770297682136689,0.220625,0.45131356610182016,3.38457073440637,0.956161854262386,0.9139373826010035,0.20542619217498326,0.26222330892721485,1.3254611360255502,-0.3671238997554764,-0.3056740506273752,-0.22701711883747225,-0.07120476872770179,0.1805550068162905,0.15820906647898492,0.19782524558341175,0.15640661361968056,-0.1673408504141226,-0.165625,-0.16988799024147538,1.2693841440087548,0.013860306190391025,0.027210417060890668,-0.5342549158188885,0.016873536187941962,0.04473267961659588,-0.3671238997554764,-0.3056740506273752,-0.22701711883747225,-0.07120476872770179,0.1805550068162905,0.04629498,-0.0015623003834041166,-0.2136358304141226,0.0
4,공공AI+돌봄,0.45,0.0136,0.065,0.18,공공AI+돌봄,0.98,0.78,0.0,0.075,0.0,0.0,0.1,0.88,0.25605386180019785,0.22562909286566468,0.10646896857706878,1.1443706186277915,0.38625,0.6212015563432955,2.1151865903976153,0.942301548071995,0.8867269655401129,0.7396811079938718,0.2453497727392729,1.2807284564089543,0.0,0.0,0.0,0.0,0.0,0.41340216954632736,0.4198827636098978,0.2596961579143314,0.9417994194290616,0.22375,0.4232766101620127,3.342267772914776,0.9573878646282712,0.9188593852718437,0.7176333024337781,0.26278729675807483,1.2721795645092382,-0.41377503346141237,-0.34920501120305947,-0.2664267917163401,-0.10488067957944343,0.1601986887372317,0.1573483077461295,0.1942536707442331,0.15322718933726265,-0.2025711991987299,-0.16249999999999998,-0.19792494618128287,1.2270811825171606,0.015086316556276236,0.032132419731730866,-0.02204780556009367,0.017437524018801942,-0.008548891899716082,-0.41377503346141237,-0.34920501120305947,-0.2664267917163401,-0.10488067957944343,0.1601986887372317,0.04255218,-0.051101071899716084,-0.2451233791987299,0.0
4,공공AI 종합안,0.45,0.0136,0.065,0.18,공공AI 종합안,0.98,0.9,0.065,0.075,0.22,0.08,0.35,0.92,0.25605386180019785,0.22562909286566468,0.10646896857706878,1.1443706186277915,0.38625,0.6212015563432955,2.1151865903976153,0.942301548071995,0.8867269655401129,0.7396811079938718,0.2453497727392729,1.2807284564089543,0.0,0.0,0.0,0.0,0.0,0.3878873617351687,0.3887976835653333,0.22940833201219746,1.0341776579146567,0.235625,0.5317203092368792,3.2233324814140123,0.9735595775298909,0.948092422144571,0.20233832424213805,0.25107961889267844,1.342056631127533,-0.22880490746738041,-0.2219769978169575,-0.1730881604632784,-0.04674913022094912,0.16437804431390932,0.13183349993497084,0.1631685906996686,0.12293936343512868,-0.11019296071313489,-0.15062499999999998,-0.08948124710641636,1.108145891016397,0.03125802945789591,0.061365456604458135,-0.5373427837517337,0.005729846153405549,0.061328174718578765,-0.22880490746738041,-0.2219769978169575,-0.1730881604632784,-0.04674913022094912,0.16437804431390932,0.06642450000000001,-0.005096325281421246,-0.1766174607131349,0.0
4,공공AI 실패,0.45,0.0136,0.065,0.18,공공AI 실패,0.9,0.42,0.018,0.025,0.0,0.0,0.04,0.38,0.25605386180019785,0.22562909286566468,0.10646896857706878,1.1443706186277915,0.38625,0.6212015563432955,2.1151865903976153,0.942301548071995,0.8867269655401129,0.7396811079938718,0.2453497727392729,1.2807284564089543,0.0,0.0,0.0,0.0,0.0,0.4234965541805251,0.4360704589215964,0.26924931763197313,0.9067124697665238,0.224375,0.4154015633902659,3.3275579997090197,0.9506120614461119,0.9030996329951017,0.5404895093857223,0.26461703407745873,1.2407959262224506,-0.45370430865837835,-0.3939354349168938,-0.31208209116489916,-0.14147775351810138,0.13727609158394377,0.16744269238032727,0.21044136605593172,0.16278034905490435,-0.2376581488612678,-0.161875,-0.20579999295302964,1.2123714093114044,0.008310513374116923,0.016372667454988776,-0.1991915986081495,0.019267261338185848,-0.03993253018650367,-0.45370430865837835,-0.3939354349168938,-0.31208209116489916,-0.14147775351810138,0.13727609158394377,0.015324899999999999,-0.05525743018650367,-0.25298304886126777,0.0
5,시장·고가AI,0.45,0.0136,0.065,0.18,시장·고가AI,0.1,0.3,0.0,0.0,0.0,0.0,0.0,0.65,0.2641657361320291,0.23670298165756495,0.11187474987532942,1.0938553289708666,0.378125,0.633958762178768,1.8686720680570552,0.9418827570769995,0.888637618351137,0.6936336242648958,0.24895488683964156,1.2316453437365018,0.0,0.0,0.0,0.0,0.0,0.42273220860217864,0.4358420248606698,0.26943735702269966,0.8429246388047014,0.21875,0.4327061723784579,2.804555547341509,0.9396122673253209,0.8869034485484434,0.7013807617159474,0.27087298925358444,1.1538020002904696,-0.48711563914972017,-0.42163502793604,-0.32218273895562477,-0.17950977480522173,0.1075122996540349,0.15856647247014954,0.19913904320310485,0.15756260714737025,-0.2509306901661652,-0.159375,-0.20125258980031013,0.9358834792844539,-0.0022704897516786504,-0.001734169802693586,0.0077471374510516,0.021918102413942875,-0.07784334344603216,-0.48711563914972017,-0.42163502793604,-0.32218273895562477,-0.17950977480522173,0.1075122996540349,0.0,-0.07784334344603216,-0.2509306901661652,0.0
5,전국민 공공AI,0.45,0.0136,0.065,0.18,전국민 공공AI,0.98,0.72,0.0,0.0,0.0,0.0,0.1,0.82,0.2641657361320291,0.23670298165756495,0.11187474987532942,1.0938553289708666,0.378125,0.633958762178768,1.8686720680570552,0.9418827570769995,0.888637618351137,0.6936336242648958,0.24895488683964156,1.2316453437365018,0.0,0.0,0.0,0.0,0.0,0.4152162367990244,0.42211945575223014,0.2640863389093395,0.8812020777347009,0.218125,0.4564756739800322,2.8419014452878013,0.9397611679693706,0.8870117542081731,0.6792593316259878,0.2687930238202054,1.1974258997023046,-0.447690240549114,-0.3723286295375104,-0.27280496255981357,-0.13038072938186612,0.14232075684708673,0.15105050066699532,0.1854164740946652,0.1522115890340101,-0.21265325123616563,-0.15999999999999998,-0.17748308819873582,0.9732293772307461,-0.0021215891076289406,-0.0016258641429638399,-0.014374292638907993,0.01983813698056386,-0.03421944403419719,-0.447690240549114,-0.3723286295375104,-0.27280496255981357,-0.13038072938186612,0.14232075684708673,0.02667168,-0.06089112403419719,-0.23932493123616563,0.0
5,공공AI+공교육,0.45,0.0136,0.065,0.18,공공AI+공교육,0.98,0.82,0.065,0.0,0.0,0.0,0.25,0.86,0.2641657361320291,0.23670298165756495,0.11187474987532942,1.0938553289708666,0.378125,0.633958762178768,1.8686720680570552,0.9418827570769995,0.888637618351137,0.6936336242648958,0.24895488683964156,1.2316453437365018,0.0,0.0,0.0,0.0,0.0,0.41262185046634725,0.4286360057540577,0.26373930862072614,0.9299747902378509,0.21125,0.5000084385484649,2.888710121815256,0.9561395383694926,0.9159560016660937,0.192620064702695,0.2677117666875889,1.263105311918368,-0.38180032312252604,-0.309389301447785,-0.21461888132224155,-0.0813011819470266,0.17557841134057256,0.14845611433431816,0.19193302409649274,0.15186455874539673,-0.16388053873301567,-0.166875,-0.13395032363030313,1.020038053758201,0.014256781292493081,0.02731838331495673,-0.5010135595622008,0.018756879847947328,0.03145996818186614,-0.38180032312252604,-0.309389301447785,-0.21461888132224155,-0.0813011819470266,0.17557841134057256,0.04629498,-0.014835011818133861,-0.21017551873301565,0.0
5,공공AI+돌봄,0.45,0.0136,0.065,0.18,공공AI+돌봄,0.98,0.78,0.0,0.075,0.0,0.0,0.1,0.88,0.2641657361320291,0.23670298165756495,0.11187474987532942,1.0938553289708666,0.378125,0.633958762178768,1.8686720680570552,0.9418827570769995,0.888637618351137,0.6936336242648958,0.24895488683964156,1.2316453437365018,0.0,0.0,0.0,0.0,0.0,0.4117459929389109,0.4204984799520705,0.2601328123220841,0.8979901475937507,0.218125,0.4669010213068823,2.85862729410642,0.9574055345941739,0.9207852970120354,0.6733232106337498,0.2683218630520317,1.2137180328433081,-0.4254243865917104,-0.35065821497356925,-0.25246816213922674,-0.11216446521721693,0.15419204359313404,0.1475802568068818,0.18379549829450556,0.14825806244675466,-0.19586518137711584,-0.15999999999999998,-0.16705774087188568,0.9899552260493647,0.015522777517174347,0.032147678660898404,-0.02031041363114605,0.01936697621239014,-0.01792731089319366,-0.4254243865917104,-0.35065821497356925,-0.25246816213922674,-0.11216446521721693,0.15419204359313404,0.04255218,-0.06047949089319366,-0.23841736137711583,0.0
5,공공AI 종합안,0.45,0.0136,0.065,0.18,공공AI 종합안,0.98,0.9,0.065,0.075,0.22,0.08,0.35,0.92,0.2641657361320291,0.23670298165756495,0.11187474987532942,1.0938553289708666,0.378125,0.633958762178768,1.8686720680570552,0.9418827570769995,0.888637618351137,0.6936336242648958,0.24895488683964156,1.2316453437365018,0.0,0.0,0.0,0.0,0.0,0.38684076568015546,0.3996931572802022,0.230735063113093,0.9855892624414218,0.221875,0.5784725357386221,2.7250806792843334,0.9739506219044657,0.9500850240085565,0.18975028526528537,0.2562620301316904,1.281209132486845,-0.24694301643689726,-0.2216429883482351,-0.15879746237992987,-0.05354392141077023,0.15980721094009182,0.12267502954812637,0.16299017562263726,0.11886031323776358,-0.10826606652944482,-0.15625,-0.05548622644014589,0.8564086112272782,0.03206786482746615,0.061447405657419574,-0.5038833389996105,0.0073071432920488455,0.049563788750343285,-0.24694301643689726,-0.2216429883482351,-0.15879746237992987,-0.05354392141077023,0.15980721094009182,0.06642450000000001,-0.016860711249656726,-0.1746905665294448,-1.1368683772161603e-13
5,공공AI 실패,0.45,0.0136,0.065,0.18,공공AI 실패,0.9,0.42,0.018,0.025,0.0,0.0,0.04,0.38,0.2641657361320291,0.23670298165756495,0.11187474987532942,1.0938553289708666,0.378125,0.633958762178768,1.8686720680570552,0.9418827570769995,0.888637618351137,0.6936336242648958,0.24895488683964156,1.2316453437365018,0.0,0.0,0.0,0.0,0.0,0.4210596654995503,0.4336878762016054,0.2682070748456057,0.860515230545682,0.22,0.4446409273819004,2.82103419501316,0.9504099385874656,0.905037223111855,0.508361866958307,0.27043238277154474,1.1758999041486085,-0.4638814776276902,-0.39697243967344475,-0.2995377462126324,-0.15998429656355834,0.12071386674101874,0.15689392936752122,0.19698489454404047,0.15633232497027627,-0.23334009842518455,-0.158125,-0.1893178347968676,0.9523621269561047,0.008527181510466053,0.016399604760718,-0.18527175730658885,0.02147749593190318,-0.05574543958789335,-0.4638814776276902,-0.39697243967344475,-0.2995377462126324,-0.15998429656355834,0.12071386674101874,0.015324899999999999,-0.07107033958789336,-0.24866499842518455,0.0
6,시장·고가AI,0.45,0.0136,0.065,0.18,시장·고가AI,0.1,0.3,0.0,0.0,0.0,0.0,0.0,0.65,0.25948308191059033,0.23435652325333842,0.10922814390321789,1.0832058260016215,0.376875,0.6608056864075187,1.9088927207763642,0.9450952042171398,0.8889409946237972,0.6698360883901782,0.24807106487445651,1.216030590310805,0.0,0.0,0.0,0.0,0.0,0.41543286205802277,0.41053947066421814,0.26105548704899517,0.8212494965884609,0.2375,0.41205668264475864,2.88388176097881,0.9427036108191714,0.8871435631316044,0.6778475719567285,0.26556712917763375,1.1113818185194553,-0.5140673790359384,-0.4182914958522629,-0.32557203435393917,-0.1908736124561726,0.06453790251520183,0.15594978014743244,0.17618294741087973,0.15182734314577728,-0.2619563294131606,-0.13937500000000003,-0.24874900376276005,0.9749890402024457,-0.00239159339796835,-0.0017974314921928025,0.008011483566550348,0.01749606430317724,-0.10464877179134979,-0.5140673790359384,-0.4182914958522629,-0.32557203435393917,-0.1908736124561726,0.06453790251520183,0.0,-0.10464877179134979,-0.2619563294131606,0.0
6,전국민 공공AI,0.45,0.0136,0.065,0.18,전국민 공공AI,0.98,0.72,0.0,0.0,0.0,0.0,0.1,0.82,0.25948308191059033,0.23435652325333842,0.10922814390321789,1.0832058260016215,0.376875,0.6608056864075187,1.9088927207763642,0.9450952042171398,0.8889409946237972,0.6698360883901782,0.24807106487445651,1.216030590310805,0.0,0.0,0.0,0.0,0.0,0.4063121299220752,0.40428268649520804,0.2544104420289831,0.8636956036153283,0.235,0.43073791213077695,2.9205390521653705,0.9428684307642083,0.887262042258398,0.6561954448336902,0.2638536174381431,1.1584062496338,-0.46660379496255133,-0.36722272270608114,-0.2662758519490505,-0.13664758379656197,0.10445053063679785,0.1468290480114849,0.16992616324186963,0.14518229812576522,-0.21951022238629325,-0.14187500000000003,-0.23006777427674174,1.0116463313890063,-0.00222677345293143,-0.0016789523653991667,-0.013640643556487975,0.015782552563686603,-0.05762434067700517,-0.46660379496255133,-0.36722272270608114,-0.2662758519490505,-0.13664758379656197,0.10445053063679785,0.02667168,-0.08429602067700517,-0.24618190238629326,0.0
6,공공AI+공교육,0.45,0.0136,0.065,0.18,공공AI+공교육,0.98,0.82,0.065,0.0,0.0,0.0,0.25,0.86,0.25948308191059033,0.23435652325333842,0.10922814390321789,1.0832058260016215,0.376875,0.6608056864075187,1.9088927207763642,0.9450952042171398,0.8889409946237972,0.6698360883901782,0.24807106487445651,1.216030590310805,0.0,0.0,0.0,0.0,0.0,0.4032991667979047,0.4020888313594428,0.25332016307025573,0.9137986033838582,0.230625,0.4662935927555129,2.967880116577295,0.9583861368663799,0.915825308452854,0.1834535799190845,0.2630612778054516,1.2238158286706733,-0.3971595714092658,-0.3023942363184024,-0.20659954698673566,-0.08397250716801756,0.13977546245236622,0.14381608488731434,0.16773230810610437,0.14409201916703784,-0.1694072226177633,-0.14625000000000002,-0.19451209365200578,1.0589873958009308,0.013290932649240084,0.02688431382905687,-0.48638250847109366,0.014990212930995062,0.0077852383598682184,-0.3971595714092658,-0.3023942363184024,-0.20659954698673566,-0.08397250716801756,0.13977546245236622,0.04629498,-0.03850974164013178,-0.2157022026177633,0.0
6,공공AI+돌봄,0.45,0.0136,0.065,0.18,공공AI+돌봄,0.98,0.78,0.0,0.075,0.0,0.0,0.1,0.88,0.25948308191059033,0.23435652325333842,0.10922814390321789,1.0832058260016215,0.376875,0.6608056864075187,1.9088927207763642,0.9450952042171398,0.8889409946237972,0.6698360883901782,0.24807106487445651,1.216030590310805,0.0,0.0,0.0,0.0,0.0,0.4025463080744873,0.40113567997575145,0.25019185047683024,0.8804714165193943,0.23375,0.4408076595441785,2.9356608916456692,0.959587190011454,0.9210361564177957,0.6520003341416485,0.2634733679526594,1.1742622657266637,-0.4428962587842203,-0.3462851032362585,-0.24475152781081766,-0.11954059917240581,0.11735940886854235,0.143063226163897,0.16677915672241303,0.14096370657361235,-0.2027344094822272,-0.143125,-0.2199980268633402,1.026768170869305,0.01449198579431421,0.03209516179399852,-0.01783575424852968,0.015402303078202895,-0.04176832458414137,-0.4428962587842203,-0.3462851032362585,-0.24475152781081766,-0.11954059917240581,0.11735940886854235,0.04255218,-0.08432050458414136,-0.2452865894822272,0.0
6,공공AI 종합안,0.45,0.0136,0.065,0.18,공공AI 종합안,0.98,0.9,0.065,0.075,0.22,0.08,0.35,0.92,0.25948308191059033,0.23435652325333842,0.10922814390321789,1.0832058260016215,0.376875,0.6608056864075187,1.9088927207763642,0.9450952042171398,0.8889409946237972,0.6698360883901782,0.24807106487445651,1.216030590310805,0.0,0.0,0.0,0.0,0.0,0.3775145712694753,0.3750812033407467,0.22138981348291986,0.9683670796050085,0.245625,0.5369837151609959,2.8259282483898387,0.9752801161676956,0.9499977065338977,0.1809469416798527,0.2527645513514701,1.2437123176319576,-0.2581615630565358,-0.21823716163110635,-0.1519938857345793,-0.05983764890099608,0.1278850053620148,0.11803148935888497,0.14072468008740827,0.11216166957970197,-0.11483874639661307,-0.13125,-0.12382197124652283,0.9170355276134745,0.030184911950555837,0.061056711910100536,-0.48888914671032546,0.004693486477013564,0.027681727321152483,-0.2581615630565358,-0.21823716163110635,-0.1519938857345793,-0.05983764890099608,0.1278850053620148,0.06642450000000001,-0.03874277267884753,-0.18126324639661306,-1.1368683772161603e-13
6,공공AI 실패,0.45,0.0136,0.065,0.18,공공AI 실패,0.9,0.42,0.018,0.025,0.0,0.0,0.04,0.38,0.25948308191059033,0.23435652325333842,0.10922814390321789,1.0832058260016215,0.376875,0.6608056864075187,1.9088927207763642,0.9450952042171398,0.8889409946237972,0.6698360883901782,0.24807106487445651,1.216030590310805,0.0,0.0,0.0,0.0,0.0,0.4136587946063085,0.40949149820451947,0.2596981211292504,0.8390228871892791,0.239375,0.4228515146010103,2.9001833691625554,0.9530387618036557,0.9050802461375843,0.49021031423467953,0.2652727840589698,1.1333523676437478,-0.4906458605984243,-0.3942629689956632,-0.30240469683851057,-0.1693974740350761,0.07949952332281181,0.15417571269571817,0.17513497495118105,0.1504699772260325,-0.24418293881234243,-0.1375,-0.2379541718065084,0.9912906483861912,0.007943557586515881,0.016139251513787145,-0.17962577415549863,0.017201719184513298,-0.08267822266705727,-0.4906458605984243,-0.3942629689956632,-0.30240469683851057,-0.1693974740350761,0.07949952332281181,0.015324899999999999,-0.09800312266705727,-0.2595078388123424,0.0
7,시장·고가AI,0.45,0.0136,0.065,0.18,시장·고가AI,0.1,0.3,0.0,0.0,0.0,0.0,0.0,0.65,0.26115595742565667,0.2391778041331037,0.10983860849778648,1.0409831619335745,0.361875,0.7064904503291255,1.9563299147629756,0.9386874428034738,0.8863266610493142,0.7060651600817415,0.23753305652475099,1.1694319388272256,0.0,0.0,0.0,0.0,0.0,0.4204509610959811,0.4221385599530716,0.2645123563184857,0.7716526131973099,0.23125,0.44963961294558924,3.0077511897431286,0.9363336090238872,0.8845322982803189,0.7160614732202795,0.25849868078631416,1.0491714168504183,-0.49877282740641105,-0.44522771105622994,-0.328945673040651,-0.22290317246890728,-0.0010827547348217447,0.15929500367032445,0.1829607558199679,0.1546737478206992,-0.2693305487362646,-0.130625,-0.25685083738353626,1.051421274980153,-0.002353833779586645,-0.0017943627689953612,0.009996313138537993,0.020965624261563176,-0.12026052197680737,-0.49877282740641105,-0.44522771105622994,-0.328945673040651,-0.22290317246890728,-0.0010827547348217447,0.0,-0.12026052197680737,-0.2693305487362646,0.0
7,전국민 공공AI,0.45,0.0136,0.065,0.18,전국민 공공AI,0.98,0.72,0.0,0.0,0.0,0.0,0.1,0.82,0.26115595742565667,0.2391778041331037,0.10983860849778648,1.0409831619335745,0.361875,0.7064904503291255,1.9563299147629756,0.9386874428034738,0.8863266610493142,0.7060651600817415,0.23753305652475099,1.1694319388272256,0.0,0.0,0.0,0.0,0.0,0.412486772182326,0.4205194735252534,0.25885515224803934,0.8119737798866191,0.224375,0.4685476757141806,3.03360932506523,0.9365000466727389,0.8846555499887198,0.6955202348811428,0.2565166716161961,1.0955669223762354,-0.4577113945177067,-0.38824848353585295,-0.27382358443280663,-0.16736255345724085,0.044881792302815304,0.15133081475666932,0.18134166939214968,0.14901654375025286,-0.22900938204695542,-0.1375,-0.2379427746149449,1.0772794103022545,-0.002187396130734931,-0.0016711110605944768,-0.010544925200598687,0.01898361509144514,-0.0738650164509902,-0.4577113945177067,-0.38824848353585295,-0.27382358443280663,-0.16736255345724085,0.044881792302815304,0.02667168,-0.1005366964509902,-0.2556810620469554,0.0
7,공공AI+공교육,0.45,0.0136,0.065,0.18,공공AI+공교육,0.98,0.82,0.065,0.0,0.0,0.0,0.25,0.86,0.26115595742565667,0.2391778041331037,0.10983860849778648,1.0409831619335745,0.361875,0.7064904503291255,1.9563299147629756,0.9386874428034738,0.8863266610493142,0.7060651600817415,0.23753305652475099,1.1694319388272256,0.0,0.0,0.0,0.0,0.0,0.41107143495345744,0.42040327117491894,0.2591962863747094,0.8582768126432404,0.220625,0.5055025849527546,3.0716725307368553,0.9531543532341377,0.9131482794607416,0.20547125320970328,0.2559482633023889,1.1585752026580274,-0.3908843424586192,-0.32523735871052284,-0.21484772072331185,-0.11362635396377412,0.0796246724833787,0.14991547752780077,0.18122546704181525,0.1493576778769229,-0.18270634929033414,-0.14125000000000001,-0.20098786537637092,1.1153426159738797,0.014466910430663837,0.026821618411427384,-0.5005939068720382,0.018415206777637916,-0.010856736169198244,-0.3908843424586192,-0.32523735871052284,-0.21484772072331185,-0.11362635396377412,0.0796246724833787,0.04629498,-0.057151716169198244,-0.22900132929033412,0.0
7,공공AI+돌봄,0.45,0.0136,0.065,0.18,공공AI+돌봄,0.98,0.78,0.0,0.075,0.0,0.0,0.1,0.88,0.26115595742565667,0.2391778041331037,0.10983860849778648,1.0409831619335745,0.361875,0.7064904503291255,1.9563299147629756,0.9386874428034738,0.8863266610493142,0.7060651600817415,0.23753305652475099,1.1694319388272256,0.0,0.0,0.0,0.0,0.0,0.4089700674570078,0.4167164611492072,0.2549045542417224,0.828499909189368,0.225,0.4779880170725598,3.041244102375703,0.9547381643050957,0.9184305411461323,0.6914854418125803,0.2561421733315351,1.1119379589633787,-0.4353760429933494,-0.3642606942444301,-0.25360153837442106,-0.1476879760134247,0.05940541997398482,0.14781411003135114,0.1775386570161035,0.14506594574393594,-0.21248325274420654,-0.136875,-0.22850243325656572,1.0849141876127273,0.0160507215016219,0.03210388009681808,-0.014579718269161157,0.01860911680678412,-0.05749397986384697,-0.4353760429933494,-0.3642606942444301,-0.25360153837442106,-0.1476879760134247,0.05940541997398482,0.04255218,-0.10004615986384696,-0.25503543274420654,0.0
7,공공AI 종합안,0.45,0.0136,0.065,0.18,공공AI 종합안,0.98,0.9,0.065,0.075,0.22,0.08,0.35,0.92,0.26115595742565667,0.2391778041331037,0.10983860849778648,1.0409831619335745,0.361875,0.7064904503291255,1.9563299147629756,0.9386874428034738,0.8863266610493142,0.7060651600817415,0.23753305652475099,1.1694319388272256,0.0,0.0,0.0,0.0,0.0,0.3867865187729215,0.39487459778728545,0.22896403241917906,0.9090343340178099,0.228125,0.57015899408597,2.9211845584524867,0.9715824458683372,0.9473139204974964,0.20285562321414152,0.24515775029345685,1.1789778586723632,-0.2619240418669936,-0.24050643925452064,-0.16393649477897348,-0.0853541298601518,0.07403096112275728,0.1256305613472648,0.15569679365418176,0.11912542392139258,-0.13194882791576468,-0.13375,-0.13633145624315546,0.9648546436895111,0.03289500306486337,0.060987259448182174,-0.5032095368676,0.007624693768705865,0.00954591984513753,-0.2619240418669936,-0.24050643925452064,-0.16393649477897348,-0.0853541298601518,0.07403096112275728,0.06642450000000001,-0.05687858015486248,-0.19837332791576467,0.0
7,공공AI 실패,0.45,0.0136,0.065,0.18,공공AI 실패,0.9,0.42,0.018,0.025,0.0,0.0,0.04,0.38,0.26115595742565667,0.2391778041331037,0.10983860849778648,1.0409831619335745,0.361875,0.7064904503291255,1.9563299147629756,0.9386874428034738,0.8863266610493142,0.7060651600817415,0.23753305652475099,1.1694319388272256,0.0,0.0,0.0,0.0,0.0,0.4188734232062925,0.42194460704798864,0.26319378883481004,0.7888171579937998,0.234375,0.46094515517549756,3.019533556873813,0.9473382582045136,0.9024360942462658,0.5228245137324941,0.2582317625847613,1.0705897236484467,-0.4750921992207043,-0.42081654053860407,-0.3053965920525717,-0.20079141128581277,0.015165050517388229,0.15771746578063583,0.18276680291488495,0.15335518033702356,-0.25216600393977473,-0.1275,-0.24554529515362794,1.0632036421108373,0.008650815401039735,0.016109433196951572,-0.18324064634924742,0.02069870606001034,-0.09884221517877889,-0.4750921992207043,-0.42081654053860407,-0.3053965920525717,-0.20079141128581277,0.015165050517388229,0.015324899999999999,-0.1141671151787789,-0.2674909039397747,0.0
8,시장·고가AI,0.45,0.0136,0.065,0.18,시장·고가AI,0.1,0.3,0.0,0.0,0.0,0.0,0.0,0.65,0.2641591721073173,0.2408310597534543,0.11190860821496484,1.0580583669255061,0.3625,0.6089582527840554,1.9688249204918544,0.9406058920034135,0.8875377836751026,0.7480949119136057,0.24143828015031804,1.191384554239224,0.0,0.0,0.0,0.0,0.0,0.42340432040152687,0.4314870915955489,0.2692682043057709,0.8014585892660667,0.229375,0.3768273206735433,3.262727909575928,0.9382943385866025,0.8858002021133771,0.7539524227733825,0.25733707606315936,1.0967889915131501,-0.5316302304464163,-0.418655321066921,-0.32983115317801426,-0.20114896792895762,0.09247830286646504,0.15924514829420955,0.19065603184209456,0.15735959609080608,-0.2565997776594394,-0.133125,-0.23213093211051206,1.2939029890840734,-0.0023115534168109964,-0.001737581561725543,0.0058575108597768155,0.015898795912841324,-0.09459556272607395,-0.5316302304464163,-0.418655321066921,-0.32983115317801426,-0.20114896792895762,0.09247830286646504,0.0,-0.09459556272607395,-0.2565997776594394,0.0
8,전국민 공공AI,0.45,0.0136,0.065,0.18,전국민 공공AI,0.98,0.72,0.0,0.0,0.0,0.0,0.1,0.82,0.2641591721073173,0.2408310597534543,0.11190860821496484,1.0580583669255061,0.3625,0.6089582527840554,1.9688249204918544,0.9406058920034135,0.8875377836751026,0.7480949119136057,0.24143828015031804,1.191384554239224,0.0,0.0,0.0,0.0,0.0,0.41515602862762924,0.4239448774400866,0.26348044948311333,0.8415192776029953,0.211875,0.3913150944560865,3.2846689033497776,0.9384547518804129,0.8859167470928798,0.7320989505036526,0.2564698161618,1.142562036557509,-0.4885215829497083,-0.3672156477613086,-0.2728715076894332,-0.14613906164811885,0.12983851937168722,0.15099685652031192,0.18311381768663226,0.1515718412681485,-0.21653908932251087,-0.15062499999999998,-0.21764315832796888,1.3158439828579231,-0.00215114012300055,-0.0016210365822227901,-0.015995961409953074,0.015031536011481939,-0.04882251768171497,-0.4885215829497083,-0.3672156477613086,-0.2728715076894332,-0.14613906164811885,0.12983851937168722,0.02667168,-0.07549419768171498,-0.24321076932251087,0.0
8,공공AI+공교육,0.45,0.0136,0.065,0.18,공공AI+공교육,0.98,0.82,0.065,0.0,0.0,0.0,0.25,0.86,0.2641591721073173,0.2408310597534543,0.11190860821496484,1.0580583669255061,0.3625,0.6089582527840554,1.9688249204918544,0.9406058920034135,0.8875377836751026,0.7480949119136057,0.24143828015031804,1.191384554239224,0.0,0.0,0.0,0.0,0.0,0.4122568079785054,0.42408537624425113,0.26249606967260575,0.8886192075418223,0.21,0.4227316525278806,3.324274592070058,0.9549892168924949,0.9147724816899313,0.2183101686123825,0.2558991924433899,1.2049009788291496,-0.42265606307693837,-0.30054423270739844,-0.21549595482704867,-0.09593653371552915,0.1620229226010221,0.14809763587118807,0.18325431649079682,0.1505874614576409,-0.1694391593836838,-0.1525,-0.18622660025617477,1.3554496715782034,0.01438332488908145,0.027234698014828695,-0.5297847433012232,0.014460912293071837,0.013516424589925524,-0.42265606307693837,-0.30054423270739844,-0.21549595482704867,-0.09593653371552915,0.1620229226010221,0.04629498,-0.032778555410074475,-0.2157341393836838,0.0
8,공공AI+돌봄,0.45,0.0136,0.065,0.18,공공AI+돌봄,0.98,0.78,0.0,0.075,0.0,0.0,0.1,0.88,0.2641591721073173,0.2408310597534543,0.11190860821496484,1.0580583669255061,0.3625,0.6089582527840554,1.9688249204918544,0.9406058920034135,0.8875377836751026,0.7480949119136057,0.24143828015031804,1.191384554239224,0.0,0.0,0.0,0.0,0.0,0.4115901868861138,0.42013413014366524,0.259603214626021,0.8579690025514413,0.21,0.3988344944297641,3.2909762644340312,0.9563118131702696,0.9196900800961066,0.7279600485169334,0.2564295491020112,1.1587962285898847,-0.46535289063053814,-0.3457430800436592,-0.25300111141840487,-0.12680329088673545,0.14278633872912716,0.1474310147787965,0.17930307039021093,0.14769460641105614,-0.20008936437406488,-0.1525,-0.21012375835429126,1.3221513439421768,0.015705921166856096,0.032152296421004034,-0.020134863396672253,0.01499126895169317,-0.032588325649339334,-0.46535289063053814,-0.3457430800436592,-0.25300111141840487,-0.12680329088673545,0.14278633872912716,0.04255218,-0.07514050564933933,-0.24264154437406488,0.0
8,공공AI 종합안,0.45,0.0136,0.065,0.18,공공AI 종합안,0.98,0.9,0.065,0.075,0.22,0.08,0.35,0.92,0.2641591721073173,0.2408310597534543,0.11190860821496484,1.0580583669255061,0.3625,0.6089582527840554,1.9688249204918544,0.9406058920034135,0.8875377836751026,0.7480949119136057,0.24143828015031804,1.191384554239224,0.0,0.0,0.0,0.0,0.0,0.38737123095224846,0.39596782010175224,0.23070755777369267,0.9419586798702001,0.226875,0.4909711229744797,3.1387696035698633,0.9730232319376348,0.9489197291126814,0.21559176257499701,0.24628828229122612,1.2244481138332808,-0.2817325781684947,-0.22036911812563353,-0.15997681382729723,-0.070216350846978,0.15114801714162854,0.12321205884493114,0.15513676034829793,0.11879894955872783,-0.11609968705530604,-0.135625,-0.11798712980957565,1.169944683078009,0.032417339934221356,0.0613819454375788,-0.5325031493386087,0.004850002140908083,0.03306355959405671,-0.2817325781684947,-0.22036911812563353,-0.15997681382729723,-0.070216350846978,0.15114801714162854,0.06642450000000001,-0.0333609404059433,-0.18252418705530604,0.0
8,공공AI 실패,0.45,0.0136,0.065,0.18,공공AI 실패,0.9,0.42,0.018,0.025,0.0,0.0,0.04,0.38,0.2641591721073173,0.2408310597534543,0.11190860821496484,1.0580583669255061,0.3625,0.6089582527840554,1.9688249204918544,0.9406058920034135,0.8875377836751026,0.7480949119136057,0.24143828015031804,1.191384554239224,0.0,0.0,0.0,0.0,0.0,0.42151974585426855,0.43151337316036836,0.2678609323706004,0.8186790934940771,0.22625,0.3857355447544605,3.2778534260569963,0.9491907052423665,0.9038332285701519,0.5508604826831047,0.25712677316531535,1.1182016227393605,-0.5085326640962109,-0.39465133538479025,-0.30653957507474366,-0.1793489130667359,0.10657949617345781,0.15736057374695123,0.19068231340691405,0.15595232415563554,-0.23937927343142906,-0.13624999999999998,-0.22322270802959487,1.3090285055651418,0.008584813238952993,0.016295444895049305,-0.19723442923050094,0.015688493014997307,-0.07318293149986355,-0.5085326640962109,-0.39465133538479025,-0.30653957507474366,-0.1793489130667359,0.10657949617345781,0.015324899999999999,-0.08850783149986355,-0.25470417343142904,0.0
9,시장·고가AI,0.45,0.0136,0.065,0.18,시장·고가AI,0.1,0.3,0.0,0.0,0.0,0.0,0.0,0.65,0.2640983286515013,0.23787302756384465,0.11073667178466085,1.0510210627575025,0.369375,0.6627710668210591,2.425209641678649,0.943554574983726,0.8883650432311022,0.7186558394456241,0.25567345001931185,1.1819008266840314,0.0,0.0,0.0,0.0,0.0,0.41871835765869747,0.3903557704436177,0.26125336637487095,0.7779257365832623,0.26875,0.42023114696776315,4.096422278461155,0.9410896761172023,0.8864899264964858,0.718344230228851,0.2706429008455855,1.0530345603957287,-0.4998793092345326,-0.43508201312815464,-0.33954422792909417,-0.23130837355328904,0.0013821938468687816,0.15462002900719618,0.15248274287977304,0.1505166945902101,-0.27309532617424026,-0.10062500000000002,-0.24253991985329598,1.671212636782506,-0.0024648988665236793,-0.0018751167346163777,-0.00031160921677308995,0.014969450826273656,-0.12886626628830267,-0.4998793092345326,-0.43508201312815464,-0.33954422792909417,-0.23130837355328904,0.0013821938468687816,0.0,-0.12886626628830267,-0.27309532617424026,0.0
9,전국민 공공AI,0.45,0.0136,0.065,0.18,전국민 공공AI,0.98,0.72,0.0,0.0,0.0,0.0,0.1,0.82,0.2640983286515013,0.23787302756384465,0.11073667178466085,1.0510210627575025,0.369375,0.6627710668210591,2.425209641678649,0.943554574983726,0.8883650432311022,0.7186558394456241,0.25567345001931185,1.1819008266840314,0.0,0.0,0.0,0.0,0.0,0.41048257693024515,0.38693571983986363,0.25544889803975146,0.820649495168585,0.2475,0.44078910919741326,4.108295140747974,0.9412648549568225,0.8866127573568497,0.69673399256091,0.26969889214300746,1.1022070788801268,-0.4566165378176388,-0.3730479866206185,-0.2874442927849542,-0.16896798088145953,0.048970211397124916,0.14638424827874386,0.14906269227601898,0.14471222625509061,-0.23037156758891753,-0.12187500000000001,-0.22198195762364586,1.6830854990693251,-0.002289720026903419,-0.0017522858742524683,-0.021921846884714102,0.014025442123695608,-0.07969374780390459,-0.4566165378176388,-0.3730479866206185,-0.2874442927849542,-0.16896798088145953,0.048970211397124916,0.02667168,-0.1063654278039046,-0.2570432475889175,0.0
9,공공AI+공교육,0.45,0.0136,0.065,0.18,공공AI+공교육,0.98,0.82,0.065,0.0,0.0,0.0,0.25,0.86,0.2640983286515013,0.23787302756384465,0.11073667178466085,1.0510210627575025,0.369375,0.6627710668210591,2.425209641678649,0.943554574983726,0.8883650432311022,0.7186558394456241,0.25567345001931185,1.1819008266840314,0.0,0.0,0.0,0.0,0.0,0.40784489863933104,0.3874262983361213,0.25466214950101873,0.8698633673092988,0.249375,0.479780409263281,4.143904014886317,0.9569418394806908,0.9148417097269534,0.2107498833794147,0.2690674511407752,1.1670725788673573,-0.3861905146273795,-0.3034472311033755,-0.22773555669622653,-0.1138943794844272,0.0853613763440921,0.14374656998782975,0.14955327077227665,0.14392547771635789,-0.1811576954482037,-0.12,-0.1829906575577781,1.718694373207668,0.013387264496964812,0.02647666649585123,-0.5079059560662094,0.013394001121463328,-0.014828247816674134,-0.3861905146273795,-0.3034472311033755,-0.22773555669622653,-0.1138943794844272,0.0853613763440921,0.04629498,-0.06112322781667413,-0.2274526754482037,0.0
9,공공AI+돌봄,0.45,0.0136,0.065,0.18,공공AI+돌봄,0.98,0.78,0.0,0.075,0.0,0.0,0.1,0.88,0.2640983286515013,0.23787302756384465,0.11073667178466085,1.0510210627575025,0.369375,0.6627710668210591,2.425209641678649,0.943554574983726,0.8883650432311022,0.7186558394456241,0.25567345001931185,1.1819008266840314,0.0,0.0,0.0,0.0,0.0,0.40704715842299743,0.38709907222384954,0.25170668044069855,0.8375543667516208,0.24625,0.44981771696317246,4.114933760659116,0.9583680673930153,0.9203893848364785,0.6923340990104933,0.2694678454886398,1.119286174096661,-0.4342014115496444,-0.3489919777617649,-0.2674935459575838,-0.14869199132114982,0.06422275537913509,0.14294882977149614,0.1492260446600049,0.1409700086560377,-0.21346669600588175,-0.12312500000000001,-0.21295334985788666,1.6897241189804668,0.014813492409289308,0.03202434160537626,-0.026321740435130803,0.013794395469327925,-0.06261465258737031,-0.4342014115496444,-0.3489919777617649,-0.2674935459575838,-0.14869199132114982,0.06422275537913509,0.04255218,-0.1051668325873703,-0.25601887600588175,0.0
9,공공AI 종합안,0.45,0.0136,0.065,0.18,공공AI 종합안,0.98,0.9,0.065,0.075,0.22,0.08,0.35,0.92,0.2640983286515013,0.23787302756384465,0.11073667178466085,1.0510210627575025,0.369375,0.6627710668210591,2.425209641678649,0.943554574983726,0.8883650432311022,0.7186558394456241,0.25567345001931185,1.1819008266840314,0.0,0.0,0.0,0.0,0.0,0.38377916045605387,0.36552183599725785,0.22477721450303645,0.9212554101508984,0.260625,0.5405087205951342,3.8775649477145966,0.9742070787880249,0.948988042102398,0.2079966531022034,0.2593073044974191,1.1883750418408037,-0.25950598843328365,-0.22124411347849066,-0.1746504569207778,-0.08466788262358944,0.0811679651920292,0.11968083180455258,0.1276488084334132,0.1140405427183756,-0.1297656526066041,-0.10875000000000001,-0.12226234622592491,1.4523553060359475,0.03065250380429896,0.06062299887129574,-0.5106591863434207,0.003633854478107268,0.006474215156772267,-0.25950598843328365,-0.22124411347849066,-0.1746504569207778,-0.08466788262358944,0.0811679651920292,0.06642450000000001,-0.059950284843227744,-0.1961901526066041,0.0
9,공공AI 실패,0.45,0.0136,0.065,0.18,공공AI 실패,0.9,0.42,0.018,0.025,0.0,0.0,0.04,0.38,0.2640983286515013,0.23787302756384465,0.11073667178466085,1.0510210627575025,0.369375,0.6627710668210591,2.425209641678649,0.943554574983726,0.8883650432311022,0.7186558394456241,0.25567345001931185,1.1819008266840314,0.0,0.0,0.0,0.0,0.0,0.41708221771725995,0.38805412425841385,0.2599983683726864,0.7953451490973056,0.2625,0.4316367242942283,4.1098824061398425,0.9515829636143112,0.9042996203937107,0.5268605810304925,0.270420706135959,1.0747883722205962,-0.4761153515238081,-0.40959197113504064,-0.3169511378784208,-0.20877858158989965,0.017730836565564213,0.15298388906575866,0.1501810966945692,0.14926169658802557,-0.25567591366019693,-0.106875,-0.23113434252683085,1.6846727644611934,0.008028388630585193,0.015934577162608488,-0.19179525841513156,0.014747256116647123,-0.1071124544634352,-0.4761153515238081,-0.40959197113504064,-0.3169511378784208,-0.20877858158989965,0.017730836565564213,0.015324899999999999,-0.1224373544634352,-0.2710008136601969,0.0
10,시장·고가AI,0.45,0.0136,0.065,0.18,시장·고가AI,0.1,0.3,0.0,0.0,0.0,0.0,0.0,0.65,0.2612265709939605,0.23522895066423713,0.11036700439035008,1.0670850499302542,0.37125,0.6972313051880324,2.063704393940321,0.9420121006975222,0.8872653233487674,0.6866723143803669,0.24187281154880008,1.199466583632051,0.0,0.0,0.0,0.0,0.0,0.4221295386556826,0.40855450112444847,0.2671532884797304,0.7932723096597902,0.243125,0.447811227196571,2.63397157367634,0.9396151121451879,0.8854887365600707,0.6858536880846241,0.26014169626654116,1.0824532568539054,-0.51489750895271,-0.4161466189195657,-0.36840104699596365,-0.21562599790037168,0.032474157350677116,0.16090296766172207,0.17332555046021134,0.15678628408938033,-0.273812740270464,-0.12812500000000002,-0.24942007799146143,0.5702671797360193,-0.002396988552334278,-0.0017765867886967435,-0.0008186262957428081,0.018268884717741074,-0.11701332677814569,-0.51489750895271,-0.4161466189195657,-0.36840104699596365,-0.21562599790037168,0.032474157350677116,0.0,-0.11701332677814569,-0.273812740270464,0.0
10,전국민 공공AI,0.45,0.0136,0.065,0.18,전국민 공공AI,0.98,0.72,0.0,0.0,0.0,0.0,0.1,0.82,0.2612265709939605,0.23522895066423713,0.11036700439035008,1.0670850499302542,0.37125,0.6972313051880324,2.063704393940321,0.9420121006975222,0.8872653233487674,0.6866723143803669,0.24187281154880008,1.199466583632051,0.0,0.0,0.0,0.0,0.0,0.4144666962222264,0.4104285778401131,0.26146234093679477,0.8334162928191388,0.228125,0.46840023237625306,2.716856343996656,0.9397785713774315,0.8856068137071941,0.6640042003783131,0.25882414931047615,1.1284682407072943,-0.47044614217281777,-0.3646023344586221,-0.3113603474504197,-0.16318444657774153,0.07382982611302817,0.1532401252282659,0.17519962717587598,0.1510953365464447,-0.23366875711111545,-0.14312500000000003,-0.2288310728117794,0.6531519500563352,-0.002233529320090688,-0.0016585096415733247,-0.02266811400205382,0.016951337761676066,-0.07099834292475671,-0.47044614217281777,-0.3646023344586221,-0.3113603474504197,-0.16318444657774153,0.07382982611302817,0.02667168,-0.09767002292475671,-0.26034043711111543,0.0
10,공공AI+공교육,0.45,0.0136,0.065,0.18,공공AI+공교육,0.98,0.82,0.065,0.0,0.0,0.0,0.25,0.86,0.2612265709939605,0.23522895066423713,0.11036700439035008,1.0670850499302542,0.37125,0.6972313051880324,2.063704393940321,0.9420121006975222,0.8872653233487674,0.6866723143803669,0.24187281154880008,1.199466583632051,0.0,0.0,0.0,0.0,0.0,0.4119101274835819,0.4102805029692585,0.2607231915595094,0.8816506243665113,0.224375,0.5065431405438596,2.763269891495343,0.9558820133143917,0.9142299165285864,0.19000568325281464,0.25796233001516816,1.1925852594055524,-0.400427178586244,-0.2993053842717725,-0.2508002995993572,-0.11205754947538364,0.10813992447121112,0.1506835564896214,0.17505155230502137,0.15035618716915933,-0.1854344255637429,-0.14687500000000003,-0.19068816464417282,0.6995654975550223,0.01386991261686954,0.02696459317981903,-0.49666663112755227,0.01608951846636808,-0.006881324226498675,-0.400427178586244,-0.2993053842717725,-0.2508002995993572,-0.11205754947538364,0.10813992447121112,0.04629498,-0.053176304226498675,-0.23172940556374289,0.0
10,공공AI+돌봄,0.45,0.0136,0.065,0.18,공공AI+돌봄,0.98,0.78,0.0,0.075,0.0,0.0,0.1,0.88,0.2612265709939605,0.23522895066423713,0.11036700439035008,1.0670850499302542,0.37125,0.6972313051880324,2.063704393940321,0.9420121006975222,0.8872653233487674,0.6866723143803669,0.24187281154880008,1.199466583632051,0.0,0.0,0.0,0.0,0.0,0.41098943201083926,0.4066707312719004,0.25759403657162494,0.8497424286547431,0.225,0.47721276515780786,2.739785768096285,0.9571728571478465,0.9193811707968919,0.6593459785457396,0.25853569279572747,1.1445792066791818,-0.4482465335281711,-0.34290230334196165,-0.28953566757729216,-0.14521878542800773,0.08713989450220902,0.14976286101687875,0.17144178060766327,0.14722703218127486,-0.21734262127551107,-0.14625000000000002,-0.22001854003022459,0.6760813741559644,0.01516075645032433,0.03211584744812446,-0.02732633583462729,0.016662881246927386,-0.05488737695286927,-0.4482465335281711,-0.34290230334196165,-0.28953566757729216,-0.14521878542800773,0.08713989450220902,0.04255218,-0.09743955695286927,-0.25989480127551107,0.0
10,공공AI 종합안,0.45,0.0136,0.065,0.18,공공AI 종합안,0.98,0.9,0.065,0.075,0.22,0.08,0.35,0.92,0.2612265709939605,0.23522895066423713,0.11036700439035008,1.0670850499302542,0.37125,0.6972313051880324,2.063704393940321,0.9420121006975222,0.8872653233487674,0.6866723143803669,0.24187281154880008,1.199466583632051,0.0,0.0,0.0,0.0,0.0,0.3876723991540534,0.3837321187256057,0.23058435505324482,0.9336476172216183,0.239375,0.57234021929178,2.649186278657979,0.9734572003022809,0.9483979592753943,0.18702991884556053,0.24753399455773728,1.213450263655905,-0.2700503050382374,-0.21738284749969106,-0.19571544845210315,-0.08512363814027604,0.10033786925698784,0.12644582816009287,0.14850316806136857,0.12021735066289474,-0.13343743270863595,-0.13187500000000002,-0.12489108589625242,0.5854818847176584,0.03144509960475872,0.06113263592662688,-0.4996423955348064,0.005661183008937198,0.013983680023853973,-0.2700503050382374,-0.21738284749969106,-0.19571544845210315,-0.08512363814027604,0.10033786925698784,0.06642450000000001,-0.05244081997614604,-0.19986193270863595,0.0
10,공공AI 실패,0.45,0.0136,0.065,0.18,공공AI 실패,0.9,0.42,0.018,0.025,0.0,0.0,0.04,0.38,0.2612265709939605,0.23522895066423713,0.11036700439035008,1.0670850499302542,0.37125,0.6972313051880324,2.063704393940321,0.9420121006975222,0.8872653233487674,0.6866723143803669,0.24187281154880008,1.199466583632051,0.0,0.0,0.0,0.0,0.0,0.4205091378968049,0.40884158387159825,0.2658987681914995,0.8106563408930658,0.238125,0.4584382944186053,2.654161877424471,0.9503008427547452,0.9034517029127873,0.49783760997590387,0.2597870758397596,1.1042841310808966,-0.4907338444644502,-0.3920079462848259,-0.3443271614587574,-0.19430146682231209,0.04716171616071944,0.15928256690284437,0.17361263320736112,0.15553176380114941,-0.2564287090371884,-0.13312500000000002,-0.23879301076942716,0.5904574834841503,0.008288742057223075,0.016186379564019915,-0.18883470440446304,0.017914264290959492,-0.09518245255115443,-0.4907338444644502,-0.3920079462848259,-0.3443271614587574,-0.19430146682231209,0.04716171616071944,0.015324899999999999,-0.11050735255115443,-0.27175360903718837,0.0
11,시장·고가AI,0.45,0.0136,0.065,0.18,시장·고가AI,0.1,0.3,0.0,0.0,0.0,0.0,0.0,0.65,0.27237190645026643,0.2450723591624351,0.11818412759537522,1.0537340878974055,0.35875,0.6431239407083339,2.23265757087803,0.938339314242649,0.8875061605339092,0.7044943497222637,0.25975343220065766,1.194959311657633,0.0,0.0,0.0,0.0,0.0,0.4279708984321162,0.41596229502644183,0.27246902981895815,0.7877971488411903,0.23375,0.4101974181414109,3.622896857053533,0.9359928212405292,0.8856635451409479,0.7059347732761514,0.28132325700474575,1.0828365817130117,-0.49926711111978406,-0.41510191147149067,-0.3560963218603776,-0.2175869310349226,0.03377838869174569,0.1555989919818498,0.17088993586400672,0.15428490222358293,-0.2659369390562152,-0.125,-0.23292652256692298,1.390239286175503,-0.002346493002119865,-0.0018426153929612665,0.0014404235538877375,0.02156982480408809,-0.11212272994462125,-0.49926711111978406,-0.41510191147149067,-0.3560963218603776,-0.2175869310349226,0.03377838869174569,0.0,-0.11212272994462125,-0.2659369390562152,0.0
11,전국민 공공AI,0.45,0.0136,0.065,0.18,전국민 공공AI,0.98,0.72,0.0,0.0,0.0,0.0,0.1,0.82,0.27237190645026643,0.2450723591624351,0.11818412759537522,1.0537340878974055,0.35875,0.6431239407083339,2.23265757087803,0.938339314242649,0.8875061605339092,0.7044943497222637,0.25975343220065766,1.194959311657633,0.0,0.0,0.0,0.0,0.0,0.42043927657947755,0.4166130876246486,0.2676129664636421,0.8279045633943557,0.229375,0.42763349527046035,3.6706819636157038,0.9361602339342818,0.8857893803098682,0.6839161032759923,0.2794092159068582,1.1304194715146552,-0.4568376023059768,-0.3631924604412756,-0.30102455692300667,-0.16518140987145963,0.08024841650317958,0.14806737012921112,0.1715407284622135,0.14942883886826686,-0.22582952450304983,-0.12937500000000002,-0.21549044543787355,1.438024392737674,-0.0021790803083672206,-0.0017167802240409813,-0.020578246446271375,0.019655783706200525,-0.06453984014297776,-0.4568376023059768,-0.3631924604412756,-0.30102455692300667,-0.16518140987145963,0.08024841650317958,0.02667168,-0.09121152014297776,-0.2525012045030498,0.0
11,공공AI+공교육,0.45,0.0136,0.065,0.18,공공AI+공교육,0.98,0.82,0.065,0.0,0.0,0.0,0.25,0.86,0.27237190645026643,0.2450723591624351,0.11818412759537522,1.0537340878974055,0.35875,0.6431239407083339,2.23265757087803,0.938339314242649,0.8875061605339092,0.7044943497222637,0.25975343220065766,1.194959311657633,0.0,0.0,0.0,0.0,0.0,0.4181991482894871,0.41779385613335296,0.2672701813417042,0.8748222847012702,0.225,0.4630521879430733,3.7265131671370932,0.9529982725832937,0.9142499841884495,0.20522172033483832,0.2785337541588771,1.1939220466053373,-0.38814435482645154,-0.3016412586435639,-0.24197947140084466,-0.11428231047880395,0.11567416425966089,0.1458272418392207,0.17272149697091785,0.149086053746329,-0.1789118031961353,-0.13375,-0.1800717527652606,1.4938555962590634,0.014658958340644679,0.02674382365454031,-0.49927262938742534,0.018780321958219437,-0.0010372650522956217,-0.38814435482645154,-0.3016412586435639,-0.24197947140084466,-0.11428231047880395,0.11567416425966089,0.04629498,-0.04733224505229562,-0.2252067831961353,0.0
11,공공AI+돌봄,0.45,0.0136,0.065,0.18,공공AI+돌봄,0.98,0.78,0.0,0.075,0.0,0.0,0.1,0.88,0.27237190645026643,0.2450723591624351,0.11818412759537522,1.0537340878974055,0.35875,0.6431239407083339,2.23265757087803,0.938339314242649,0.8875061605339092,0.7044943497222637,0.25975343220065766,1.194959311657633,0.0,0.0,0.0,0.0,0.0,0.4168195257334031,0.41589426983343525,0.263634028925013,0.8448743528264322,0.228125,0.4363954937821864,3.6870432541352076,0.954693895497876,0.9195652864808052,0.6794256685421776,0.27908120429579014,1.147356594429586,-0.4344840983829335,-0.3406690519702661,-0.27842978784122585,-0.14569297902576459,0.09473848058125667,0.14444761928313665,0.17082191067100014,0.14544990132963775,-0.20885973507097333,-0.13062500000000002,-0.2067284469261475,1.4543856832571778,0.01635458125522693,0.03205912594689597,-0.025068681180086094,0.01932777209513248,-0.047602717228046876,-0.4344840983829335,-0.3406690519702661,-0.27842978784122585,-0.14569297902576459,0.09473848058125667,0.04255218,-0.09015489722804687,-0.2514119150709733,0.0
11,공공AI 종합안,0.45,0.0136,0.065,0.18,공공AI 종합안,0.98,0.9,0.065,0.075,0.22,0.08,0.35,0.92,0.27237190645026643,0.2450723591624351,0.11818412759537522,1.0537340878974055,0.35875,0.6431239407083339,2.23265757087803,0.938339314242649,0.8875061605339092,0.7044943497222637,0.25975343220065766,1.194959311657633,0.0,0.0,0.0,0.0,0.0,0.3927528157068354,0.39003235307280926,0.2350298503224909,0.9285501320343749,0.22625,0.5283944144951424,3.536663475850592,0.9717312571195353,0.9484264668087302,0.2023796618850321,0.26723501014409423,1.213838386276676,-0.25296616106270275,-0.2164598904268938,-0.1842963622964504,-0.08561799393384457,0.10698522314178896,0.12038090925656897,0.14495999391037415,0.11684572272711569,-0.12518395586303066,-0.1325,-0.11472952621319155,1.3040059049725623,0.033391942876886294,0.060920306274821034,-0.5021146878372316,0.007481577943436568,0.018879074619043035,-0.25296616106270275,-0.2164598904268938,-0.1842963622964504,-0.08561799393384457,0.10698522314178896,0.06642450000000001,-0.04754542538095698,-0.19160845586303066,0.0
11,공공AI 실패,0.45,0.0136,0.065,0.18,공공AI 실패,0.9,0.42,0.018,0.025,0.0,0.0,0.04,0.38,0.27237190645026643,0.2450723591624351,0.11818412759537522,1.0537340878974055,0.35875,0.6431239407083339,2.23265757087803,0.938339314242649,0.8875061605339092,0.7044943497222637,0.25975343220065766,1.194959311657633,0.0,0.0,0.0,0.0,0.0,0.4264361127908438,0.4157042637713018,0.27135810076736866,0.8045904749638564,0.234375,0.4208444563974781,3.6438974864615887,0.9471138228492237,0.9035627912368317,0.5164071098589584,0.2809439505230634,1.104233061276342,-0.4755563681077586,-0.39155225756019607,-0.33290045086808295,-0.19755650492075577,0.04875564381385781,0.15406420634057738,0.1706319046088667,0.15317397317199344,-0.24914361293354914,-0.12437500000000001,-0.2222794843108558,1.4112399155835589,0.008774508606574694,0.016056630702922514,-0.18808723986330522,0.02119051832240576,-0.0907262503812909,-0.4755563681077586,-0.39155225756019607,-0.33290045086808295,-0.19755650492075577,0.04875564381385781,0.015324899999999999,-0.1060511503812909,-0.2644685129335491,0.0
12,시장·고가AI,0.45,0.0136,0.065,0.18,시장·고가AI,0.1,0.3,0.0,0.0,0.0,0.0,0.0,0.65,0.26523741528345435,0.24436788469870954,0.11371112930052152,1.0727557128703418,0.365,0.6448650557116293,2.0093167304209807,0.9420865196763478,0.888089893094392,0.6682639626350737,0.2562433176256771,1.2103905942356012,0.0,0.0,0.0,0.0,0.0,0.42421847627062725,0.42271201286402627,0.2690613141717163,0.8157008424591982,0.231875,0.42619848850039066,3.085667922102246,0.9397621562789753,0.8863573500268104,0.6795088969716792,0.27907912703418775,1.11596342931947,-0.4890090039341473,-0.420244120352584,-0.3368102465034825,-0.21066755488441266,0.08703904472198642,0.1589810609871729,0.17834412816531672,0.15535018487119479,-0.2570548704111436,-0.133125,-0.21866656721123867,1.0763511916812654,-0.0023243633973725197,-0.0017325430675816378,0.01124493433660545,0.022835809408510654,-0.09442716491613123,-0.4890090039341473,-0.420244120352584,-0.3368102465034825,-0.21066755488441266,0.08703904472198642,0.0,-0.09442716491613123,-0.2570548704111436,0.0
12,전국민 공공AI,0.45,0.0136,0.065,0.18,전국민 공공AI,0.98,0.72,0.0,0.0,0.0,0.0,0.1,0.82,0.26523741528345435,0.24436788469870954,0.11371112930052152,1.0727557128703418,0.365,0.6448650557116293,2.0093167304209807,0.9420865196763478,0.888089893094392,0.6682639626350737,0.2562433176256771,1.2103905942356012,0.0,0.0,0.0,0.0,0.0,0.415731078455312,0.4249590260937446,0.2628586934665861,0.8548259001416164,0.22,0.44326123392156563,3.100760979783008,0.9399200743517341,0.8864742118391825,0.6570189931417489,0.2772393337507602,1.1596499783218537,-0.4448961243774475,-0.36994331912578693,-0.28077087109393634,-0.16059537400225438,0.12076455527529513,0.15049366317185764,0.18059114139503504,0.14914756416606456,-0.21792981272872536,-0.145,-0.2016038217900637,1.091444249362027,-0.0021664453246137416,-0.0016156812552095001,-0.011244969493324763,0.020996016125083117,-0.050740615913747567,-0.4448961243774475,-0.36994331912578693,-0.28077087109393634,-0.16059537400225438,0.12076455527529513,0.02667168,-0.07741229591374757,-0.24460149272872536,0.0
12,공공AI+공교육,0.45,0.0136,0.065,0.18,공공AI+공교육,0.98,0.82,0.065,0.0,0.0,0.0,0.25,0.86,0.26523741528345435,0.24436788469870954,0.11371112930052152,1.0727557128703418,0.365,0.6448650557116293,2.0093167304209807,0.9420865196763478,0.888089893094392,0.6682639626350737,0.2562433176256771,1.2103905942356012,0.0,0.0,0.0,0.0,0.0,0.4132296013001977,0.42347599556919696,0.2621860893097959,0.9016807413349434,0.213125,0.47878595175306904,3.1498905714951917,0.9561954931880855,0.9153536100252861,0.18373728191042815,0.2765002300294101,1.222097778681682,-0.3785415714875233,-0.30955065827879646,-0.22299393116736121,-0.11131725672176782,0.15377573166811848,0.14799218601674335,0.17910811087048742,0.1484749600092744,-0.1710749715353984,-0.15187499999999998,-0.1660791039585603,1.140573841074211,0.014108973511737677,0.027263716930894133,-0.48452668072464555,0.020256912403733007,0.011707184446080765,-0.3785415714875233,-0.30955065827879646,-0.22299393116736121,-0.11131725672176782,0.15377573166811848,0.04629498,-0.034587795553919234,-0.2173699515353984,0.0
12,공공AI+돌봄,0.45,0.0136,0.065,0.18,공공AI+돌봄,0.98,0.78,0.0,0.075,0.0,0.0,0.1,0.88,0.26523741528345435,0.24436788469870954,0.11371112930052152,1.0727557128703418,0.365,0.6448650557116293,2.0093167304209807,0.9420865196763478,0.888089893094392,0.6682639626350737,0.2562433176256771,1.2103905942356012,0.0,0.0,0.0,0.0,0.0,0.4121733757601367,0.4213910329904502,0.2589033496790747,0.8714535741954138,0.21875,0.45156519539956125,3.1167353704413907,0.9574175354961271,0.920248132019686,0.6522578910193353,0.2768858979916835,1.175897332443803,-0.4237366593538763,-0.34755469643864645,-0.2603096623950994,-0.14066255196480956,0.13314628561453384,0.14693596047668234,0.17702314829174068,0.14519222037855317,-0.20130213867492797,-0.14625,-0.19329986031206808,1.10741864002041,0.015331015819779248,0.032158238925294014,-0.016006071615738415,0.020642580366006413,-0.034493261791798346,-0.4237366593538763,-0.34755469643864645,-0.2603096623950994,-0.14066255196480956,0.13314628561453384,0.04255218,-0.07704544179179834,-0.24385431867492796,0.0
12,공공AI 종합안,0.45,0.0136,0.065,0.18,공공AI 종합안,0.98,0.9,0.065,0.075,0.22,0.08,0.35,0.92,0.26523741528345435,0.24436788469870954,0.11371112930052152,1.0727557128703418,0.365,0.6448650557116293,2.0093167304209807,0.9420865196763478,0.888089893094392,0.6682639626350737,0.2562433176256771,1.2103905942356012,0.0,0.0,0.0,0.0,0.0,0.3862803427930024,0.391734282245815,0.22844431007271504,0.9567455024374066,0.22625,0.5532084335686556,2.9832675131463295,0.9738690285896021,0.9495053692552698,0.18046841161649407,0.26458730082166054,1.2400213165786838,-0.2380875983497408,-0.21964133724821772,-0.16658601753262542,-0.08691933510304438,0.1389911588215311,0.12104292750954804,0.14736639754710548,0.11473318077219352,-0.11601021043293513,-0.13874999999999998,-0.09165662214297376,0.9739507827253489,0.03178250891325429,0.061415476160877835,-0.48779555101857963,0.008343983195983451,0.029630722343082505,-0.2380875983497408,-0.21964133724821772,-0.16658601753262542,-0.08691933510304438,0.1389911588215311,0.06642450000000001,-0.036793777656917506,-0.18243471043293513,0.0
12,공공AI 실패,0.45,0.0136,0.065,0.18,공공AI 실패,0.9,0.42,0.018,0.025,0.0,0.0,0.04,0.38,0.26523741528345435,0.24436788469870954,0.11371112930052152,1.0727557128703418,0.365,0.6448650557116293,2.0093167304209807,0.9420865196763478,0.888089893094392,0.6682639626350737,0.2562433176256771,1.2103905942356012,0.0,0.0,0.0,0.0,0.0,0.4224193276039131,0.423776761155503,0.26757437508362636,0.8328669981185965,0.230625,0.43601725166750377,3.1012614504145675,0.9505108442027961,0.9044221751978663,0.4909693015090171,0.27878380270841824,1.137135252761932,-0.4654731753082169,-0.3966969147220429,-0.3129508059369936,-0.19071074388571407,0.10027120981792344,0.15718191232045875,0.17940887645679346,0.15386324578310484,-0.23988871475174522,-0.134375,-0.20884780404412556,1.0919447199935868,0.008424324526448257,0.01633228210347426,-0.17729466112605663,0.022540485082741146,-0.07325534147366919,-0.4654731753082169,-0.3966969147220429,-0.3129508059369936,-0.19071074388571407,0.10027120981792344,0.015324899999999999,-0.08858024147366919,-0.2552136147517452,0.0
13,시장·고가AI,0.45,0.0136,0.065,0.18,시장·고가AI,0.1,0.3,0.0,0.0,0.0,0.0,0.0,0.65,0.26039190545602375,0.23094959201672705,0.10983192594093716,1.0607940911254023,0.3875,0.6520856040419365,2.3480932676567003,0.9419006885430699,0.8878662263798698,0.7364939715948927,0.2537568700045373,1.1916784279718151,0.0,0.0,0.0,0.0,0.0,0.415567716823361,0.40785001291833506,0.2607633356211003,0.7973841813564067,0.2375,0.4354599031014443,3.45912211631388,0.9395284767931571,0.8860378820847159,0.7337036460554669,0.2703551085794597,1.0786588649879292,-0.5163517866954285,-0.41204928253264816,-0.3099677102324752,-0.227960793652771,0.03914731192932121,0.15517581136733727,0.176900420901608,0.15093140968016316,-0.2634099097689957,-0.15000000000000002,-0.21662570094049222,1.1110288486571798,-0.002372211749912756,-0.001828344295153883,-0.0027903255394258197,0.01659823857492243,-0.11301956298388594,-0.5163517866954285,-0.41204928253264816,-0.3099677102324752,-0.227960793652771,0.03914731192932121,0.0,-0.11301956298388594,-0.2634099097689957,0.0
13,전국민 공공AI,0.45,0.0136,0.065,0.18,전국민 공공AI,0.98,0.72,0.0,0.0,0.0,0.0,0.1,0.82,0.26039190545602375,0.23094959201672705,0.10983192594093716,1.0607940911254023,0.3875,0.6520856040419365,2.3480932676567003,0.9419006885430699,0.8878662263798698,0.7364939715948927,0.2537568700045373,1.1916784279718151,0.0,0.0,0.0,0.0,0.0,0.4082580763650274,0.40559901252298763,0.25574810370119117,0.837251567593024,0.2275,0.4537770312785857,3.548229900697047,0.9396907545808619,0.8861597554760646,0.7162490258139282,0.2692903874115538,1.1249572513778008,-0.47513304958380953,-0.3600460540049853,-0.2571341125710124,-0.17236129253706903,0.08143218256842072,0.14786617090900367,0.1746494205062606,0.145916177760254,-0.22354252353237836,-0.16,-0.1983085727633508,1.2001366330403465,-0.0022099339622079217,-0.0017064709038051573,-0.020244945780964474,0.015533517407016528,-0.06672117659401433,-0.47513304958380953,-0.3600460540049853,-0.2571341125710124,-0.17236129253706903,0.08143218256842072,0.02667168,-0.09339285659401433,-0.25021420353237833,0.0
13,공공AI+공교육,0.45,0.0136,0.065,0.18,공공AI+공교육,0.98,0.82,0.065,0.0,0.0,0.0,0.25,0.86,0.26039190545602375,0.23094959201672705,0.10983192594093716,1.0607940911254023,0.3875,0.6520856040419365,2.3480932676567003,0.9419006885430699,0.8878662263798698,0.7364939715948927,0.2537568700045373,1.1916784279718151,0.0,0.0,0.0,0.0,0.0,0.40637961982568127,0.40956252248581476,0.2556743635567674,0.8845845557776068,0.219375,0.49577016552767955,3.6052745635107057,0.9557014823823587,0.9145022579152885,0.2194739038182183,0.2685954065711075,1.1884375768710624,-0.41078877763194155,-0.2969642224322892,-0.19820349543998778,-0.11945292202556505,0.11713470293969508,0.14598771436965752,0.17861293046908772,0.14584243761583027,-0.1762095353477956,-0.16812500000000002,-0.15631543851425694,1.2571812958540054,0.013800793839288894,0.026636031535418714,-0.5170200677766744,0.014838536566570193,-0.003240851100752673,-0.41078877763194155,-0.2969642224322892,-0.19820349543998778,-0.11945292202556505,0.11713470293969508,0.04629498,-0.04953583110075267,-0.22250451534779558,0.0
13,공공AI+돌봄,0.45,0.0136,0.065,0.18,공공AI+돌봄,0.98,0.78,0.0,0.075,0.0,0.0,0.1,0.88,0.26039190545602375,0.23094959201672705,0.10983192594093716,1.0607940911254023,0.3875,0.6520856040419365,2.3480932676567003,0.9419006885430699,0.8878662263798698,0.7364939715948927,0.2537568700045373,1.1916784279718151,0.0,0.0,0.0,0.0,0.0,0.4049162911111035,0.4044323948782083,0.25202797761945894,0.8536789656609032,0.224375,0.4629833309764658,3.579695495631529,0.9572103666844243,0.9199344169910014,0.7121055254704534,0.2690999638249492,1.14132472889017,-0.4518778441206549,-0.3381092991001199,-0.23673344072583938,-0.15315535142338416,0.09378671273826233,0.14452438565507975,0.17348280286148127,0.14219605167852178,-0.20711512546449917,-0.16312500000000002,-0.18910227306547067,1.2316022279748284,0.015309678141354421,0.03206819061113164,-0.024388446124439356,0.015343093820411935,-0.05035369908164511,-0.4518778441206549,-0.3381092991001199,-0.23673344072583938,-0.15315535142338416,0.09378671273826233,0.04255218,-0.0929058790816451,-0.24966730546449917,0.0
13,공공AI 종합안,0.45,0.0136,0.065,0.18,공공AI 종합안,0.98,0.9,0.065,0.075,0.22,0.08,0.35,0.92,0.26039190545602375,0.23094959201672705,0.10983192594093716,1.0607940911254023,0.3875,0.6520856040419365,2.3480932676567003,0.9419006885430699,0.8878662263798698,0.7364939715948927,0.2537568700045373,1.1916784279718151,0.0,0.0,0.0,0.0,0.0,0.3822486866681627,0.3796708856477915,0.22546274621387286,0.9358999045932082,0.244375,0.5625644216628715,3.4472677654985726,0.9734144794611259,0.9486889832784096,0.21737851249452889,0.25833423241980435,1.2083342667099626,-0.2747113027667243,-0.21822389069549475,-0.14773398641815738,-0.09177147190497133,0.10611806184517525,0.12185678121213894,0.14872129363106446,0.1156308202729357,-0.1248941865321942,-0.143125,-0.08952118237906503,1.0991744978418723,0.03151379091805606,0.060822756898539776,-0.5191154591003638,0.004577362415267072,0.016655838738147466,-0.2747113027667243,-0.21822389069549475,-0.14773398641815738,-0.09177147190497133,0.10611806184517525,0.06642450000000001,-0.049768661261852545,-0.1913186865321942,1.1368683772161603e-13
13,공공AI 실패,0.45,0.0136,0.065,0.18,공공AI 실패,0.9,0.42,0.018,0.025,0.0,0.0,0.04,0.38,0.26039190545602375,0.23094959201672705,0.10983192594093716,1.0607940911254023,0.3875,0.6520856040419365,2.3480932676567003,0.9419006885430699,0.8878662263798698,0.7364939715948927,0.2537568700045373,1.1916784279718151,0.0,0.0,0.0,0.0,0.0,0.4141193031520002,0.40644455531068724,0.2596027783178224,0.8140832551836692,0.234375,0.4473263822539389,3.4785000545072786,0.9501892342148202,0.9039222962559357,0.5393603636679942,0.2701479295695686,1.099522298765624,-0.4933816917945263,-0.3892188143777087,-0.28697368572995163,-0.2080326135312239,0.054054758722366134,0.15372739769597643,0.1754949632939602,0.14977085237688526,-0.24671083594173315,-0.153125,-0.2047592217879976,1.1304067868505783,0.008288545671750303,0.016056069876065893,-0.1971336079268985,0.01639105956503134,-0.0921561292061912,-0.4933816917945263,-0.3892188143777087,-0.28697368572995163,-0.2080326135312239,0.054054758722366134,0.015324899999999999,-0.10748102920619121,-0.26203573594173313,0.0
14,시장·고가AI,0.45,0.0136,0.065,0.18,시장·고가AI,0.1,0.3,0.0,0.0,0.0,0.0,0.0,0.65,0.2589474534939805,0.23228395391432796,0.10947650549347487,1.0864430795938438,0.38375,0.6169237798692749,1.9477888766098521,0.9412027827451882,0.886928428356131,0.7482916418270045,0.24701609870212368,1.220004959213216,0.0,0.0,0.0,0.0,0.0,0.4174826524011461,0.41748244731466555,0.26192533666965734,0.8372314442765658,0.22625,0.3987636438410524,3.0144447500234572,0.9388807562210215,0.8851331615375073,0.759356950886795,0.2659236765394766,1.1343451900906714,-0.4810236718084795,-0.41007920105001716,-0.2946827907011541,-0.2059195084795901,0.08888586792978194,0.1585351989071656,0.1851984934003376,0.15244883117618246,-0.24921163531727797,-0.15749999999999997,-0.21816013602822254,1.0666558734136051,-0.002322026524166687,-0.001795266818623631,0.011065309059790529,0.01890757783735289,-0.0856597691225447,-0.4810236718084795,-0.41007920105001716,-0.2946827907011541,-0.2059195084795901,0.08888586792978194,0.0,-0.0856597691225447,-0.24921163531727797,0.0
14,전국민 공공AI,0.45,0.0136,0.065,0.18,전국민 공공AI,0.98,0.72,0.0,0.0,0.0,0.0,0.1,0.82,0.2589474534939805,0.23228395391432796,0.10947650549347487,1.0864430795938438,0.38375,0.6169237798692749,1.9477888766098521,0.9412027827451882,0.886928428356131,0.7482916418270045,0.24701609870212368,1.220004959213216,0.0,0.0,0.0,0.0,0.0,0.40970275990511396,0.40885002380005625,0.2561679308412894,0.8745476219920014,0.221875,0.41374897350686046,3.029254118779856,0.9390332363021762,0.8852478297827138,0.7365274007232079,0.2639750222036384,1.1757326125789829,-0.43667689943032145,-0.36523042794509275,-0.2485379079792578,-0.15604361542278894,0.12170054917920337,0.15075530641113344,0.1765660698857283,0.14669142534781454,-0.21189545760184236,-0.161875,-0.20317480636241447,1.081465242170004,-0.002169546443012038,-0.0016805985734171802,-0.011764241103796591,0.016958923501514706,-0.044272346634233184,-0.43667689943032145,-0.36523042794509275,-0.2485379079792578,-0.15604361542278894,0.12170054917920337,0.02667168,-0.07094402663423319,-0.23856713760184237,0.0
14,공공AI+공교육,0.45,0.0136,0.065,0.18,공공AI+공교육,0.98,0.82,0.065,0.0,0.0,0.0,0.25,0.86,0.2589474534939805,0.23228395391432796,0.10947650549347487,1.0864430795938438,0.38375,0.6169237798692749,1.9477888766098521,0.9412027827451882,0.886928428356131,0.7482916418270045,0.24701609870212368,1.220004959213216,0.0,0.0,0.0,0.0,0.0,0.40726740816622586,0.4126383674004005,0.25554468864529956,0.9224683560151471,0.2225,0.4461324710904579,3.065453096287547,0.9552502781811311,0.9139428426560212,0.21228422061386498,0.263162066640619,1.239118509795454,-0.36972378909898057,-0.30465472208716327,-0.19067651569640992,-0.10722958628945689,0.15422792995471793,0.14831995467224535,0.18035441348607253,0.14606818315182468,-0.1639747235786967,-0.16124999999999998,-0.17079130877881704,1.117664219677695,0.014047495435942858,0.027014414299890266,-0.5360074212131395,0.016145967938495293,0.01911355058223796,-0.36972378909898057,-0.30465472208716327,-0.19067651569640992,-0.10722958628945689,0.15422792995471793,0.04629498,-0.02718142941776204,-0.21026970357869668,0.0
14,공공AI+돌봄,0.45,0.0136,0.065,0.18,공공AI+돌봄,0.98,0.78,0.0,0.075,0.0,0.0,0.1,0.88,0.2589474534939805,0.23228395391432796,0.10947650549347487,1.0864430795938438,0.38375,0.6169237798692749,1.9477888766098521,0.9412027827451882,0.886928428356131,0.7482916418270045,0.24701609870212368,1.220004959213216,0.0,0.0,0.0,0.0,0.0,0.406219322589616,0.4058122584709451,0.25223019673096037,0.8909174475627006,0.22625,0.42183968974215363,3.0380855368301107,0.956614502888264,0.9190212132056446,0.7323808209043099,0.2636546907220877,1.1914327693734885,-0.4141579401705774,-0.34444182052100325,-0.2290317900398473,-0.13874319072627822,0.1343115523898271,0.1472718690956355,0.17352830455661714,0.1427536912374855,-0.19552563203114315,-0.15749999999999997,-0.1950840901271213,1.0902966602202586,0.015411720143075791,0.03209278484951361,-0.01591082092269458,0.01663859201996401,-0.028572189839727535,-0.4141579401705774,-0.34444182052100325,-0.2290317900398473,-0.13874319072627822,0.1343115523898271,0.04255218,-0.07112436983972753,-0.23807781203114314,0.0
14,공공AI 종합안,0.45,0.0136,0.065,0.18,공공AI 종합안,0.98,0.9,0.065,0.075,0.22,0.08,0.35,0.92,0.2589474534939805,0.23228395391432796,0.10947650549347487,1.0864430795938438,0.38375,0.6169237798692749,1.9477888766098521,0.9412027827451882,0.886928428356131,0.7482916418270045,0.24701609870212368,1.220004959213216,0.0,0.0,0.0,0.0,0.0,0.3815806478124938,0.38096834964598353,0.2236082527482205,0.9765598480720606,0.235625,0.5208582554112924,2.9029091474750772,0.9730003065070938,0.948077512513642,0.2091957430074085,0.2521600586936453,1.2578184293287802,-0.23053272222342486,-0.2219449007343764,-0.1358423815452518,-0.08427414766874775,0.1394522883704486,0.12263319431851327,0.14868439573165557,0.11413174725474562,-0.10988323152178314,-0.14812499999999998,-0.09606552445798255,0.9551202708652251,0.03179752376190559,0.06114908415751108,-0.539095898819596,0.0051439599915215906,0.03781347011556413,-0.23053272222342486,-0.2219449007343764,-0.1358423815452518,-0.08427414766874775,0.1394522883704486,0.06642450000000001,-0.028611029884435882,-0.17630773152178314,0.0
14,공공AI 실패,0.45,0.0136,0.065,0.18,공공AI 실패,0.9,0.42,0.018,0.025,0.0,0.0,0.04,0.38,0.2589474534939805,0.23228395391432796,0.10947650549347487,1.0864430795938438,0.38375,0.6169237798692749,1.9477888766098521,0.9412027827451882,0.886928428356131,0.7482916418270045,0.24701609870212368,1.220004959213216,0.0,0.0,0.0,0.0,0.0,0.4157869701885504,0.41605952515455813,0.2606481343059086,0.8546787096176731,0.226875,0.40827291190981163,3.0289032608154103,0.949614287222614,0.903160402017038,0.551533527651664,0.2655623299967024,1.1559837058303961,-0.45757878109397215,-0.38731075151193806,-0.27194842240767236,-0.18537595496822185,0.10251996269326509,0.15683951669456986,0.18377557124023017,0.15117162881243373,-0.23176436997617067,-0.156875,-0.2086508679594633,1.0811143842055582,0.00841150447742578,0.016231973660907006,-0.1967581141753405,0.01854623129457869,-0.06402125338281994,-0.45757878109397215,-0.38731075151193806,-0.27194842240767236,-0.18537595496822185,0.10251996269326509,0.015324899999999999,-0.07934615338281995,-0.24708926997617067,0.0
15,시장·고가AI,0.45,0.0136,0.065,0.18,시장·고가AI,0.1,0.3,0.0,0.0,0.0,0.0,0.0,0.65,0.26121127903538655,0.23846153084377736,0.10958862845588258,1.1155894375948976,0.361875,0.6001193286494116,2.023469760609696,0.9400991040315213,0.8872453722946286,0.7416594113303493,0.2510021726275686,1.2528921723677955,0.0,0.0,0.0,0.0,0.0,0.4183132544964062,0.4359467818669824,0.2638028767559035,0.8606931013865251,0.219375,0.3889167415978102,2.943487941792421,0.9378143559437458,0.8854825277111666,0.737561446567934,0.27162541115485395,1.1691068522433634,-0.4948667066325642,-0.37508124541676313,-0.31334747982788524,-0.18065684999911683,0.06695132542319215,0.15710197546101967,0.19748525102320502,0.15421424830002095,-0.2548963362083725,-0.14250000000000002,-0.21120258705160144,0.920018181182725,-0.0022847480877754567,-0.0017628445834619866,-0.004097964762415307,0.02062323852728537,-0.08378532012443207,-0.4948667066325642,-0.37508124541676313,-0.31334747982788524,-0.18065684999911683,0.06695132542319215,0.0,-0.08378532012443207,-0.2548963362083725,0.0
15,전국민 공공AI,0.45,0.0136,0.065,0.18,전국민 공공AI,0.98,0.72,0.0,0.0,0.0,0.0,0.1,0.82,0.26121127903538655,0.23846153084377736,0.10958862845588258,1.1155894375948976,0.361875,0.6001193286494116,2.023469760609696,0.9400991040315213,0.8872453722946286,0.7416594113303493,0.2510021726275686,1.2528921723677955,0.0,0.0,0.0,0.0,0.0,0.4108677753625798,0.43068055314279025,0.2584623848596973,0.8983740371806643,0.211875,0.40267328298547433,2.992637845665307,0.9379599365876768,0.8855871830136872,0.7190276550549055,0.2699120857622376,1.2115016404268142,-0.4533376563404389,-0.32524592900957483,-0.27096763782281885,-0.13650217964405412,0.10329498411388885,0.14965649632719324,0.1922190222990129,0.14887375640381473,-0.21721540041423326,-0.15,-0.1974460456639373,0.9691680850556108,-0.0021391674438444586,-0.0016581892809414134,-0.022631756275443782,0.018909913134669,-0.0413905319409813,-0.4533376563404389,-0.32524592900957483,-0.27096763782281885,-0.13650217964405412,0.10329498411388885,0.02667168,-0.0680622119409813,-0.24388708041423326,0.0
15,공공AI+공교육,0.45,0.0136,0.065,0.18,공공AI+공교육,0.98,0.82,0.065,0.0,0.0,0.0,0.25,0.86,0.26121127903538655,0.23846153084377736,0.10958862845588258,1.1155894375948976,0.361875,0.6001193286494116,2.023469760609696,0.9400991040315213,0.8872453722946286,0.7416594113303493,0.2510021726275686,1.2528921723677955,0.0,0.0,0.0,0.0,0.0,0.4079461940944362,0.4287716699908738,0.2574710640176323,0.9492010610292217,0.206875,0.4335160986277838,3.041433929290935,0.9545686349273171,0.9144821363337734,0.20006475181774885,0.2690061997392342,1.2783354493430297,-0.3837562894858171,-0.25892311098262627,-0.21310511630538959,-0.08673480504211226,0.13493159472030394,0.14673491505904968,0.19031013914709644,0.14788243556174974,-0.16638837656567584,-0.155,-0.16660323002162786,1.0179641686812388,0.014469530895795835,0.027236764039144767,-0.5415946595126004,0.0180040271116656,0.025443276975234186,-0.3837562894858171,-0.25892311098262627,-0.21310511630538959,-0.08673480504211226,0.13493159472030394,0.04629498,-0.020851703024765814,-0.21268335656567583,0.0
15,공공AI+돌봄,0.45,0.0136,0.065,0.18,공공AI+돌봄,0.98,0.78,0.0,0.075,0.0,0.0,0.1,0.88,0.26121127903538655,0.23846153084377736,0.10958862845588258,1.1155894375948976,0.361875,0.6001193286494116,2.023469760609696,0.9400991040315213,0.8872453722946286,0.7416594113303493,0.2510021726275686,1.2528921723677955,0.0,0.0,0.0,0.0,0.0,0.40734311853855887,0.42427166900485286,0.2545496923638175,0.914792395264201,0.2125,0.4095423177134565,3.006440447892191,0.9559182483127935,0.9193573585911653,0.7160803169844134,0.2695742334113406,1.227167506530383,-0.43097910677439044,-0.30504677586507933,-0.2521672878844627,-0.11865611064540674,0.11464408774965465,0.14613183950317232,0.1858101381610755,0.14496106390793495,-0.20079704233069662,-0.149375,-0.19057701093595514,0.9829706872824948,0.01581914428127218,0.032111986296536665,-0.02557909434593586,0.01857206078377205,-0.025724665837412397,-0.43097910677439044,-0.30504677586507933,-0.2521672878844627,-0.11865611064540674,0.11464408774965465,0.04255218,-0.06827684583741239,-0.2433492223306966,0.0
15,공공AI 종합안,0.45,0.0136,0.065,0.18,공공AI 종합안,0.98,0.9,0.065,0.075,0.22,0.08,0.35,0.92,0.26121127903538655,0.23846153084377736,0.10958862845588258,1.1155894375948976,0.361875,0.6001193286494116,2.023469760609696,0.9400991040315213,0.8872453722946286,0.7416594113303493,0.2510021726275686,1.2528921723677955,0.0,0.0,0.0,0.0,0.0,0.3819303745528818,0.39103700526759294,0.225106418723221,1.0045585724428674,0.21875,0.5112641122068451,2.8937440056644848,0.9726952658297869,0.9486028533266582,0.19750345721409146,0.2577221910800278,1.2963826217113237,-0.24791171734097536,-0.18048034753561693,-0.15813034513702418,-0.05993019903320872,0.12227913308874105,0.12071909551749527,0.15257547442381558,0.11551779026733844,-0.1110308651520302,-0.143125,-0.08885521644256655,0.8702742450547887,0.03259616179826563,0.06135748103202954,-0.5441559541162578,0.006720018452459231,0.04349044934352819,-0.24791171734097536,-0.18048034753561693,-0.15813034513702418,-0.05993019903320872,0.12227913308874105,0.06642450000000001,-0.02293405065647182,-0.1774553651520302,0.0
15,공공AI 실패,0.45,0.0136,0.065,0.18,공공AI 실패,0.9,0.42,0.018,0.025,0.0,0.0,0.04,0.38,0.26121127903538655,0.23846153084377736,0.10958862845588258,1.1155894375948976,0.361875,0.6001193286494116,2.023469760609696,0.9400991040315213,0.8872453722946286,0.7416594113303493,0.2510021726275686,1.2528921723677955,0.0,0.0,0.0,0.0,0.0,0.41664828545583443,0.4353966886180409,0.26250632121231454,0.8788890684691084,0.215,0.39901507704596895,2.9610582877122393,0.9487554724000907,0.9035942746992303,0.5319168906508558,0.2713103966833742,1.1917242055740098,-0.4702745689117627,-0.3503431985507982,-0.29197566386368135,-0.16020143722373137,0.08039736833789544,0.1554370064204479,0.19693515777426351,0.15291769275643197,-0.23670036912578918,-0.146875,-0.2011042516034427,0.9375885271025433,0.008656368368569423,0.01634890240460163,-0.2097425206794935,0.020308224055805624,-0.061167966793785666,-0.4702745689117627,-0.3503431985507982,-0.29197566386368135,-0.16020143722373137,0.08039736833789544,0.015324899999999999,-0.07649286679378567,-0.25202526912578915,0.0
16,시장·고가AI,0.45,0.0136,0.065,0.18,시장·고가AI,0.1,0.3,0.0,0.0,0.0,0.0,0.0,0.65,0.26364345812854584,0.2338183253010898,0.11291748164045257,1.1023248294864865,0.3625,0.6359066997085367,2.0837276406645633,0.9422300223862291,0.8880968956633982,0.7035821060338314,0.25907677706420956,1.2426406863760313,0.0,0.0,0.0,0.0,0.0,0.4246086504510056,0.4246514907055552,0.27032155250931145,0.847045634485191,0.2275,0.39493911941783544,3.0456415905561856,0.9399006681961416,0.8862929711296478,0.7241939098667157,0.2799945595240544,1.1608478191977847,-0.5072944052675596,-0.39253722715555356,-0.3200428402501318,-0.18163954560264423,0.08440332382224423,0.16096519232245976,0.19083316540446538,0.15740407086885888,-0.2552791950012955,-0.13499999999999998,-0.2409675802907013,0.9619139498916223,-0.002329354190087507,-0.001803924533750445,0.0206118038328843,0.020917782459844825,-0.08179286717824663,-0.5072944052675596,-0.39253722715555356,-0.3200428402501318,-0.18163954560264423,0.08440332382224423,0.0,-0.08179286717824663,-0.2552791950012955,0.0
16,전국민 공공AI,0.45,0.0136,0.065,0.18,전국민 공공AI,0.98,0.72,0.0,0.0,0.0,0.0,0.1,0.82,0.26364345812854584,0.2338183253010898,0.11291748164045257,1.1023248294864865,0.3625,0.6359066997085367,2.0837276406645633,0.9422300223862291,0.8880968956633982,0.7035821060338314,0.25907677706420956,1.2426406863760313,0.0,0.0,0.0,0.0,0.0,0.4165143496022352,0.41738993007235475,0.2643913779495777,0.8856638767722814,0.225625,0.41130949375550224,3.076977119919807,0.9400550582140039,0.8864060038204402,0.7019763849225049,0.2782623734828807,1.2039878954974694,-0.46501433333358067,-0.3413125495274447,-0.27123090551496326,-0.12892271057476856,0.11228448474410557,0.15287089147368937,0.18357160477126494,0.1514738963091251,-0.21666095271420505,-0.136875,-0.2245972059530345,0.9932494792552435,-0.00217496417222518,-0.0016908918429580089,-0.001605721111326508,0.019185596418671125,-0.03865279087856188,-0.46501433333358067,-0.3413125495274447,-0.27123090551496326,-0.12892271057476856,0.11228448474410557,0.02667168,-0.06532447087856189,-0.24333263271420505,0.0
16,공공AI+공교육,0.45,0.0136,0.065,0.18,공공AI+공교육,0.98,0.82,0.065,0.0,0.0,0.0,0.25,0.86,0.26364345812854584,0.2338183253010898,0.11291748164045257,1.1023248294864865,0.3625,0.6359066997085367,2.0837276406645633,0.9422300223862291,0.8880968956633982,0.7035821060338314,0.25907677706420956,1.2426406863760313,0.0,0.0,0.0,0.0,0.0,0.4133061892388753,0.4158371083541119,0.26314560241217466,0.9354862483237684,0.223125,0.4426726539530531,3.1262999909199047,0.9561286169625123,0.9150191127603147,0.1942515254834466,0.27723324875019445,1.2695673003868695,-0.39806249110308206,-0.27291953928743906,-0.21359234087389592,-0.07859779109162283,0.14262084192550234,0.14966273111032946,0.1820187830530221,0.1502281207717221,-0.1668385811627181,-0.139375,-0.19323404575548364,1.0425723502553415,0.013898594576283174,0.026922217096916445,-0.5093305805503848,0.018156471685984887,0.02692661401083818,-0.39806249110308206,-0.27291953928743906,-0.21359234087389592,-0.07859779109162283,0.14262084192550234,0.04629498,-0.01936836598916182,-0.2131335611627181,0.0
16,공공AI+돌봄,0.45,0.0136,0.065,0.18,공공AI+돌봄,0.98,0.78,0.0,0.075,0.0,0.0,0.1,0.88,0.26364345812854584,0.2338183253010898,0.11291748164045257,1.1023248294864865,0.3625,0.6359066997085367,2.0837276406645633,0.9422300223862291,0.8880968956633982,0.7035821060338314,0.25907677706420956,1.2426406863760313,0.0,0.0,0.0,0.0,0.0,0.41267246684507586,0.4119135633221767,0.26015071369399445,0.9028760554804469,0.22625,0.42213621488802905,3.088146675338235,0.9575107010087099,0.9201787522134423,0.697829032887801,0.2779565986137971,1.220351323157204,-0.44183465400309163,-0.3183685782787921,-0.24963147221132465,-0.1118744587604579,0.1237520408239026,0.14902900871653002,0.1780952380210869,0.14723323205354188,-0.19944877400603955,-0.13624999999999998,-0.2137704848205077,1.0044190346736719,0.015280678622480837,0.03208185655004403,-0.005753073146030463,0.01887982154958756,-0.02228936321882724,-0.44183465400309163,-0.3183685782787921,-0.24963147221132465,-0.1118744587604579,0.1237520408239026,0.04255218,-0.06484154321882724,-0.24200095400603955,0.0
16,공공AI 종합안,0.45,0.0136,0.065,0.18,공공AI 종합안,0.98,0.9,0.065,0.075,0.22,0.08,0.35,0.92,0.26364345812854584,0.2338183253010898,0.11291748164045257,1.1023248294864865,0.3625,0.6359066997085367,2.0837276406645633,0.9422300223862291,0.8880968956633982,0.7035821060338314,0.25907677706420956,1.2426406863760313,0.0,0.0,0.0,0.0,0.0,0.38608199914748187,0.38546476384297285,0.2288704068558528,0.9936511647123396,0.2375,0.5252975181509345,2.9507487881010777,0.9737488354625776,0.9491502866103199,0.19138038766073906,0.2653607676738968,1.2885657268850224,-0.2502631204421628,-0.18587178825925413,-0.15724355302857554,-0.05226518004302692,0.12669111302889938,0.12243854101893603,0.15164643854188303,0.11595292521540024,-0.10867366477414686,-0.125,-0.11060918155760224,0.8670211474365144,0.03151881307634852,0.06105339094692164,-0.5122017183730924,0.006283990609687262,0.045925040508991044,-0.2502631204421628,-0.18587178825925413,-0.15724355302857554,-0.05226518004302692,0.12669111302889938,0.06642450000000001,-0.020499459491008967,-0.17509816477414686,0.0
16,공공AI 실패,0.45,0.0136,0.065,0.18,공공AI 실패,0.9,0.42,0.018,0.025,0.0,0.0,0.04,0.38,0.26364345812854584,0.2338183253010898,0.11291748164045257,1.1023248294864865,0.3625,0.6359066997085367,2.0837276406645633,0.9422300223862291,0.8880968956633982,0.7035821060338314,0.25907677706420956,1.2426406863760313,0.0,0.0,0.0,0.0,0.0,0.4227570859046038,0.4221022603856874,0.2687744377538559,0.8646676887778313,0.229375,0.40372160428428555,3.0641909934403393,0.9505583164199948,0.9042831850831482,0.5231169566023209,0.2795894395178619,1.1824910580557195,-0.48426433174434463,-0.36820337247797436,-0.2972741676347034,-0.16120900084655543,0.09679361478633844,0.15911362777605798,0.18828393508459756,0.15585695611340333,-0.23765714070865518,-0.133125,-0.2321850954242512,0.980463352775776,0.00832829403376567,0.016186289419749977,-0.18046514943151049,0.020512662453652353,-0.06014962832031179,-0.48426433174434463,-0.36820337247797436,-0.2972741676347034,-0.16120900084655543,0.09679361478633844,0.015324899999999999,-0.07547452832031179,-0.25298204070865515,0.0
17,시장·고가AI,0.45,0.0136,0.065,0.18,시장·고가AI,0.1,0.3,0.0,0.0,0.0,0.0,0.0,0.65,0.2628566646554389,0.24042954805404207,0.1116329886767563,1.1387376501100126,0.36375,0.7684406395236556,1.9039496525525488,0.9400942331251272,0.8864345651661178,0.7087439604127912,0.24722202876528776,1.2818324359138864,0.0,0.0,0.0,0.0,0.0,0.42111404047199763,0.44509927796141824,0.2706957561613368,0.8919787578170506,0.20625,0.5041191118602449,2.5739977253279633,0.9379343928442933,0.8847976237027029,0.7313386445288459,0.26172441025981374,1.223054391020895,-0.5183132441079689,-0.40094612586746053,-0.28785778843126864,-0.1298839063307144,0.11583463875272981,0.15825737581655874,0.20466972990737617,0.15906276748458048,-0.246758892292962,-0.15750000000000003,-0.26432152766341066,0.6700480727754146,-0.0021598402808339356,-0.001636941463414976,0.022594684116054697,0.014502381494525984,-0.05877804489299132,-0.5183132441079689,-0.40094612586746053,-0.28785778843126864,-0.1298839063307144,0.11583463875272981,0.0,-0.05877804489299132,-0.246758892292962,0.0
17,전국민 공공AI,0.45,0.0136,0.065,0.18,전국민 공공AI,0.98,0.72,0.0,0.0,0.0,0.0,0.1,0.82,0.2628566646554389,0.24042954805404207,0.1116329886767563,1.1387376501100126,0.36375,0.7684406395236556,1.9039496525525488,0.9400942331251272,0.8864345651661178,0.7087439604127912,0.24722202876528776,1.2818324359138864,0.0,0.0,0.0,0.0,0.0,0.41381738592643635,0.4404661974162034,0.2651761603865421,0.9273888617885645,0.20125,0.5286152477791323,2.6198410632689724,0.938065935442153,0.8848951454230245,0.7088060817595554,0.2598024153473511,1.262056035466136,-0.4771483256611157,-0.35320861301116946,-0.24667228673399846,-0.09412459872152378,0.1446406158783248,0.15096072127099747,0.20003664936216134,0.15354317170978582,-0.2113487883214481,-0.1625,-0.23982539174452333,0.7158914107164236,-0.0020282976829741894,-0.001539419743093351,6.2121346764199e-05,0.012580386582063341,-0.01977640044775031,-0.4771483256611157,-0.35320861301116946,-0.24667228673399846,-0.09412459872152378,0.1446406158783248,0.02667168,-0.04644808044775031,-0.2380204683214481,0.0
17,공공AI+공교육,0.45,0.0136,0.065,0.18,공공AI+공교육,0.98,0.82,0.065,0.0,0.0,0.0,0.25,0.86,0.2628566646554389,0.24042954805404207,0.1116329886767563,1.1387376501100126,0.36375,0.7684406395236556,1.9039496525525488,0.9400942331251272,0.8864345651661178,0.7087439604127912,0.24722202876528776,1.2818324359138864,0.0,0.0,0.0,0.0,0.0,0.41092780627691394,0.44202866742546115,0.2641271062038495,0.9762405881492028,0.200625,0.5760020366352312,2.6729712347179237,0.9547712931485911,0.9142583756371397,0.19249894237172382,0.2587932060113541,1.3266429520362768,-0.4124337489398823,-0.28926610289550914,-0.1938665113361298,-0.047440796131422304,0.17317444380396252,0.14807114162147506,0.20159911937141908,0.1524941175270932,-0.16249706196080982,-0.16312500000000002,-0.1924386028884244,0.769021582165375,0.014677060023463917,0.027823810471021893,-0.5162450180410674,0.011571177246066322,0.0448105161223904,-0.4124337489398823,-0.28926610289550914,-0.1938665113361298,-0.047440796131422304,0.17317444380396252,0.04629498,-0.0014844638776096014,-0.2087920419608098,0.0
17,공공AI+돌봄,0.45,0.0136,0.065,0.18,공공AI+돌봄,0.98,0.78,0.0,0.075,0.0,0.0,0.1,0.88,0.2628566646554389,0.24042954805404207,0.1116329886767563,1.1387376501100126,0.36375,0.7684406395236556,1.9039496525525488,0.9400942331251272,0.8864345651661178,0.7087439604127912,0.24722202876528776,1.2818324359138864,0.0,0.0,0.0,0.0,0.0,0.4104141425480614,0.43753227369209124,0.2611924626941642,0.9443077812180938,0.205,0.5383877239953478,2.638449281923792,0.9558964284956539,0.918665293401426,0.7039470067024918,0.25941540247065326,1.2781512552804255,-0.4546808306262716,-0.3322087346947428,-0.2282396513328091,-0.07671791808755987,0.15572987996740234,0.14755747789262252,0.19710272563804918,0.14955947401740788,-0.19442986889191882,-0.15875000000000003,-0.23005291552830776,0.7344996293712431,0.01580219537052674,0.03223072823530815,-0.004796953710299423,0.012193373705365496,-0.003681180633460901,-0.4546808306262716,-0.3322087346947428,-0.2282396513328091,-0.07671791808755987,0.15572987996740234,0.04255218,-0.0462333606334609,-0.23698204889191882,0.0
17,공공AI 종합안,0.45,0.0136,0.065,0.18,공공AI 종합안,0.98,0.9,0.065,0.075,0.22,0.08,0.35,0.92,0.2628566646554389,0.24042954805404207,0.1116329886767563,1.1387376501100126,0.36375,0.7684406395236556,1.9039496525525488,0.9400942331251272,0.8864345651661178,0.7087439604127912,0.24722202876528776,1.2818324359138864,0.0,0.0,0.0,0.0,0.0,0.3859156794149923,0.4087320727692409,0.23115950882800163,1.0339219171745258,0.20875,0.6650133618852366,2.571238301242173,0.9727220598073668,0.9482882650376622,0.18980619793914244,0.24876643442857616,1.3447807822900233,-0.2641402459019254,-0.20439927498503999,-0.1414506173191874,-0.027632053561165448,0.15481685939186493,0.12305901475955339,0.16830252471519883,0.11952652015124532,-0.10481573293548685,-0.15500000000000003,-0.10342727763841897,0.6672886486896243,0.032627826682239625,0.06185369987154432,-0.5189377624736488,0.0015444056632883951,0.06294834637613689,-0.2641402459019254,-0.20439927498503999,-0.1414506173191874,-0.027632053561165448,0.15481685939186493,0.06642450000000001,-0.0034761536238631235,-0.17124023293548685,0.0
17,공공AI 실패,0.45,0.0136,0.065,0.18,공공AI 실패,0.9,0.42,0.018,0.025,0.0,0.0,0.04,0.38,0.2628566646554389,0.24042954805404207,0.1116329886767563,1.1387376501100126,0.36375,0.7684406395236556,1.9039496525525488,0.9400942331251272,0.8864345651661178,0.7087439604127912,0.24722202876528776,1.2818324359138864,0.0,0.0,0.0,0.0,0.0,0.41938558020571237,0.4465353192066056,0.26932232514103216,0.9095943768027601,0.204375,0.5177597835353493,2.5956556694171944,0.9488644669197384,0.9031121979382412,0.5269422446252331,0.2613425663317824,1.2448640598993612,-0.4954650353983608,-0.37710653549380674,-0.267335342882063,-0.11128092764060642,0.12780362629115768,0.15652891555027348,0.20610577115256354,0.15768933646427585,-0.22914327330725248,-0.15937500000000002,-0.25068085598830625,0.6917060168646456,0.00877023379461117,0.016677632772123308,-0.1818017157875581,0.014120537566494618,-0.036968376014525184,-0.4954650353983608,-0.37710653549380674,-0.267335342882063,-0.11128092764060642,0.12780362629115768,0.015324899999999999,-0.052293276014525186,-0.24446817330725248,0.0
18,시장·고가AI,0.45,0.0136,0.065,0.18,시장·고가AI,0.1,0.3,0.0,0.0,0.0,0.0,0.0,0.65,0.26786903284556973,0.24571912778726102,0.11552994710177167,1.0954815407244483,0.34625,0.6199124321959447,2.0865233255734554,0.9398778403865231,0.887358951543837,0.6856492154166199,0.2568199770441605,1.2385739202076749,0.0,0.0,0.0,0.0,0.0,0.4289178971380794,0.4380964040441887,0.2753253055603826,0.8300300534468664,0.22,0.39875617061413066,3.307342916581297,0.9375923144059445,0.8856110150451882,0.7053690809015399,0.2803576983973841,1.1453829695111943,-0.50143864375584,-0.43158238625224943,-0.33239933924946247,-0.20745193004863366,0.08543530083354725,0.16104886429250964,0.1923772762569277,0.15979535845861093,-0.26545148727758183,-0.12625,-0.22115626158181406,1.2208195910078414,-0.0022855259805786288,-0.0017479364986487944,0.019719865484919996,0.02353772135322363,-0.09319095069648053,-0.50143864375584,-0.43158238625224943,-0.33239933924946247,-0.20745193004863366,0.08543530083354725,0.0,-0.09319095069648053,-0.26545148727758183,0.0
18,전국민 공공AI,0.45,0.0136,0.065,0.18,전국민 공공AI,0.98,0.72,0.0,0.0,0.0,0.0,0.1,0.82,0.26786903284556973,0.24571912778726102,0.11552994710177167,1.0954815407244483,0.34625,0.6199124321959447,2.0865233255734554,0.9398778403865231,0.887358951543837,0.6856492154166199,0.2568199770441605,1.2385739202076749,0.0,0.0,0.0,0.0,0.0,0.4206358135220122,0.4282294929042948,0.2688735667418479,0.8672793775996938,0.211875,0.4128627073487717,3.3174885169007746,0.9377392993246609,0.8857192565931366,0.6851034172607554,0.27855030420187293,1.1862235287196459,-0.46144797051149355,-0.38816530839218466,-0.2791983381026018,-0.1563580008541139,0.11722887238380146,0.15276678067644245,0.18251036511703378,0.15334361964007626,-0.2282021631247545,-0.134375,-0.20704972484717304,1.2309651913273192,-0.002138541061862176,-0.0016396949507004877,-0.0005457981558645297,0.021730327157712448,-0.052350391488029,-0.46144797051149355,-0.38816530839218466,-0.2791983381026018,-0.1563580008541139,0.11722887238380146,0.02667168,-0.079022071488029,-0.2548738431247545,0.0
18,공공AI+공교육,0.45,0.0136,0.065,0.18,공공AI+공교육,0.98,0.82,0.065,0.0,0.0,0.0,0.25,0.86,0.26786903284556973,0.24571912778726102,0.11552994710177167,1.0954815407244483,0.34625,0.6199124321959447,2.0865233255734554,0.9398778403865231,0.887358951543837,0.6856492154166199,0.2568199770441605,1.2385739202076749,0.0,0.0,0.0,0.0,0.0,0.4181819256498924,0.4301306474589847,0.2682070690960501,0.9146407414616876,0.210625,0.4434974532255551,3.3614528595735034,0.9543267825199528,0.9144295691240334,0.193180949002425,0.27775314157202374,1.2498627724264488,-0.3975039101482829,-0.3267849970753868,-0.222424234867976,-0.10564473521574184,0.15026811276341562,0.1503128928043227,0.1844115196717237,0.1526771219942784,-0.18084079926276064,-0.135625,-0.1764149789703896,1.274929534000048,0.014448942133429732,0.027070617580196354,-0.49246826641419494,0.020933164527863257,0.01128885221877396,-0.3975039101482829,-0.3267849970753868,-0.222424234867976,-0.10564473521574184,0.15026811276341562,0.04629498,-0.03500612778122604,-0.22713577926276063,0.0
18,공공AI+돌봄,0.45,0.0136,0.065,0.18,공공AI+돌봄,0.98,0.78,0.0,0.075,0.0,0.0,0.1,0.88,0.26786903284556973,0.24571912778726102,0.11552994710177167,1.0954815407244483,0.34625,0.6199124321959447,2.0865233255734554,0.9398778403865231,0.887358951543837,0.6856492154166199,0.2568199770441605,1.2385739202076749,0.0,0.0,0.0,0.0,0.0,0.41696515374477094,0.42341834016959484,0.264748711489766,0.8841533282631195,0.215,0.4202456159587027,3.3254565433072627,0.9557836963083324,0.9194925401586533,0.6809458401692905,0.2781724052365701,1.202518570289881,-0.4399217140596817,-0.3653417987676354,-0.2595641629343247,-0.1367878539332199,0.1300214649794104,0.1490961208992012,0.17769921238233383,0.1492187643879943,-0.2113282124613287,-0.13125,-0.19966681623724203,1.2389332177338073,0.015905855921809264,0.0321335886148163,-0.004703375247329444,0.021352428192409623,-0.0360553499177938,-0.4399217140596817,-0.3653417987676354,-0.2595641629343247,-0.1367878539332199,0.1300214649794104,0.04255218,-0.0786075299177938,-0.2538803924613287,0.0
18,공공AI 종합안,0.45,0.0136,0.065,0.18,공공AI 종합안,0.98,0.9,0.065,0.075,0.22,0.08,0.35,0.92,0.26786903284556973,0.24571912778726102,0.11552994710177167,1.0954815407244483,0.34625,0.6199124321959447,2.0865233255734554,0.9398778403865231,0.887358951543837,0.6856492154166199,0.2568199770441605,1.2385739202076749,0.0,0.0,0.0,0.0,0.0,0.39206913633678697,0.39552983858205487,0.2351671885648804,0.969971454681425,0.224375,0.5148421605197285,3.198415129795365,0.9725637256648789,0.9485971441028179,0.19038369564356328,0.2655912511091977,1.268213706550307,-0.2630769776946103,-0.23928949858083381,-0.16588271995154377,-0.07771012268838225,0.13754598941117852,0.12420010349121724,0.14981071079479386,0.11963724146310872,-0.12551008604302327,-0.12187500000000001,-0.10507027167621619,1.1118918042219095,0.03268588527835581,0.061238192558980886,-0.49526551977305666,0.008771274065037193,0.02963978634263209,-0.2630769776946103,-0.23928949858083381,-0.16588271995154377,-0.07771012268838225,0.13754598941117852,0.06642450000000001,-0.03678471365736792,-0.19193458604302327,0.0
18,공공AI 실패,0.45,0.0136,0.065,0.18,공공AI 실패,0.9,0.42,0.018,0.025,0.0,0.0,0.04,0.38,0.26786903284556973,0.24571912778726102,0.11552994710177167,1.0954815407244483,0.34625,0.6199124321959447,2.0865233255734554,0.9398778403865231,0.887358951543837,0.6856492154166199,0.2568199770441605,1.2385739202076749,0.0,0.0,0.0,0.0,0.0,0.4270598875049487,0.4367391276348281,0.2736720207868556,0.8475509074684716,0.21875,0.40759654079749197,3.32340666650431,0.9485493881643704,0.9036647011622363,0.5112510072272034,0.2800481748403768,1.1668983320546897,-0.4778790408199102,-0.4091823773823057,-0.30875527025542004,-0.18633897160697527,0.09916364235582242,0.159190854659379,0.19101999984756707,0.15814207368508393,-0.24793063325597664,-0.1275,-0.21231589139845275,1.2368833409308544,0.008671547777847288,0.016305749618399257,-0.17439820818941654,0.02322819779621632,-0.07167558815298514,-0.4778790408199102,-0.4091823773823057,-0.30875527025542004,-0.18633897160697527,0.09916364235582242,0.015324899999999999,-0.08700048815298514,-0.2632555332559766,0.0
19,시장·고가AI,0.45,0.0136,0.065,0.18,시장·고가AI,0.1,0.3,0.0,0.0,0.0,0.0,0.0,0.65,0.257079882409615,0.22810740283798947,0.10646068308185852,1.0337406761697157,0.39125,0.603456814910988,2.1127588301603963,0.939641003087589,0.8871794450235309,0.7380244683436017,0.24978185121764582,1.1569056409684748,0.0,0.0,0.0,0.0,0.0,0.4130466061953971,0.4007598111318866,0.25541510336776685,0.7642977537634615,0.234375,0.3713512410475353,3.7759612111444305,0.9372252082708775,0.8853287730750129,0.7431416144464437,0.2683785840624531,1.0264749623856055,-0.5119961423174831,-0.43355831356365293,-0.33327295845737126,-0.2321661833956385,0.0010846798633947579,0.15596672378578214,0.1726524082938971,0.14895442028590833,-0.2694429224062541,-0.156875,-0.2321055738634527,1.6632023809840342,-0.002415794816711503,-0.0018506719485179568,0.005117146102841974,0.018596732844807257,-0.13043067858286927,-0.5119961423174831,-0.43355831356365293,-0.33327295845737126,-0.2321661833956385,0.0010846798633947579,0.0,-0.13043067858286927,-0.2694429224062541,0.0
19,전국민 공공AI,0.45,0.0136,0.065,0.18,전국민 공공AI,0.98,0.72,0.0,0.0,0.0,0.0,0.1,0.82,0.257079882409615,0.22810740283798947,0.10646068308185852,1.0337406761697157,0.39125,0.603456814910988,2.1127588301603963,0.939641003087589,0.8871794450235309,0.7380244683436017,0.24978185121764582,1.1569056409684748,0.0,0.0,0.0,0.0,0.0,0.4055544264383685,0.39686604737667336,0.2505253742773512,0.8047801400645465,0.2375,0.385948529006501,3.7873363532251725,0.937397034942788,0.885453864808053,0.7216412492925302,0.2666107118977546,1.073792377278379,-0.4672790904040801,-0.37511239758188675,-0.2798561244376658,-0.17055075887111731,0.04094784784626539,0.14847454402875349,0.1687586445386839,0.1440646911954927,-0.2289605361051692,-0.15375,-0.217508285904487,1.6745775230647761,-0.0022439681448009896,-0.0017255802154778621,-0.01638321905107154,0.016828860680108776,-0.08311326369009575,-0.4672790904040801,-0.37511239758188675,-0.2798561244376658,-0.17055075887111731,0.04094784784626539,0.02667168,-0.10978494369009575,-0.2556322161051692,0.0
19,공공AI+공교육,0.45,0.0136,0.065,0.18,공공AI+공교육,0.98,0.82,0.065,0.0,0.0,0.0,0.25,0.86,0.257079882409615,0.22810740283798947,0.10646068308185852,1.0337406761697157,0.39125,0.603456814910988,2.1127588301603963,0.939641003087589,0.8871794450235309,0.7380244683436017,0.24978185121764582,1.1569056409684748,0.0,0.0,0.0,0.0,0.0,0.4030923086290521,0.39498298423576084,0.24991297773605559,0.8529578061992109,0.235,0.42049637624673875,3.828653483066091,0.9538363632241139,0.9137128284562877,0.21734775687657648,0.265586188283466,1.1371451323404818,-0.3995852551217646,-0.3050764573004616,-0.2158325224891738,-0.1176968737666203,0.07704537974339452,0.1460124262194371,0.16687558139777137,0.14345229465419707,-0.18078286997050474,-0.15625,-0.18296043866424927,1.7158946529056949,0.014195360136524893,0.026533383432756796,-0.5206767114670252,0.015804337065820157,-0.019760508627993056,-0.3995852551217646,-0.3050764573004616,-0.2158325224891738,-0.1176968737666203,0.07704537974339452,0.04629498,-0.06605548862799306,-0.22707784997050473,0.0
19,공공AI+돌봄,0.45,0.0136,0.065,0.18,공공AI+돌봄,0.98,0.78,0.0,0.075,0.0,0.0,0.1,0.88,0.257079882409615,0.22810740283798947,0.10646068308185852,1.0337406761697157,0.39125,0.603456814910988,2.1127588301603963,0.939641003087589,0.8871794450235309,0.7380244683436017,0.24978185121764582,1.1569056409684748,0.0,0.0,0.0,0.0,0.0,0.40182947898526356,0.39275179045780695,0.24644455551621525,0.8220312213684582,0.239375,0.39416306083985875,3.7894043737009904,0.9554898429117255,0.9192297169056933,0.7172020593841664,0.2661890547684434,1.0908702569743651,-0.4432174124272466,-0.351500789079862,-0.2571801169558327,-0.15050553648583867,0.056599603260880295,0.14474959657564856,0.16464438761981748,0.13998387243435673,-0.21170945480125747,-0.15187499999999998,-0.20929375407112927,1.676645543540594,0.01584883982413643,0.03205027188216247,-0.020822408959435323,0.016407203550797583,-0.06603538399410969,-0.4432174124272466,-0.351500789079862,-0.2571801169558327,-0.15050553648583867,0.056599603260880295,0.04255218,-0.10858756399410968,-0.25426163480125746,0.0
19,공공AI 종합안,0.45,0.0136,0.065,0.18,공공AI 종합안,0.98,0.9,0.065,0.075,0.22,0.08,0.35,0.92,0.257079882409615,0.22810740283798947,0.10646068308185852,1.0337406761697157,0.39125,0.603456814910988,2.1127588301603963,0.939641003087589,0.8871794450235309,0.7380244683436017,0.24978185121764582,1.1569056409684748,0.0,0.0,0.0,0.0,0.0,0.37910450098923587,0.36856251031063186,0.22075415908800722,0.9025695040443554,0.235625,0.4798544137351539,3.600578437845028,0.9721126089521053,0.9478740354244961,0.2146313249596905,0.2554226421072594,1.158260277639763,-0.270799876464519,-0.22452866732160004,-0.16405045890770129,-0.089806187688002,0.07071755618536073,0.12202461857962088,0.1404551074726424,0.1142934760061487,-0.13117117212536022,-0.15562499999999999,-0.1236024011758341,1.4878196076846315,0.03247160586451625,0.060694590400965254,-0.5233931433839112,0.005640790889613584,0.0013546366712882119,-0.270799876464519,-0.22452866732160004,-0.16405045890770129,-0.089806187688002,0.07071755618536073,0.06642450000000001,-0.0650698633287118,-0.19759567212536022,0.0
19,공공AI 실패,0.45,0.0136,0.065,0.18,공공AI 실패,0.9,0.42,0.018,0.025,0.0,0.0,0.04,0.38,0.257079882409615,0.22810740283798947,0.10646068308185852,1.0337406761697157,0.39125,0.603456814910988,2.1127588301603963,0.939641003087589,0.8871794450235309,0.7380244683436017,0.24978185121764582,1.1569056409684748,0.0,0.0,0.0,0.0,0.0,0.4114988043901404,0.40021739146292623,0.25428193112429,0.781033847355505,0.235625,0.38101603095507935,3.7899003387645167,0.9481442225372322,0.9031358876029694,0.5443700142292343,0.2679985024914137,1.0473580833746448,-0.4884365042215221,-0.40923991907520135,-0.3101008937482026,-0.20878586979834185,0.014959489400452492,0.15441892198052543,0.17210998862493676,0.14782124804243146,-0.2527068288142107,-0.15562499999999999,-0.22244078395590866,1.6771415086041204,0.008503219449643162,0.015956442579438512,-0.19365445411436744,0.018216651273767898,-0.10954755759383006,-0.4884365042215221,-0.40923991907520135,-0.3101008937482026,-0.20878586979834185,0.014959489400452492,0.015324899999999999,-0.12487245759383006,-0.26803172881421067,0.0
20,시장·고가AI,0.45,0.0136,0.065,0.18,시장·고가AI,0.1,0.3,0.0,0.0,0.0,0.0,0.0,0.65,0.2658330495629515,0.2445924650553498,0.11349697639511613,1.0426279266719218,0.354375,0.6155993390308736,2.0133791245346324,0.9375535277129617,0.8868467093326599,0.6306078688647752,0.2513974879173695,1.1761132211734262,0.0,0.0,0.0,0.0,0.0,0.4272186147579289,0.43133624900548806,0.2710102577064184,0.7787136848568185,0.223125,0.3702357087633374,3.0259672038289946,0.9352154006743018,0.8851032933107178,0.6518358417826986,0.27196841755823026,1.068209385782018,-0.4960903113829852,-0.45037193914709617,-0.34522888894444675,-0.19940970576784833,0.031819739373836316,0.16138556519497738,0.18674378395013827,0.15751328131130227,-0.26391424181510337,-0.13125,-0.24536363026753621,1.0125880792943622,-0.0023381270386599873,-0.001743416021942057,0.021227972917923443,0.02057092964086077,-0.10790383539140813,-0.4960903113829852,-0.45037193914709617,-0.34522888894444675,-0.19940970576784833,0.031819739373836316,0.0,-0.10790383539140813,-0.26391424181510337,0.0
20,전국민 공공AI,0.45,0.0136,0.065,0.18,전국민 공공AI,0.98,0.72,0.0,0.0,0.0,0.0,0.1,0.82,0.2658330495629515,0.2445924650553498,0.11349697639511613,1.0426279266719218,0.354375,0.6155993390308736,2.0133791245346324,0.9375535277129617,0.8868467093326599,0.6306078688647752,0.2513974879173695,1.1761132211734262,0.0,0.0,0.0,0.0,0.0,0.4199612346662194,0.42704599258675396,0.2656873055555362,0.8158594389558462,0.21125,0.39086473940757493,3.0551674027263105,0.9353695357545946,0.8852172381974327,0.629930069900588,0.27049328520843907,1.1110517973178657,-0.4510039750634746,-0.40316523068666577,-0.2908427713271821,-0.1501071289839774,0.06883123788292782,0.15412818510326787,0.18245352753140417,0.15219032916042008,-0.2267684877160756,-0.143125,-0.22473459962329867,1.041788278191678,-0.0021839919583671596,-0.0016294711352271563,-0.0006777989641871818,0.019095797291069583,-0.06506142385556046,-0.4510039750634746,-0.40316523068666577,-0.2908427713271821,-0.1501071289839774,0.06883123788292782,0.02667168,-0.09173310385556047,-0.2534401677160756,0.0
20,공공AI+공교육,0.45,0.0136,0.065,0.18,공공AI+공교육,0.98,0.82,0.065,0.0,0.0,0.0,0.25,0.86,0.2658330495629515,0.2445924650553498,0.11349697639511613,1.0426279266719218,0.354375,0.6155993390308736,2.0133791245346324,0.9375535277129617,0.8868467093326599,0.6306078688647752,0.2513974879173695,1.1761132211734262,0.0,0.0,0.0,0.0,0.0,0.4183390690776899,0.43071108521939905,0.2656444675082903,0.8607642972328855,0.2075,0.4238700503362259,3.113777061902097,0.9526013683889049,0.9141134648043576,0.16687897366693527,0.26984946625103085,1.172135647037701,-0.384750812974921,-0.3422568328658889,-0.23353817845675334,-0.0996555162192776,0.10180661403695983,0.1525060195147384,0.18611862016404926,0.15214749111317416,-0.18186362943903633,-0.146875,-0.19172928869464773,1.1003979373674646,0.015047840675943114,0.027266755471697768,-0.4637288951978399,0.018451978333661356,-0.003977574135725304,-0.384750812974921,-0.3422568328658889,-0.23353817845675334,-0.0996555162192776,0.10180661403695983,0.04629498,-0.0502725541357253,-0.22815860943903632,0.0
20,공공AI+돌봄,0.45,0.0136,0.065,0.18,공공AI+돌봄,0.98,0.78,0.0,0.075,0.0,0.0,0.1,0.88,0.2658330495629515,0.2445924650553498,0.11349697639511613,1.0426279266719218,0.354375,0.6155993390308736,2.0133791245346324,0.9375535277129617,0.8868467093326599,0.6306078688647752,0.2513974879173695,1.1761132211734262,0.0,0.0,0.0,0.0,0.0,0.41655365459281124,0.42541392808887085,0.26182747896332703,0.8313038656971262,0.210625,0.39914925195069273,3.0718927084409704,0.9540264554684115,0.9189896638972475,0.6260042122777107,0.2701989664964005,1.1261647406349693,-0.4291177055574808,-0.3812762754668456,-0.27175905448664545,-0.13320921618232404,0.08284091733733559,0.15072060502985973,0.18082146303352106,0.1483305025682109,-0.2113240609747956,-0.14375,-0.21645008708018088,1.058513583906338,0.01647292775544973,0.0321429545645876,-0.004603656587064409,0.018801478579031028,-0.04994848053845691,-0.4291177055574808,-0.3812762754668456,-0.27175905448664545,-0.13320921618232404,0.08284091733733559,0.04255218,-0.0925006605384569,-0.2538762409747956,0.0
20,공공AI 종합안,0.45,0.0136,0.065,0.18,공공AI 종합안,0.98,0.9,0.065,0.075,0.22,0.08,0.35,0.92,0.2658330495629515,0.2445924650553498,0.11349697639511613,1.0426279266719218,0.354375,0.6155993390308736,2.0133791245346324,0.9375535277129617,0.8868467093326599,0.6306078688647752,0.2513974879173695,1.1761132211734262,0.0,0.0,0.0,0.0,0.0,0.39287797245168743,0.4064074393147456,0.23365967445377112,0.9127141521352719,0.211875,0.49036269222167156,2.99638542496874,0.9714420149196512,0.9482528016664121,0.16398794742201606,0.2585435681345791,1.1910036855814827,-0.24562924994784696,-0.2548986892689088,-0.17771247468603532,-0.07924562470580258,0.09210147667362968,0.12704492288873592,0.1618149742593958,0.12016269805865498,-0.12991377453664998,-0.1425,-0.12523664680920205,0.9830063004341074,0.033888487206689466,0.06140609233375227,-0.4666199214427591,0.007146080217209638,0.014890464408056525,-0.24562924994784696,-0.2548986892689088,-0.17771247468603532,-0.07924562470580258,0.09210147667362968,0.06642450000000001,-0.051534035591943486,-0.19633827453664998,0.0
20,공공AI 실패,0.45,0.0136,0.065,0.18,공공AI 실패,0.9,0.42,0.018,0.025,0.0,0.0,0.04,0.38,0.2658330495629515,0.2445924650553498,0.11349697639511613,1.0426279266719218,0.354375,0.6155993390308736,2.0133791245346324,0.9375535277129617,0.8868467093326599,0.6306078688647752,0.2513974879173695,1.1761132211734262,0.0,0.0,0.0,0.0,0.0,0.42583593840204503,0.43245318556877327,0.26990525954046085,0.7950709038354514,0.223125,0.38034934667434533,3.044585057703078,0.9465417037755535,0.9031827050346409,0.4674724684024983,0.27172544122185305,1.0889968928347775,-0.47219611772869674,-0.4270304593343468,-0.32367342774692587,-0.17837148062117283,0.04592968698800576,0.16000288883909353,0.18786072051342348,0.15640828314534472,-0.2475570228364704,-0.13125,-0.23524999235652827,1.0312059331684456,0.008988176062591724,0.016335995701981076,-0.16313540046227687,0.02032795330448356,-0.08711632833864869,-0.47219611772869674,-0.4270304593343468,-0.32367342774692587,-0.17837148062117283,0.04592968698800576,0.015324899999999999,-0.10244122833864869,-0.2628819228364704,0.0
21,시장·고가AI,0.45,0.0136,0.065,0.18,시장·고가AI,0.1,0.3,0.0,0.0,0.0,0.0,0.0,0.65,0.26669735953127716,0.23901932189676922,0.11592445283184738,1.0755053112454678,0.353125,0.6771286871940915,1.9790480314019436,0.9413971705382833,0.8867578174652819,0.6648756233593417,0.2504979246022282,1.2165310020059914,0.0,0.0,0.0,0.0,0.0,0.43108529708394505,0.44994042032929926,0.2790669241852769,0.8347514773059278,0.213125,0.43462448870626946,2.942662135104026,0.9391048794402684,0.8849927234468014,0.6774391654334919,0.27220366357853726,1.157876514907544,-0.4845637385534053,-0.4032774168125181,-0.3252131275143516,-0.1841955810394569,0.13019067136273785,0.1643879375526679,0.21092109843253004,0.16314247135342952,-0.24075383393953997,-0.14,-0.242504198487822,0.9636141037020824,-0.002292291098014876,-0.001765094018480573,0.012563542074150225,0.021705738976309064,-0.05865448709844734,-0.4845637385534053,-0.4032774168125181,-0.3252131275143516,-0.1841955810394569,0.13019067136273785,0.0,-0.05865448709844734,-0.24075383393953997,0.0
21,전국민 공공AI,0.45,0.0136,0.065,0.18,전국민 공공AI,0.98,0.72,0.0,0.0,0.0,0.0,0.1,0.82,0.26669735953127716,0.23901932189676922,0.11592445283184738,1.0755053112454678,0.353125,0.6771286871940915,1.9790480314019436,0.9413971705382833,0.8867578174652819,0.6648756233593417,0.2504979246022282,1.2165310020059914,0.0,0.0,0.0,0.0,0.0,0.42264043328868295,0.4436605542042048,0.2728481383092939,0.8752816484384113,0.21,0.4526219477691921,3.0134412528890433,0.9392612993996081,0.8851101178849671,0.6580069382102337,0.27052720613298664,1.203712311762893,-0.4432697825443963,-0.3486853018014651,-0.270989692115697,-0.13368368230621813,0.1666276157757199,0.1559430737574058,0.20464123230743558,0.1569236854774465,-0.2002236628070565,-0.14312500000000003,-0.22450673942489935,1.0343932214870997,-0.002135871138675194,-0.0016476995803148542,-0.006868685149107989,0.020029281530758447,-0.012818690243098452,-0.4432697825443963,-0.3486853018014651,-0.270989692115697,-0.13368368230621813,0.1666276157757199,0.02667168,-0.039490370243098455,-0.2268953428070565,0.0
21,공공AI+공교육,0.45,0.0136,0.065,0.18,공공AI+공교육,0.98,0.82,0.065,0.0,0.0,0.0,0.25,0.86,0.26669735953127716,0.23901932189676922,0.11592445283184738,1.0755053112454678,0.353125,0.6771286871940915,1.9790480314019436,0.9413971705382833,0.8867578174652819,0.6648756233593417,0.2504979246022282,1.2165310020059914,0.0,0.0,0.0,0.0,0.0,0.4192581529610505,0.43934589109619554,0.2717385056689111,0.923690176558654,0.2125,0.4952787174860589,3.081453277044801,0.9555115587215238,0.9140319975295143,0.18023603486215256,0.26963254323921976,1.2683496020987175,-0.37747047995531,-0.28671096206377045,-0.21174215527674622,-0.0839607884662349,0.19903849359696588,0.15256079342977336,0.20032656919942632,0.15581405283706373,-0.15181513468681374,-0.14062500000000003,-0.18184996970803258,1.1024052456428575,0.014114388183240512,0.027274180064232323,-0.48463958849718913,0.019134618636991563,0.0518186000927261,-0.37747047995531,-0.28671096206377045,-0.21174215527674622,-0.0839607884662349,0.19903849359696588,0.04629498,0.0055236200927260976,-0.19811011468681372,0.0
21,공공AI+돌봄,0.45,0.0136,0.065,0.18,공공AI+돌봄,0.98,0.78,0.0,0.075,0.0,0.0,0.1,0.88,0.26669735953127716,0.23901932189676922,0.11592445283184738,1.0755053112454678,0.353125,0.6771286871940915,1.9790480314019436,0.9413971705382833,0.8867578174652819,0.6648756233593417,0.2504979246022282,1.2165310020059914,0.0,0.0,0.0,0.0,0.0,0.41912475513646685,0.438231062624831,0.26888532241293217,0.8919575835666448,0.211875,0.46351763696046333,3.0344069810566645,0.9567593865163992,0.9188840093039631,0.6544912490070477,0.2701269520348552,1.219996822537354,-0.4197389094972652,-0.32694301835545325,-0.25112061201497304,-0.11698417456489958,0.17915017594220556,0.1524273956051897,0.1992117407280618,0.1529608695810848,-0.183547727678823,-0.14125000000000001,-0.21361105023362814,1.0553589496547209,0.015362215978115934,0.03212619183868115,-0.010384374352294001,0.01962902743262701,0.0034658205313626844,-0.4197389094972652,-0.32694301835545325,-0.25112061201497304,-0.11698417456489958,0.17915017594220556,0.04255218,-0.03908635946863732,-0.226099907678823,0.0
21,공공AI 종합안,0.45,0.0136,0.065,0.18,공공AI 종합안,0.98,0.9,0.065,0.075,0.22,0.08,0.35,0.92,0.26669735953127716,0.23901932189676922,0.11592445283184738,1.0755053112454678,0.353125,0.6771286871940915,1.9790480314019436,0.9413971705382833,0.8867578174652819,0.6648756233593417,0.2504979246022282,1.2165310020059914,0.0,0.0,0.0,0.0,0.0,0.3919532128287242,0.4045813944837646,0.23627994746797043,0.9830717422574315,0.2225,0.5700158046980431,2.9184916316029583,0.9731883502314443,0.9481900487564141,0.17789070254532302,0.2575373048195824,1.2872147837393633,-0.22625578189828027,-0.19246220527548838,-0.1546789898786789,-0.05917323433646946,0.18325127818793832,0.12525585329744704,0.1655620725869954,0.12035549463612305,-0.09243356898803623,-0.13062500000000002,-0.10711288249604833,0.9394436002010147,0.03179117969316103,0.06143223129113218,-0.4869849208140187,0.00703938021735423,0.07068378173337186,-0.22625578189828027,-0.19246220527548838,-0.1546789898786789,-0.05917323433646946,0.18325127818793832,0.06642450000000001,0.004259281733371853,-0.15885806898803623,0.0
21,공공AI 실패,0.45,0.0136,0.065,0.18,공공AI 실패,0.9,0.42,0.018,0.025,0.0,0.0,0.04,0.38,0.26669735953127716,0.23901932189676922,0.11592445283184738,1.0755053112454678,0.353125,0.6771286871940915,1.9790480314019436,0.9413971705382833,0.8867578174652819,0.6648756233593417,0.2504979246022282,1.2165310020059914,0.0,0.0,0.0,0.0,0.0,0.4292084714233223,0.4505649864032857,0.27766480142453565,0.8523308772693314,0.21125,0.446990734655509,2.9728111068228906,0.9498044753915988,0.903053358417404,0.48792286607752106,0.2718721032803095,1.17996586480935,-0.46126185404862186,-0.3797460535868698,-0.3025284450513252,-0.16383535787691622,0.1445163003135052,0.16251111189204515,0.21154566450651646,0.16174034859268827,-0.22317443397613634,-0.14187500000000003,-0.2301379525385825,0.993763075420947,0.008407304853315534,0.016295540952122045,-0.17695275728182064,0.02137417867808128,-0.03656513719664134,-0.46126185404862186,-0.3797460535868698,-0.3025284450513252,-0.16383535787691622,0.1445163003135052,0.015324899999999999,-0.05189003719664134,-0.23849933397613635,0.0
22,시장·고가AI,0.45,0.0136,0.065,0.18,시장·고가AI,0.1,0.3,0.0,0.0,0.0,0.0,0.0,0.65,0.25398020657273557,0.22941496492366734,0.10347307401782324,1.0425616531076491,0.38,0.6199732902433613,2.0796743345126076,0.9390909785141901,0.8865489704571643,0.6796535633554914,0.24170950499141267,1.1628893933837918,0.0,0.0,0.0,0.0,0.0,0.4135477515254339,0.4082264407528024,0.2554559146189258,0.7722669345937118,0.218125,0.3825637801099964,3.3342588454054476,0.9367336069978688,0.8847547516591395,0.687608101338689,0.25577643887204143,1.0372346644839014,-0.49136701775191083,-0.44034025139299865,-0.35974230226000625,-0.24000338705260799,0.030923802773846803,0.15956754495269831,0.17881147582913506,0.15198284060110256,-0.2702947185139374,-0.161875,-0.23740951013336492,1.25458451089284,-0.002357371516321316,-0.0017942187980247715,0.007954537983197563,0.014066933880628768,-0.12565472889989038,-0.49136701775191083,-0.44034025139299865,-0.35974230226000625,-0.24000338705260799,0.030923802773846803,0.0,-0.12565472889989038,-0.2702947185139374,0.0
22,전국민 공공AI,0.45,0.0136,0.065,0.18,전국민 공공AI,0.98,0.72,0.0,0.0,0.0,0.0,0.1,0.82,0.25398020657273557,0.22941496492366734,0.10347307401782324,1.0425616531076491,0.38,0.6199732902433613,2.0796743345126076,0.9390909785141901,0.8865489704571643,0.6796535633554914,0.24170950499141267,1.1628893933837918,0.0,0.0,0.0,0.0,0.0,0.4067458820021599,0.4088543895535197,0.25080991168665934,0.8099237623994266,0.211875,0.4011918175016317,3.400308754336403,0.9368975623034812,0.8848808771326129,0.66338712494692,0.25415836259922564,1.0810657736046887,-0.4481885067209063,-0.39405811180578965,-0.30598829487672824,-0.1880487716621644,0.07380384079787218,0.15276567542942432,0.17943942462985238,0.1473368376688361,-0.2326378907082225,-0.168125,-0.21878147274172965,1.3206344198237954,-0.0021934162107088984,-0.001668093324551423,-0.01626643840857145,0.012448857607812974,-0.08182361977910313,-0.4481885067209063,-0.39405811180578965,-0.30598829487672824,-0.1880487716621644,0.07380384079787218,0.02667168,-0.10849529977910313,-0.25930957070822247,0.0
22,공공AI+공교육,0.45,0.0136,0.065,0.18,공공AI+공교육,0.98,0.82,0.065,0.0,0.0,0.0,0.25,0.86,0.25398020657273557,0.22941496492366734,0.10347307401782324,1.0425616531076491,0.38,0.6199732902433613,2.0796743345126076,0.9390909785141901,0.8865489704571643,0.6796535633554914,0.24170950499141267,1.1628893933837918,0.0,0.0,0.0,0.0,0.0,0.40540864230905316,0.4072976272043703,0.25120920411085346,0.8549223224374964,0.21375,0.4356776474681304,3.4566834918196725,0.9536296570290503,0.9136291632671483,0.1877267410791953,0.25344474173573694,1.1417372210382537,-0.38406227942776433,-0.33129771287242954,-0.24941436946585793,-0.13679247331708397,0.10943944640006098,0.1514284357363176,0.17788266228070296,0.14773613009303022,-0.1876393306701527,-0.16625,-0.18429564277523092,1.3770091573070649,0.014538678514860237,0.02708019280998397,-0.49192682227629614,0.011735236744324279,-0.021152172345538123,-0.38406227942776433,-0.33129771287242954,-0.24941436946585793,-0.13679247331708397,0.10943944640006098,0.04629498,-0.06744715234553812,-0.2339343106701527,0.0
22,공공AI+돌봄,0.45,0.0136,0.065,0.18,공공AI+돌봄,0.98,0.78,0.0,0.075,0.0,0.0,0.1,0.88,0.25398020657273557,0.22941496492366734,0.10347307401782324,1.0425616531076491,0.38,0.6199732902433613,2.0796743345126076,0.9390909785141901,0.8865489704571643,0.6796535633554914,0.24170950499141267,1.1628893933837918,0.0,0.0,0.0,0.0,0.0,0.4033824209379715,0.40519558494240576,0.24705886118624176,0.825726765482722,0.215,0.41087508494533626,3.417595640981609,0.9550506180319743,0.9186569491024272,0.6578979700502927,0.253872025643604,1.0966684152543926,-0.42634820058580997,-0.373734322256886,-0.2849311851499176,-0.16915017051618586,0.0883030525459275,0.14940221436523593,0.17578062001873843,0.14358578716841852,-0.2168348876249272,-0.165,-0.20909820529802509,1.3379213064690014,0.01595963951778423,0.032107978645262936,-0.021755593305198717,0.012162520652191339,-0.0662209781293992,-0.42634820058580997,-0.373734322256886,-0.2849311851499176,-0.16915017051618586,0.0883030525459275,0.04255218,-0.1087731581293992,-0.2593870676249272,0.0
22,공공AI 종합안,0.45,0.0136,0.065,0.18,공공AI 종합안,0.98,0.9,0.065,0.075,0.22,0.08,0.35,0.92,0.25398020657273557,0.22941496492366734,0.10347307401782324,1.0425616531076491,0.38,0.6199732902433613,2.0796743345126076,0.9390909785141901,0.8865489704571643,0.6796535633554914,0.24170950499141267,1.1628893933837918,0.0,0.0,0.0,0.0,0.0,0.3826619644464868,0.3845117843683296,0.22358822343330187,0.9014235321637063,0.229375,0.49651687745538836,3.3072569721472194,0.9719962766147348,0.947839397652591,0.18497441883330268,0.24433996736524594,1.1610121837020706,-0.26715820830845066,-0.25820589295410284,-0.1957277721025136,-0.11048864707135675,0.10427614323023711,0.12868175787375125,0.15509681944466228,0.12011514941547863,-0.14113812094394285,-0.150625,-0.12345641278797298,1.2275826376346117,0.032905298100544655,0.061290427195426656,-0.49467914452218875,0.00263046237383327,-0.0018772096817212258,-0.26715820830845066,-0.25820589295410284,-0.1957277721025136,-0.11048864707135675,0.10427614323023711,0.06642450000000001,-0.06830170968172124,-0.20756262094394284,0.0
22,공공AI 실패,0.45,0.0136,0.065,0.18,공공AI 실패,0.9,0.42,0.018,0.025,0.0,0.0,0.04,0.38,0.25398020657273557,0.22941496492366734,0.10347307401782324,1.0425616531076491,0.38,0.6199732902433613,2.0796743345126076,0.9390909785141901,0.8865489704571643,0.6796535633554914,0.24170950499141267,1.1628893933837918,0.0,0.0,0.0,0.0,0.0,0.4123140482887854,0.40733547561257,0.2545069224380735,0.7885800471623103,0.221875,0.3921139498314997,3.357528194013602,0.9477664827914795,0.9027562356820493,0.49881628601721645,0.2555060848160392,1.0577966058937747,-0.4681049537803152,-0.4162867692871087,-0.3379819824262637,-0.22046426877806957,0.046827113935339885,0.1583338417160498,0.17792051068890266,0.15103384842025025,-0.2539816059453388,-0.15812500000000002,-0.22785934041186162,1.2778538595009943,0.008675504277289359,0.016207265224885026,-0.18083727733827498,0.013796579824626537,-0.10509278749001716,-0.4681049537803152,-0.4162867692871087,-0.3379819824262637,-0.22046426877806957,0.046827113935339885,0.015324899999999999,-0.12041768749001716,-0.2693065059453388,0.0
23,시장·고가AI,0.45,0.0136,0.065,0.18,시장·고가AI,0.1,0.3,0.0,0.0,0.0,0.0,0.0,0.65,0.2650423513908541,0.24937133248124188,0.11085397296079069,1.0372923473338154,0.3475,0.6750294384816112,2.072645209079979,0.939974273825683,0.8874077820880338,0.770794686270511,0.24443866480432128,1.1666164114660922,0.0,0.0,0.0,0.0,0.0,0.4294823258679079,0.4221620392279273,0.27284040785033337,0.7743275634495728,0.2325,0.3978180753995816,3.4414461902938585,0.937621527906368,0.8856055092620333,0.7684427993241083,0.26892861301979426,1.0648660511518053,-0.5148259492470897,-0.4286040193446176,-0.356683632875944,-0.2123078539969531,0.05055099410859789,0.16443997447705383,0.1727907067466854,0.16198643488954267,-0.2629647838842426,-0.11499999999999996,-0.27721136308202965,1.3688009812138793,-0.0023527459193150024,-0.0018022728260005394,-0.002351886946402648,0.024489948215472984,-0.10175036031428686,-0.5148259492470897,-0.4286040193446176,-0.356683632875944,-0.2123078539969531,0.05055099410859789,0.0,-0.10175036031428686,-0.2629647838842426,0.0
23,전국민 공공AI,0.45,0.0136,0.065,0.18,전국민 공공AI,0.98,0.72,0.0,0.0,0.0,0.0,0.1,0.82,0.2650423513908541,0.24937133248124188,0.11085397296079069,1.0372923473338154,0.3475,0.6750294384816112,2.072645209079979,0.939974273825683,0.8874077820880338,0.770794686270511,0.24443866480432128,1.1666164114660922,0.0,0.0,0.0,0.0,0.0,0.4214948851825573,0.4216127063354627,0.26651694993304076,0.8130510326464533,0.22125,0.41643844028740234,3.446192881754717,0.9377836447991844,0.8857200187880112,0.7433777675256569,0.2669842919827278,1.1084796473105007,-0.46646698899409744,-0.379033670282625,-0.30209969135202597,-0.16232698439523602,0.0920513022041977,0.1564525337917032,0.17224137385422084,0.15566297697225007,-0.22424131468736208,-0.12624999999999997,-0.2585909981942089,1.373547672674738,-0.0021906290264985806,-0.0016877633000226266,-0.02741691874485408,0.022545627178406497,-0.058136764155591436,-0.46646698899409744,-0.379033670282625,-0.30209969135202597,-0.16232698439523602,0.0920513022041977,0.02667168,-0.08480844415559144,-0.25091299468736206,0.0
23,공공AI+공교육,0.45,0.0136,0.065,0.18,공공AI+공교육,0.98,0.82,0.065,0.0,0.0,0.0,0.25,0.86,0.2650423513908541,0.24937133248124188,0.11085397296079069,1.0372923473338154,0.3475,0.6750294384816112,2.072645209079979,0.939974273825683,0.8874077820880338,0.770794686270511,0.24443866480432128,1.1666164114660922,0.0,0.0,0.0,0.0,0.0,0.4191298499513021,0.4236108299348539,0.2658073118701667,0.8598353945888881,0.2175,0.4530931431000209,3.4737987991728794,0.9542117501699414,0.9141134821476042,0.23266021403513604,0.26621071836123006,1.1711304246016088,-0.39402092294255847,-0.317893528425757,-0.241638617782377,-0.11292944085775321,0.12834193182086487,0.154087498560448,0.174239497453612,0.15495333890937601,-0.17745695274492723,-0.12999999999999998,-0.22193629538159032,1.4011535900929002,0.014237476344258426,0.026705700059570403,-0.5381344722353749,0.021772053556908783,0.004514013135516581,-0.39402092294255847,-0.317893528425757,-0.241638617782377,-0.11292944085775321,0.12834193182086487,0.04629498,-0.04178096686448342,-0.22375193274492722,0.0
23,공공AI+돌봄,0.45,0.0136,0.065,0.18,공공AI+돌봄,0.98,0.78,0.0,0.075,0.0,0.0,0.1,0.88,0.2650423513908541,0.24937133248124188,0.11085397296079069,1.0372923473338154,0.3475,0.6750294384816112,2.072645209079979,0.939974273825683,0.8874077820880338,0.770794686270511,0.24443866480432128,1.1666164114660922,0.0,0.0,0.0,0.0,0.0,0.4180386676814176,0.4189011455171003,0.2625129908484759,0.8291560399690805,0.21875,0.42517626192716806,3.459793609955675,0.9558095340884922,0.9194933906853122,0.737979322743631,0.2666261686076487,1.1242991804330509,-0.4434121774946799,-0.3568590428514968,-0.28094212327144136,-0.1446815334843534,0.1060912733030166,0.15299631629056354,0.1695298130358584,0.1516590178876852,-0.20813630736473487,-0.12874999999999998,-0.24985317655444317,1.387148400875696,0.015835260262809236,0.03208560859727838,-0.03281536352687997,0.02218750380332743,-0.0423172310330413,-0.4434121774946799,-0.3568590428514968,-0.28094212327144136,-0.1446815334843534,0.1060912733030166,0.04255218,-0.0848694110330413,-0.25068848736473487,0.0
23,공공AI 종합안,0.45,0.0136,0.065,0.18,공공AI 종합안,0.98,0.9,0.065,0.075,0.22,0.08,0.35,0.92,0.2650423513908541,0.24937133248124188,0.11085397296079069,1.0372923473338154,0.3475,0.6750294384816112,2.072645209079979,0.939974273825683,0.8874077820880338,0.770794686270511,0.24443866480432128,1.1666164114660922,0.0,0.0,0.0,0.0,0.0,0.39380627848580063,0.39487348280540585,0.23444174017597685,0.9121146325188342,0.21625,0.5199525478777562,3.2886786093917504,0.9724360767222092,0.9482974475445893,0.22908787105293205,0.254626280380513,1.19143725616454,-0.2705309429371577,-0.22903470189529748,-0.1807134175973931,-0.08487214698809324,0.12213416342945105,0.12876392709494655,0.14550215032416397,0.12358776721518616,-0.1251777148149812,-0.13124999999999998,-0.155076890603855,1.2160334003117712,0.032461802896526226,0.0608896654565555,-0.5417068152175789,0.010187615576191716,0.02482084469844792,-0.2705309429371577,-0.22903470189529748,-0.1807134175973931,-0.08487214698809324,0.12213416342945105,0.06642450000000001,-0.04160365530155209,-0.1916022148149812,0.0
23,공공AI 실패,0.45,0.0136,0.065,0.18,공공AI 실패,0.9,0.42,0.018,0.025,0.0,0.0,0.04,0.38,0.2650423513908541,0.24937133248124188,0.11085397296079069,1.0372923473338154,0.3475,0.6750294384816112,2.072645209079979,0.939974273825683,0.8874077820880338,0.770794686270511,0.24443866480432128,1.1666164114660922,0.0,0.0,0.0,0.0,0.0,0.4279718899039682,0.4219126816390614,0.2715872293948218,0.791445558960832,0.23125,0.4082560182808524,3.452426712267494,0.9485192005543192,0.9034903630697473,0.5673078199117956,0.2686121696973988,1.086534436104525,-0.48881992763781046,-0.4051511581391062,-0.3335242336393489,-0.19153039559638724,0.06648576462261455,0.1629295385131141,0.17254134915781955,0.16073325643403114,-0.24584678837298335,-0.11624999999999996,-0.26677342020075884,1.3797815031875147,0.00854492672863616,0.016082580981713446,-0.20348686635871538,0.02417350489307754,-0.08008197536156714,-0.48881992763781046,-0.4051511581391062,-0.3335242336393489,-0.19153039559638724,0.06648576462261455,0.015324899999999999,-0.09540687536156714,-0.2611716883729833,0.0
