C1,C1_NM,C1_NM_ENG,C1_OBJ_NM,C1_OBJ_NM_ENG,DT,ITM_ID,ITM_NM,ITM_NM_ENG,LST_CHN_DE,ORG_ID,PRD_DE,PRD_SE,TBL_ID,TBL_NM,UNIT_NM,UNIT_NM_ENG
01,A 농업 임업 및 어업,A Agriculture forestry and fishing,산업별,By industry,1429.3,T30,취업자,Employed persons,2026-01-27,101,201301,M,DT_1DA9003S,산업별 계절조정 취업자,천명,Thousand Person
01,A 농업 임업 및 어업,A Agriculture forestry and fishing,산업별,By industry,1459.5,T30,취업자,Employed persons,2026-01-27,101,201302,M,DT_1DA9003S,산업별 계절조정 취업자,천명,Thousand Person
01,A 농업 임업 및 어업,A Agriculture forestry and fishing,산업별,By industry,1491.7,T30,취업자,Employed persons,2026-01-27,101,201303,M,DT_1DA9003S,산업별 계절조정 취업자,천명,Thousand Person
01,A 농업 임업 및 어업,A Agriculture forestry and fishing,산업별,By industry,1510.7,T30,취업자,Employed persons,2026-01-27,101,201304,M,DT_1DA9003S,산업별 계절조정 취업자,천명,Thousand Person
01,A 농업 임업 및 어업,A Agriculture forestry and fishing,산업별,By industry,1523.4,T30,취업자,Employed persons,2026-01-27,101,201305,M,DT_1DA9003S,산업별 계절조정 취업자,천명,Thousand Person
01,A 농업 임업 및 어업,A Agriculture forestry and fishing,산업별,By industry,1531.5,T30,취업자,Employed persons,2026-01-27,101,201306,M,DT_1DA9003S,산업별 계절조정 취업자,천명,Thousand Person
01,A 농업 임업 및 어업,A Agriculture forestry and fishing,산업별,By industry,1541.3,T30,취업자,Employed persons,2026-01-27,101,201307,M,DT_1DA9003S,산업별 계절조정 취업자,천명,Thousand Person
01,A 농업 임업 및 어업,A Agriculture forestry and fishing,산업별,By industry,1549.7,T30,취업자,Employed persons,2026-01-27,101,201308,M,DT_1DA9003S,산업별 계절조정 취업자,천명,Thousand Person
01,A 농업 임업 및 어업,A Agriculture forestry and fishing,산업별,By industry,1548.7,T30,취업자,Employed persons,2026-01-27,101,201309,M,DT_1DA9003S,산업별 계절조정 취업자,천명,Thousand Person
01,A 농업 임업 및 어업,A Agriculture forestry and fishing,산업별,By industry,1562.1,T30,취업자,Employed persons,2026-01-27,101,201310,M,DT_1DA9003S,산업별 계절조정 취업자,천명,Thousand Person
01,A 농업 임업 및 어업,A Agriculture forestry and fishing,산업별,By industry,1494,T30,취업자,Employed persons,2026-01-27,101,201311,M,DT_1DA9003S,산업별 계절조정 취업자,천명,Thousand Person
01,A 농업 임업 및 어업,A Agriculture forestry and fishing,산업별,By industry,1447.4,T30,취업자,Employed persons,2026-01-27,101,201312,M,DT_1DA9003S,산업별 계절조정 취업자,천명,Thousand Person
01,A 농업 임업 및 어업,A Agriculture forestry and fishing,산업별,By industry,1481.1,T30,취업자,Employed persons,2026-01-27,101,201401,M,DT_1DA9003S,산업별 계절조정 취업자,천명,Thousand Person
01,A 농업 임업 및 어업,A Agriculture forestry and fishing,산업별,By industry,1489,T30,취업자,Employed persons,2026-01-27,101,201402,M,DT_1DA9003S,산업별 계절조정 취업자,천명,Thousand Person
01,A 농업 임업 및 어업,A Agriculture forestry and fishing,산업별,By industry,1442.7,T30,취업자,Employed persons,2026-01-27,101,201403,M,DT_1DA9003S,산업별 계절조정 취업자,천명,Thousand Person
01,A 농업 임업 및 어업,A Agriculture forestry and fishing,산업별,By industry,1482,T30,취업자,Employed persons,2026-01-27,101,201404,M,DT_1DA9003S,산업별 계절조정 취업자,천명,Thousand Person
01,A 농업 임업 및 어업,A Agriculture forestry and fishing,산업별,By industry,1474,T30,취업자,Employed persons,2026-01-27,101,201405,M,DT_1DA9003S,산업별 계절조정 취업자,천명,Thousand Person
01,A 농업 임업 및 어업,A Agriculture forestry and fishing,산업별,By industry,1465.2,T30,취업자,Employed persons,2026-01-27,101,201406,M,DT_1DA9003S,산업별 계절조정 취업자,천명,Thousand Person
01,A 농업 임업 및 어업,A Agriculture forestry and fishing,산업별,By industry,1446.4,T30,취업자,Employed persons,2026-01-27,101,201407,M,DT_1DA9003S,산업별 계절조정 취업자,천명,Thousand Person
01,A 농업 임업 및 어업,A Agriculture forestry and fishing,산업별,By industry,1440.9,T30,취업자,Employed persons,2026-01-27,101,201408,M,DT_1DA9003S,산업별 계절조정 취업자,천명,Thousand Person
01,A 농업 임업 및 어업,A Agriculture forestry and fishing,산업별,By industry,1439,T30,취업자,Employed persons,2026-01-27,101,201409,M,DT_1DA9003S,산업별 계절조정 취업자,천명,Thousand Person
01,A 농업 임업 및 어업,A Agriculture forestry and fishing,산업별,By industry,1437.9,T30,취업자,Employed persons,2026-01-27,101,201410,M,DT_1DA9003S,산업별 계절조정 취업자,천명,Thousand Person
01,A 농업 임업 및 어업,A Agriculture forestry and fishing,산업별,By industry,1419.4,T30,취업자,Employed persons,2026-01-27,101,201411,M,DT_1DA9003S,산업별 계절조정 취업자,천명,Thousand Person
01,A 농업 임업 및 어업,A Agriculture forestry and fishing,산업별,By industry,1333.2,T30,취업자,Employed persons,2026-01-27,101,201412,M,DT_1DA9003S,산업별 계절조정 취업자,천명,Thousand Person
01,A 농업 임업 및 어업,A Agriculture forestry and fishing,산업별,By industry,1336.4,T30,취업자,Employed persons,2026-01-27,101,201501,M,DT_1DA9003S,산업별 계절조정 취업자,천명,Thousand Person
01,A 농업 임업 및 어업,A Agriculture forestry and fishing,산업별,By industry,1370.1,T30,취업자,Employed persons,2026-01-27,101,201502,M,DT_1DA9003S,산업별 계절조정 취업자,천명,Thousand Person
01,A 농업 임업 및 어업,A Agriculture forestry and fishing,산업별,By industry,1368.3,T30,취업자,Employed persons,2026-01-27,101,201503,M,DT_1DA9003S,산업별 계절조정 취업자,천명,Thousand Person
01,A 농업 임업 및 어업,A Agriculture forestry and fishing,산업별,By industry,1353.9,T30,취업자,Employed persons,2026-01-27,101,201504,M,DT_1DA9003S,산업별 계절조정 취업자,천명,Thousand Person
01,A 농업 임업 및 어업,A Agriculture forestry and fishing,산업별,By industry,1366,T30,취업자,Employed persons,2026-01-27,101,201505,M,DT_1DA9003S,산업별 계절조정 취업자,천명,Thousand Person
01,A 농업 임업 및 어업,A Agriculture forestry and fishing,산업별,By industry,1358.3,T30,취업자,Employed persons,2026-01-27,101,201506,M,DT_1DA9003S,산업별 계절조정 취업자,천명,Thousand Person
01,A 농업 임업 및 어업,A Agriculture forestry and fishing,산업별,By industry,1363.7,T30,취업자,Employed persons,2026-01-27,101,201507,M,DT_1DA9003S,산업별 계절조정 취업자,천명,Thousand Person
01,A 농업 임업 및 어업,A Agriculture forestry and fishing,산업별,By industry,1335.6,T30,취업자,Employed persons,2026-01-27,101,201508,M,DT_1DA9003S,산업별 계절조정 취업자,천명,Thousand Person
01,A 농업 임업 및 어업,A Agriculture forestry and fishing,산업별,By industry,1331.9,T30,취업자,Employed persons,2026-01-27,101,201509,M,DT_1DA9003S,산업별 계절조정 취업자,천명,Thousand Person
01,A 농업 임업 및 어업,A Agriculture forestry and fishing,산업별,By industry,1325.4,T30,취업자,Employed persons,2026-01-27,101,201510,M,DT_1DA9003S,산업별 계절조정 취업자,천명,Thousand Person
01,A 농업 임업 및 어업,A Agriculture forestry and fishing,산업별,By industry,1257.8,T30,취업자,Employed persons,2026-01-27,101,201511,M,DT_1DA9003S,산업별 계절조정 취업자,천명,Thousand Person
01,A 농업 임업 및 어업,A Agriculture forestry and fishing,산업별,By industry,1285.7,T30,취업자,Employed persons,2026-01-27,101,201512,M,DT_1DA9003S,산업별 계절조정 취업자,천명,Thousand Person
01,A 농업 임업 및 어업,A Agriculture forestry and fishing,산업별,By industry,1215.4,T30,취업자,Employed persons,2026-01-27,101,201601,M,DT_1DA9003S,산업별 계절조정 취업자,천명,Thousand Person
01,A 농업 임업 및 어업,A Agriculture forestry and fishing,산업별,By industry,1272,T30,취업자,Employed persons,2026-01-27,101,201602,M,DT_1DA9003S,산업별 계절조정 취업자,천명,Thousand Person
01,A 농업 임업 및 어업,A Agriculture forestry and fishing,산업별,By industry,1328.5,T30,취업자,Employed persons,2026-01-27,101,201603,M,DT_1DA9003S,산업별 계절조정 취업자,천명,Thousand Person
01,A 농업 임업 및 어업,A Agriculture forestry and fishing,산업별,By industry,1292.2,T30,취업자,Employed persons,2026-01-27,101,201604,M,DT_1DA9003S,산업별 계절조정 취업자,천명,Thousand Person
01,A 농업 임업 및 어업,A Agriculture forestry and fishing,산업별,By industry,1273.9,T30,취업자,Employed persons,2026-01-27,101,201605,M,DT_1DA9003S,산업별 계절조정 취업자,천명,Thousand Person
01,A 농업 임업 및 어업,A Agriculture forestry and fishing,산업별,By industry,1269.7,T30,취업자,Employed persons,2026-01-27,101,201606,M,DT_1DA9003S,산업별 계절조정 취업자,천명,Thousand Person
01,A 농업 임업 및 어업,A Agriculture forestry and fishing,산업별,By industry,1259.6,T30,취업자,Employed persons,2026-01-27,101,201607,M,DT_1DA9003S,산업별 계절조정 취업자,천명,Thousand Person
01,A 농업 임업 및 어업,A Agriculture forestry and fishing,산업별,By industry,1273,T30,취업자,Employed persons,2026-01-27,101,201608,M,DT_1DA9003S,산업별 계절조정 취업자,천명,Thousand Person
01,A 농업 임업 및 어업,A Agriculture forestry and fishing,산업별,By industry,1271.9,T30,취업자,Employed persons,2026-01-27,101,201609,M,DT_1DA9003S,산업별 계절조정 취업자,천명,Thousand Person
01,A 농업 임업 및 어업,A Agriculture forestry and fishing,산업별,By industry,1282.5,T30,취업자,Employed persons,2026-01-27,101,201610,M,DT_1DA9003S,산업별 계절조정 취업자,천명,Thousand Person
01,A 농업 임업 및 어업,A Agriculture forestry and fishing,산업별,By industry,1283.9,T30,취업자,Employed persons,2026-01-27,101,201611,M,DT_1DA9003S,산업별 계절조정 취업자,천명,Thousand Person
01,A 농업 임업 및 어업,A Agriculture forestry and fishing,산업별,By industry,1239.4,T30,취업자,Employed persons,2026-01-27,101,201612,M,DT_1DA9003S,산업별 계절조정 취업자,천명,Thousand Person
01,A 농업 임업 및 어업,A Agriculture forestry and fishing,산업별,By industry,1186.3,T30,취업자,Employed persons,2026-01-27,101,201701,M,DT_1DA9003S,산업별 계절조정 취업자,천명,Thousand Person
01,A 농업 임업 및 어업,A Agriculture forestry and fishing,산업별,By industry,1242.4,T30,취업자,Employed persons,2026-01-27,101,201702,M,DT_1DA9003S,산업별 계절조정 취업자,천명,Thousand Person
01,A 농업 임업 및 어업,A Agriculture forestry and fishing,산업별,By industry,1264.2,T30,취업자,Employed persons,2026-01-27,101,201703,M,DT_1DA9003S,산업별 계절조정 취업자,천명,Thousand Person
01,A 농업 임업 및 어업,A Agriculture forestry and fishing,산업별,By industry,1280.2,T30,취업자,Employed persons,2026-01-27,101,201704,M,DT_1DA9003S,산업별 계절조정 취업자,천명,Thousand Person
01,A 농업 임업 및 어업,A Agriculture forestry and fishing,산업별,By industry,1279,T30,취업자,Employed persons,2026-01-27,101,201705,M,DT_1DA9003S,산업별 계절조정 취업자,천명,Thousand Person
01,A 농업 임업 및 어업,A Agriculture forestry and fishing,산업별,By industry,1292.6,T30,취업자,Employed persons,2026-01-27,101,201706,M,DT_1DA9003S,산업별 계절조정 취업자,천명,Thousand Person
01,A 농업 임업 및 어업,A Agriculture forestry and fishing,산업별,By industry,1283.2,T30,취업자,Employed persons,2026-01-27,101,201707,M,DT_1DA9003S,산업별 계절조정 취업자,천명,Thousand Person
01,A 농업 임업 및 어업,A Agriculture forestry and fishing,산업별,By industry,1291.3,T30,취업자,Employed persons,2026-01-27,101,201708,M,DT_1DA9003S,산업별 계절조정 취업자,천명,Thousand Person
01,A 농업 임업 및 어업,A Agriculture forestry and fishing,산업별,By industry,1301.9,T30,취업자,Employed persons,2026-01-27,101,201709,M,DT_1DA9003S,산업별 계절조정 취업자,천명,Thousand Person
01,A 농업 임업 및 어업,A Agriculture forestry and fishing,산업별,By industry,1301.6,T30,취업자,Employed persons,2026-01-27,101,201710,M,DT_1DA9003S,산업별 계절조정 취업자,천명,Thousand Person
01,A 농업 임업 및 어업,A Agriculture forestry and fishing,산업별,By industry,1292.5,T30,취업자,Employed persons,2026-01-27,101,201711,M,DT_1DA9003S,산업별 계절조정 취업자,천명,Thousand Person
01,A 농업 임업 및 어업,A Agriculture forestry and fishing,산업별,By industry,1302.9,T30,취업자,Employed persons,2026-01-27,101,201712,M,DT_1DA9003S,산업별 계절조정 취업자,천명,Thousand Person
01,A 농업 임업 및 어업,A Agriculture forestry and fishing,산업별,By industry,1289.9,T30,취업자,Employed persons,2026-01-27,101,201801,M,DT_1DA9003S,산업별 계절조정 취업자,천명,Thousand Person
01,A 농업 임업 및 어업,A Agriculture forestry and fishing,산업별,By industry,1275.4,T30,취업자,Employed persons,2026-01-27,101,201802,M,DT_1DA9003S,산업별 계절조정 취업자,천명,Thousand Person
01,A 농업 임업 및 어업,A Agriculture forestry and fishing,산업별,By industry,1285.9,T30,취업자,Employed persons,2026-01-27,101,201803,M,DT_1DA9003S,산업별 계절조정 취업자,천명,Thousand Person
01,A 농업 임업 및 어업,A Agriculture forestry and fishing,산업별,By industry,1337.9,T30,취업자,Employed persons,2026-01-27,101,201804,M,DT_1DA9003S,산업별 계절조정 취업자,천명,Thousand Person
01,A 농업 임업 및 어업,A Agriculture forestry and fishing,산업별,By industry,1341.9,T30,취업자,Employed persons,2026-01-27,101,201805,M,DT_1DA9003S,산업별 계절조정 취업자,천명,Thousand Person
01,A 농업 임업 및 어업,A Agriculture forestry and fishing,산업별,By industry,1337.4,T30,취업자,Employed persons,2026-01-27,101,201806,M,DT_1DA9003S,산업별 계절조정 취업자,천명,Thousand Person
01,A 농업 임업 및 어업,A Agriculture forestry and fishing,산업별,By industry,1342.6,T30,취업자,Employed persons,2026-01-27,101,201807,M,DT_1DA9003S,산업별 계절조정 취업자,천명,Thousand Person
01,A 농업 임업 및 어업,A Agriculture forestry and fishing,산업별,By industry,1358.8,T30,취업자,Employed persons,2026-01-27,101,201808,M,DT_1DA9003S,산업별 계절조정 취업자,천명,Thousand Person
01,A 농업 임업 및 어업,A Agriculture forestry and fishing,산업별,By industry,1359.7,T30,취업자,Employed persons,2026-01-27,101,201809,M,DT_1DA9003S,산업별 계절조정 취업자,천명,Thousand Person
01,A 농업 임업 및 어업,A Agriculture forestry and fishing,산업별,By industry,1358.4,T30,취업자,Employed persons,2026-01-27,101,201810,M,DT_1DA9003S,산업별 계절조정 취업자,천명,Thousand Person
01,A 농업 임업 및 어업,A Agriculture forestry and fishing,산업별,By industry,1381.5,T30,취업자,Employed persons,2026-01-27,101,201811,M,DT_1DA9003S,산업별 계절조정 취업자,천명,Thousand Person
01,A 농업 임업 및 어업,A Agriculture forestry and fishing,산업별,By industry,1397.2,T30,취업자,Employed persons,2026-01-27,101,201812,M,DT_1DA9003S,산업별 계절조정 취업자,천명,Thousand Person
01,A 농업 임업 및 어업,A Agriculture forestry and fishing,산업별,By industry,1407.4,T30,취업자,Employed persons,2026-01-27,101,201901,M,DT_1DA9003S,산업별 계절조정 취업자,천명,Thousand Person
01,A 농업 임업 및 어업,A Agriculture forestry and fishing,산업별,By industry,1403.2,T30,취업자,Employed persons,2026-01-27,101,201902,M,DT_1DA9003S,산업별 계절조정 취업자,천명,Thousand Person
01,A 농업 임업 및 어업,A Agriculture forestry and fishing,산업별,By industry,1365.6,T30,취업자,Employed persons,2026-01-27,101,201903,M,DT_1DA9003S,산업별 계절조정 취업자,천명,Thousand Person
01,A 농업 임업 및 어업,A Agriculture forestry and fishing,산업별,By industry,1357.1,T30,취업자,Employed persons,2026-01-27,101,201904,M,DT_1DA9003S,산업별 계절조정 취업자,천명,Thousand Person
01,A 농업 임업 및 어업,A Agriculture forestry and fishing,산업별,By industry,1363.9,T30,취업자,Employed persons,2026-01-27,101,201905,M,DT_1DA9003S,산업별 계절조정 취업자,천명,Thousand Person
01,A 농업 임업 및 어업,A Agriculture forestry and fishing,산업별,By industry,1367.2,T30,취업자,Employed persons,2026-01-27,101,201906,M,DT_1DA9003S,산업별 계절조정 취업자,천명,Thousand Person
01,A 농업 임업 및 어업,A Agriculture forestry and fishing,산업별,By industry,1396.3,T30,취업자,Employed persons,2026-01-27,101,201907,M,DT_1DA9003S,산업별 계절조정 취업자,천명,Thousand Person
01,A 농업 임업 및 어업,A Agriculture forestry and fishing,산업별,By industry,1413.9,T30,취업자,Employed persons,2026-01-27,101,201908,M,DT_1DA9003S,산업별 계절조정 취업자,천명,Thousand Person
01,A 농업 임업 및 어업,A Agriculture forestry and fishing,산업별,By industry,1422.4,T30,취업자,Employed persons,2026-01-27,101,201909,M,DT_1DA9003S,산업별 계절조정 취업자,천명,Thousand Person
01,A 농업 임업 및 어업,A Agriculture forestry and fishing,산업별,By industry,1416.8,T30,취업자,Employed persons,2026-01-27,101,201910,M,DT_1DA9003S,산업별 계절조정 취업자,천명,Thousand Person
01,A 농업 임업 및 어업,A Agriculture forestry and fishing,산업별,By industry,1410.3,T30,취업자,Employed persons,2026-01-27,101,201911,M,DT_1DA9003S,산업별 계절조정 취업자,천명,Thousand Person
01,A 농업 임업 및 어업,A Agriculture forestry and fishing,산업별,By industry,1435.4,T30,취업자,Employed persons,2026-01-27,101,201912,M,DT_1DA9003S,산업별 계절조정 취업자,천명,Thousand Person
01,A 농업 임업 및 어업,A Agriculture forestry and fishing,산업별,By industry,1488,T30,취업자,Employed persons,2026-01-27,101,202001,M,DT_1DA9003S,산업별 계절조정 취업자,천명,Thousand Person
01,A 농업 임업 및 어업,A Agriculture forestry and fishing,산업별,By industry,1482.6,T30,취업자,Employed persons,2026-01-27,101,202002,M,DT_1DA9003S,산업별 계절조정 취업자,천명,Thousand Person
01,A 농업 임업 및 어업,A Agriculture forestry and fishing,산업별,By industry,1504.1,T30,취업자,Employed persons,2026-01-27,101,202003,M,DT_1DA9003S,산업별 계절조정 취업자,천명,Thousand Person
01,A 농업 임업 및 어업,A Agriculture forestry and fishing,산업별,By industry,1435.4,T30,취업자,Employed persons,2026-01-27,101,202004,M,DT_1DA9003S,산업별 계절조정 취업자,천명,Thousand Person
01,A 농업 임업 및 어업,A Agriculture forestry and fishing,산업별,By industry,1418.9,T30,취업자,Employed persons,2026-01-27,101,202005,M,DT_1DA9003S,산업별 계절조정 취업자,천명,Thousand Person
01,A 농업 임업 및 어업,A Agriculture forestry and fishing,산업별,By industry,1422.5,T30,취업자,Employed persons,2026-01-27,101,202006,M,DT_1DA9003S,산업별 계절조정 취업자,천명,Thousand Person
01,A 농업 임업 및 어업,A Agriculture forestry and fishing,산업별,By industry,1433.1,T30,취업자,Employed persons,2026-01-27,101,202007,M,DT_1DA9003S,산업별 계절조정 취업자,천명,Thousand Person
01,A 농업 임업 및 어업,A Agriculture forestry and fishing,산업별,By industry,1415,T30,취업자,Employed persons,2026-01-27,101,202008,M,DT_1DA9003S,산업별 계절조정 취업자,천명,Thousand Person
01,A 농업 임업 및 어업,A Agriculture forestry and fishing,산업별,By industry,1423.8,T30,취업자,Employed persons,2026-01-27,101,202009,M,DT_1DA9003S,산업별 계절조정 취업자,천명,Thousand Person
01,A 농업 임업 및 어업,A Agriculture forestry and fishing,산업별,By industry,1441.4,T30,취업자,Employed persons,2026-01-27,101,202010,M,DT_1DA9003S,산업별 계절조정 취업자,천명,Thousand Person
01,A 농업 임업 및 어업,A Agriculture forestry and fishing,산업별,By industry,1432.7,T30,취업자,Employed persons,2026-01-27,101,202011,M,DT_1DA9003S,산업별 계절조정 취업자,천명,Thousand Person
01,A 농업 임업 및 어업,A Agriculture forestry and fishing,산업별,By industry,1490.4,T30,취업자,Employed persons,2026-01-27,101,202012,M,DT_1DA9003S,산업별 계절조정 취업자,천명,Thousand Person
01,A 농업 임업 및 어업,A Agriculture forestry and fishing,산업별,By industry,1453.4,T30,취업자,Employed persons,2026-01-27,101,202101,M,DT_1DA9003S,산업별 계절조정 취업자,천명,Thousand Person
01,A 농업 임업 및 어업,A Agriculture forestry and fishing,산업별,By industry,1508.8,T30,취업자,Employed persons,2026-01-27,101,202102,M,DT_1DA9003S,산업별 계절조정 취업자,천명,Thousand Person
01,A 농업 임업 및 어업,A Agriculture forestry and fishing,산업별,By industry,1471.7,T30,취업자,Employed persons,2026-01-27,101,202103,M,DT_1DA9003S,산업별 계절조정 취업자,천명,Thousand Person
01,A 농업 임업 및 어업,A Agriculture forestry and fishing,산업별,By industry,1438.4,T30,취업자,Employed persons,2026-01-27,101,202104,M,DT_1DA9003S,산업별 계절조정 취업자,천명,Thousand Person
01,A 농업 임업 및 어업,A Agriculture forestry and fishing,산업별,By industry,1421.1,T30,취업자,Employed persons,2026-01-27,101,202105,M,DT_1DA9003S,산업별 계절조정 취업자,천명,Thousand Person
01,A 농업 임업 및 어업,A Agriculture forestry and fishing,산업별,By industry,1443.6,T30,취업자,Employed persons,2026-01-27,101,202106,M,DT_1DA9003S,산업별 계절조정 취업자,천명,Thousand Person
01,A 농업 임업 및 어업,A Agriculture forestry and fishing,산업별,By industry,1448.3,T30,취업자,Employed persons,2026-01-27,101,202107,M,DT_1DA9003S,산업별 계절조정 취업자,천명,Thousand Person
01,A 농업 임업 및 어업,A Agriculture forestry and fishing,산업별,By industry,1451.4,T30,취업자,Employed persons,2026-01-27,101,202108,M,DT_1DA9003S,산업별 계절조정 취업자,천명,Thousand Person
01,A 농업 임업 및 어업,A Agriculture forestry and fishing,산업별,By industry,1447,T30,취업자,Employed persons,2026-01-27,101,202109,M,DT_1DA9003S,산업별 계절조정 취업자,천명,Thousand Person
01,A 농업 임업 및 어업,A Agriculture forestry and fishing,산업별,By industry,1463.1,T30,취업자,Employed persons,2026-01-27,101,202110,M,DT_1DA9003S,산업별 계절조정 취업자,천명,Thousand Person
01,A 농업 임업 및 어업,A Agriculture forestry and fishing,산업별,By industry,1461.5,T30,취업자,Employed persons,2026-01-27,101,202111,M,DT_1DA9003S,산업별 계절조정 취업자,천명,Thousand Person
01,A 농업 임업 및 어업,A Agriculture forestry and fishing,산업별,By industry,1520.3,T30,취업자,Employed persons,2026-01-27,101,202112,M,DT_1DA9003S,산업별 계절조정 취업자,천명,Thousand Person
01,A 농업 임업 및 어업,A Agriculture forestry and fishing,산업별,By industry,1550.7,T30,취업자,Employed persons,2026-01-27,101,202201,M,DT_1DA9003S,산업별 계절조정 취업자,천명,Thousand Person
01,A 농업 임업 및 어업,A Agriculture forestry and fishing,산업별,By industry,1561.4,T30,취업자,Employed persons,2026-01-27,101,202202,M,DT_1DA9003S,산업별 계절조정 취업자,천명,Thousand Person
01,A 농업 임업 및 어업,A Agriculture forestry and fishing,산업별,By industry,1506.9,T30,취업자,Employed persons,2026-01-27,101,202203,M,DT_1DA9003S,산업별 계절조정 취업자,천명,Thousand Person
01,A 농업 임업 및 어업,A Agriculture forestry and fishing,산업별,By industry,1508.4,T30,취업자,Employed persons,2026-01-27,101,202204,M,DT_1DA9003S,산업별 계절조정 취업자,천명,Thousand Person
01,A 농업 임업 및 어업,A Agriculture forestry and fishing,산업별,By industry,1537.7,T30,취업자,Employed persons,2026-01-27,101,202205,M,DT_1DA9003S,산업별 계절조정 취업자,천명,Thousand Person
01,A 농업 임업 및 어업,A Agriculture forestry and fishing,산업별,By industry,1529,T30,취업자,Employed persons,2026-01-27,101,202206,M,DT_1DA9003S,산업별 계절조정 취업자,천명,Thousand Person
01,A 농업 임업 및 어업,A Agriculture forestry and fishing,산업별,By industry,1539.7,T30,취업자,Employed persons,2026-01-27,101,202207,M,DT_1DA9003S,산업별 계절조정 취업자,천명,Thousand Person
01,A 농업 임업 및 어업,A Agriculture forestry and fishing,산업별,By industry,1535.9,T30,취업자,Employed persons,2026-01-27,101,202208,M,DT_1DA9003S,산업별 계절조정 취업자,천명,Thousand Person
01,A 농업 임업 및 어업,A Agriculture forestry and fishing,산업별,By industry,1525.6,T30,취업자,Employed persons,2026-01-27,101,202209,M,DT_1DA9003S,산업별 계절조정 취업자,천명,Thousand Person
01,A 농업 임업 및 어업,A Agriculture forestry and fishing,산업별,By industry,1507.7,T30,취업자,Employed persons,2026-01-27,101,202210,M,DT_1DA9003S,산업별 계절조정 취업자,천명,Thousand Person
01,A 농업 임업 및 어업,A Agriculture forestry and fishing,산업별,By industry,1516.3,T30,취업자,Employed persons,2026-01-27,101,202211,M,DT_1DA9003S,산업별 계절조정 취업자,천명,Thousand Person
01,A 농업 임업 및 어업,A Agriculture forestry and fishing,산업별,By industry,1495.6,T30,취업자,Employed persons,2026-01-27,101,202212,M,DT_1DA9003S,산업별 계절조정 취업자,천명,Thousand Person
01,A 농업 임업 및 어업,A Agriculture forestry and fishing,산업별,By industry,1482.5,T30,취업자,Employed persons,2026-01-27,101,202301,M,DT_1DA9003S,산업별 계절조정 취업자,천명,Thousand Person
01,A 농업 임업 및 어업,A Agriculture forestry and fishing,산업별,By industry,1505,T30,취업자,Employed persons,2026-01-27,101,202302,M,DT_1DA9003S,산업별 계절조정 취업자,천명,Thousand Person
01,A 농업 임업 및 어업,A Agriculture forestry and fishing,산업별,By industry,1540.9,T30,취업자,Employed persons,2026-01-27,101,202303,M,DT_1DA9003S,산업별 계절조정 취업자,천명,Thousand Person
01,A 농업 임업 및 어업,A Agriculture forestry and fishing,산업별,By industry,1521.1,T30,취업자,Employed persons,2026-01-27,101,202304,M,DT_1DA9003S,산업별 계절조정 취업자,천명,Thousand Person
01,A 농업 임업 및 어업,A Agriculture forestry and fishing,산업별,By industry,1526.5,T30,취업자,Employed persons,2026-01-27,101,202305,M,DT_1DA9003S,산업별 계절조정 취업자,천명,Thousand Person
01,A 농업 임업 및 어업,A Agriculture forestry and fishing,산업별,By industry,1521,T30,취업자,Employed persons,2026-01-27,101,202306,M,DT_1DA9003S,산업별 계절조정 취업자,천명,Thousand Person
01,A 농업 임업 및 어업,A Agriculture forestry and fishing,산업별,By industry,1504.9,T30,취업자,Employed persons,2026-01-27,101,202307,M,DT_1DA9003S,산업별 계절조정 취업자,천명,Thousand Person
01,A 농업 임업 및 어업,A Agriculture forestry and fishing,산업별,By industry,1519.1,T30,취업자,Employed persons,2026-01-27,101,202308,M,DT_1DA9003S,산업별 계절조정 취업자,천명,Thousand Person
01,A 농업 임업 및 어업,A Agriculture forestry and fishing,산업별,By industry,1522.2,T30,취업자,Employed persons,2026-01-27,101,202309,M,DT_1DA9003S,산업별 계절조정 취업자,천명,Thousand Person
01,A 농업 임업 및 어업,A Agriculture forestry and fishing,산업별,By industry,1524.5,T30,취업자,Employed persons,2026-01-27,101,202310,M,DT_1DA9003S,산업별 계절조정 취업자,천명,Thousand Person
01,A 농업 임업 및 어업,A Agriculture forestry and fishing,산업별,By industry,1509.8,T30,취업자,Employed persons,2026-01-27,101,202311,M,DT_1DA9003S,산업별 계절조정 취업자,천명,Thousand Person
01,A 농업 임업 및 어업,A Agriculture forestry and fishing,산업별,By industry,1460.1,T30,취업자,Employed persons,2026-01-27,101,202312,M,DT_1DA9003S,산업별 계절조정 취업자,천명,Thousand Person
01,A 농업 임업 및 어업,A Agriculture forestry and fishing,산업별,By industry,1468.3,T30,취업자,Employed persons,2026-01-27,101,202401,M,DT_1DA9003S,산업별 계절조정 취업자,천명,Thousand Person
01,A 농업 임업 및 어업,A Agriculture forestry and fishing,산업별,By industry,1464.5,T30,취업자,Employed persons,2026-01-27,101,202402,M,DT_1DA9003S,산업별 계절조정 취업자,천명,Thousand Person
01,A 농업 임업 및 어업,A Agriculture forestry and fishing,산업별,By industry,1490.6,T30,취업자,Employed persons,2026-01-27,101,202403,M,DT_1DA9003S,산업별 계절조정 취업자,천명,Thousand Person
01,A 농업 임업 및 어업,A Agriculture forestry and fishing,산업별,By industry,1525.6,T30,취업자,Employed persons,2026-01-27,101,202404,M,DT_1DA9003S,산업별 계절조정 취업자,천명,Thousand Person
01,A 농업 임업 및 어업,A Agriculture forestry and fishing,산업별,By industry,1498,T30,취업자,Employed persons,2026-01-27,101,202405,M,DT_1DA9003S,산업별 계절조정 취업자,천명,Thousand Person
01,A 농업 임업 및 어업,A Agriculture forestry and fishing,산업별,By industry,1494.5,T30,취업자,Employed persons,2026-01-27,101,202406,M,DT_1DA9003S,산업별 계절조정 취업자,천명,Thousand Person
01,A 농업 임업 및 어업,A Agriculture forestry and fishing,산업별,By industry,1483.5,T30,취업자,Employed persons,2026-01-27,101,202407,M,DT_1DA9003S,산업별 계절조정 취업자,천명,Thousand Person
01,A 농업 임업 및 어업,A Agriculture forestry and fishing,산업별,By industry,1482,T30,취업자,Employed persons,2026-01-27,101,202408,M,DT_1DA9003S,산업별 계절조정 취업자,천명,Thousand Person
01,A 농업 임업 및 어업,A Agriculture forestry and fishing,산업별,By industry,1482.5,T30,취업자,Employed persons,2026-01-27,101,202409,M,DT_1DA9003S,산업별 계절조정 취업자,천명,Thousand Person
01,A 농업 임업 및 어업,A Agriculture forestry and fishing,산업별,By industry,1463.3,T30,취업자,Employed persons,2026-01-27,101,202410,M,DT_1DA9003S,산업별 계절조정 취업자,천명,Thousand Person
01,A 농업 임업 및 어업,A Agriculture forestry and fishing,산업별,By industry,1473.3,T30,취업자,Employed persons,2026-01-27,101,202411,M,DT_1DA9003S,산업별 계절조정 취업자,천명,Thousand Person
01,A 농업 임업 및 어업,A Agriculture forestry and fishing,산업별,By industry,1485.1,T30,취업자,Employed persons,2026-01-27,101,202412,M,DT_1DA9003S,산업별 계절조정 취업자,천명,Thousand Person
01,A 농업 임업 및 어업,A Agriculture forestry and fishing,산업별,By industry,1473.4,T30,취업자,Employed persons,2026-01-27,101,202501,M,DT_1DA9003S,산업별 계절조정 취업자,천명,Thousand Person
01,A 농업 임업 및 어업,A Agriculture forestry and fishing,산업별,By industry,1442.6,T30,취업자,Employed persons,2026-01-27,101,202502,M,DT_1DA9003S,산업별 계절조정 취업자,천명,Thousand Person
01,A 농업 임업 및 어업,A Agriculture forestry and fishing,산업별,By industry,1409,T30,취업자,Employed persons,2026-01-27,101,202503,M,DT_1DA9003S,산업별 계절조정 취업자,천명,Thousand Person
01,A 농업 임업 및 어업,A Agriculture forestry and fishing,산업별,By industry,1393.9,T30,취업자,Employed persons,2026-01-27,101,202504,M,DT_1DA9003S,산업별 계절조정 취업자,천명,Thousand Person
01,A 농업 임업 및 어업,A Agriculture forestry and fishing,산업별,By industry,1375,T30,취업자,Employed persons,2026-01-27,101,202505,M,DT_1DA9003S,산업별 계절조정 취업자,천명,Thousand Person
01,A 농업 임업 및 어업,A Agriculture forestry and fishing,산업별,By industry,1366.9,T30,취업자,Employed persons,2026-01-27,101,202506,M,DT_1DA9003S,산업별 계절조정 취업자,천명,Thousand Person
01,A 농업 임업 및 어업,A Agriculture forestry and fishing,산업별,By industry,1366,T30,취업자,Employed persons,2026-01-27,101,202507,M,DT_1DA9003S,산업별 계절조정 취업자,천명,Thousand Person
01,A 농업 임업 및 어업,A Agriculture forestry and fishing,산업별,By industry,1354.9,T30,취업자,Employed persons,2026-01-27,101,202508,M,DT_1DA9003S,산업별 계절조정 취업자,천명,Thousand Person
01,A 농업 임업 및 어업,A Agriculture forestry and fishing,산업별,By industry,1347.2,T30,취업자,Employed persons,2026-01-27,101,202509,M,DT_1DA9003S,산업별 계절조정 취업자,천명,Thousand Person
01,A 농업 임업 및 어업,A Agriculture forestry and fishing,산업별,By industry,1349.1,T30,취업자,Employed persons,2026-01-27,101,202510,M,DT_1DA9003S,산업별 계절조정 취업자,천명,Thousand Person
01,A 농업 임업 및 어업,A Agriculture forestry and fishing,산업별,By industry,1345.3,T30,취업자,Employed persons,2026-01-27,101,202511,M,DT_1DA9003S,산업별 계절조정 취업자,천명,Thousand Person
01,A 농업 임업 및 어업,A Agriculture forestry and fishing,산업별,By industry,1348.8,T30,취업자,Employed persons,2026-01-27,101,202512,M,DT_1DA9003S,산업별 계절조정 취업자,천명,Thousand Person
05,B 광업,B Mining and quarrying,산업별,By industry,15.3,T30,취업자,Employed persons,2026-01-27,101,201301,M,DT_1DA9003S,산업별 계절조정 취업자,천명,Thousand Person
05,B 광업,B Mining and quarrying,산업별,By industry,15,T30,취업자,Employed persons,2026-01-27,101,201302,M,DT_1DA9003S,산업별 계절조정 취업자,천명,Thousand Person
05,B 광업,B Mining and quarrying,산업별,By industry,16.1,T30,취업자,Employed persons,2026-01-27,101,201303,M,DT_1DA9003S,산업별 계절조정 취업자,천명,Thousand Person
05,B 광업,B Mining and quarrying,산업별,By industry,16.7,T30,취업자,Employed persons,2026-01-27,101,201304,M,DT_1DA9003S,산업별 계절조정 취업자,천명,Thousand Person
05,B 광업,B Mining and quarrying,산업별,By industry,15.9,T30,취업자,Employed persons,2026-01-27,101,201305,M,DT_1DA9003S,산업별 계절조정 취업자,천명,Thousand Person
05,B 광업,B Mining and quarrying,산업별,By industry,15.2,T30,취업자,Employed persons,2026-01-27,101,201306,M,DT_1DA9003S,산업별 계절조정 취업자,천명,Thousand Person
05,B 광업,B Mining and quarrying,산업별,By industry,14.9,T30,취업자,Employed persons,2026-01-27,101,201307,M,DT_1DA9003S,산업별 계절조정 취업자,천명,Thousand Person
05,B 광업,B Mining and quarrying,산업별,By industry,15.5,T30,취업자,Employed persons,2026-01-27,101,201308,M,DT_1DA9003S,산업별 계절조정 취업자,천명,Thousand Person
05,B 광업,B Mining and quarrying,산업별,By industry,15.3,T30,취업자,Employed persons,2026-01-27,101,201309,M,DT_1DA9003S,산업별 계절조정 취업자,천명,Thousand Person
05,B 광업,B Mining and quarrying,산업별,By industry,15.2,T30,취업자,Employed persons,2026-01-27,101,201310,M,DT_1DA9003S,산업별 계절조정 취업자,천명,Thousand Person
05,B 광업,B Mining and quarrying,산업별,By industry,15,T30,취업자,Employed persons,2026-01-27,101,201311,M,DT_1DA9003S,산업별 계절조정 취업자,천명,Thousand Person
05,B 광업,B Mining and quarrying,산업별,By industry,16.2,T30,취업자,Employed persons,2026-01-27,101,201312,M,DT_1DA9003S,산업별 계절조정 취업자,천명,Thousand Person
05,B 광업,B Mining and quarrying,산업별,By industry,16.4,T30,취업자,Employed persons,2026-01-27,101,201401,M,DT_1DA9003S,산업별 계절조정 취업자,천명,Thousand Person
05,B 광업,B Mining and quarrying,산업별,By industry,14.7,T30,취업자,Employed persons,2026-01-27,101,201402,M,DT_1DA9003S,산업별 계절조정 취업자,천명,Thousand Person
05,B 광업,B Mining and quarrying,산업별,By industry,13.3,T30,취업자,Employed persons,2026-01-27,101,201403,M,DT_1DA9003S,산업별 계절조정 취업자,천명,Thousand Person
05,B 광업,B Mining and quarrying,산업별,By industry,13.4,T30,취업자,Employed persons,2026-01-27,101,201404,M,DT_1DA9003S,산업별 계절조정 취업자,천명,Thousand Person
05,B 광업,B Mining and quarrying,산업별,By industry,15.2,T30,취업자,Employed persons,2026-01-27,101,201405,M,DT_1DA9003S,산업별 계절조정 취업자,천명,Thousand Person
05,B 광업,B Mining and quarrying,산업별,By industry,13.9,T30,취업자,Employed persons,2026-01-27,101,201406,M,DT_1DA9003S,산업별 계절조정 취업자,천명,Thousand Person
05,B 광업,B Mining and quarrying,산업별,By industry,13.9,T30,취업자,Employed persons,2026-01-27,101,201407,M,DT_1DA9003S,산업별 계절조정 취업자,천명,Thousand Person
05,B 광업,B Mining and quarrying,산업별,By industry,13.3,T30,취업자,Employed persons,2026-01-27,101,201408,M,DT_1DA9003S,산업별 계절조정 취업자,천명,Thousand Person
05,B 광업,B Mining and quarrying,산업별,By industry,12.4,T30,취업자,Employed persons,2026-01-27,101,201409,M,DT_1DA9003S,산업별 계절조정 취업자,천명,Thousand Person
05,B 광업,B Mining and quarrying,산업별,By industry,8.9,T30,취업자,Employed persons,2026-01-27,101,201410,M,DT_1DA9003S,산업별 계절조정 취업자,천명,Thousand Person
05,B 광업,B Mining and quarrying,산업별,By industry,9,T30,취업자,Employed persons,2026-01-27,101,201411,M,DT_1DA9003S,산업별 계절조정 취업자,천명,Thousand Person
05,B 광업,B Mining and quarrying,산업별,By industry,9.1,T30,취업자,Employed persons,2026-01-27,101,201412,M,DT_1DA9003S,산업별 계절조정 취업자,천명,Thousand Person
05,B 광업,B Mining and quarrying,산업별,By industry,8.9,T30,취업자,Employed persons,2026-01-27,101,201501,M,DT_1DA9003S,산업별 계절조정 취업자,천명,Thousand Person
05,B 광업,B Mining and quarrying,산업별,By industry,9.8,T30,취업자,Employed persons,2026-01-27,101,201502,M,DT_1DA9003S,산업별 계절조정 취업자,천명,Thousand Person
05,B 광업,B Mining and quarrying,산업별,By industry,10.6,T30,취업자,Employed persons,2026-01-27,101,201503,M,DT_1DA9003S,산업별 계절조정 취업자,천명,Thousand Person
05,B 광업,B Mining and quarrying,산업별,By industry,12.6,T30,취업자,Employed persons,2026-01-27,101,201504,M,DT_1DA9003S,산업별 계절조정 취업자,천명,Thousand Person
05,B 광업,B Mining and quarrying,산업별,By industry,12.7,T30,취업자,Employed persons,2026-01-27,101,201505,M,DT_1DA9003S,산업별 계절조정 취업자,천명,Thousand Person
05,B 광업,B Mining and quarrying,산업별,By industry,13.7,T30,취업자,Employed persons,2026-01-27,101,201506,M,DT_1DA9003S,산업별 계절조정 취업자,천명,Thousand Person
05,B 광업,B Mining and quarrying,산업별,By industry,14.4,T30,취업자,Employed persons,2026-01-27,101,201507,M,DT_1DA9003S,산업별 계절조정 취업자,천명,Thousand Person
05,B 광업,B Mining and quarrying,산업별,By industry,15.2,T30,취업자,Employed persons,2026-01-27,101,201508,M,DT_1DA9003S,산업별 계절조정 취업자,천명,Thousand Person
05,B 광업,B Mining and quarrying,산업별,By industry,14.9,T30,취업자,Employed persons,2026-01-27,101,201509,M,DT_1DA9003S,산업별 계절조정 취업자,천명,Thousand Person
05,B 광업,B Mining and quarrying,산업별,By industry,16,T30,취업자,Employed persons,2026-01-27,101,201510,M,DT_1DA9003S,산업별 계절조정 취업자,천명,Thousand Person
05,B 광업,B Mining and quarrying,산업별,By industry,17.9,T30,취업자,Employed persons,2026-01-27,101,201511,M,DT_1DA9003S,산업별 계절조정 취업자,천명,Thousand Person
05,B 광업,B Mining and quarrying,산업별,By industry,16.5,T30,취업자,Employed persons,2026-01-27,101,201512,M,DT_1DA9003S,산업별 계절조정 취업자,천명,Thousand Person
05,B 광업,B Mining and quarrying,산업별,By industry,16.3,T30,취업자,Employed persons,2026-01-27,101,201601,M,DT_1DA9003S,산업별 계절조정 취업자,천명,Thousand Person
05,B 광업,B Mining and quarrying,산업별,By industry,17.4,T30,취업자,Employed persons,2026-01-27,101,201602,M,DT_1DA9003S,산업별 계절조정 취업자,천명,Thousand Person
05,B 광업,B Mining and quarrying,산업별,By industry,18.5,T30,취업자,Employed persons,2026-01-27,101,201603,M,DT_1DA9003S,산업별 계절조정 취업자,천명,Thousand Person
05,B 광업,B Mining and quarrying,산업별,By industry,17.4,T30,취업자,Employed persons,2026-01-27,101,201604,M,DT_1DA9003S,산업별 계절조정 취업자,천명,Thousand Person
05,B 광업,B Mining and quarrying,산업별,By industry,17.9,T30,취업자,Employed persons,2026-01-27,101,201605,M,DT_1DA9003S,산업별 계절조정 취업자,천명,Thousand Person
05,B 광업,B Mining and quarrying,산업별,By industry,18.3,T30,취업자,Employed persons,2026-01-27,101,201606,M,DT_1DA9003S,산업별 계절조정 취업자,천명,Thousand Person
05,B 광업,B Mining and quarrying,산업별,By industry,19.9,T30,취업자,Employed persons,2026-01-27,101,201607,M,DT_1DA9003S,산업별 계절조정 취업자,천명,Thousand Person
05,B 광업,B Mining and quarrying,산업별,By industry,19.1,T30,취업자,Employed persons,2026-01-27,101,201608,M,DT_1DA9003S,산업별 계절조정 취업자,천명,Thousand Person
05,B 광업,B Mining and quarrying,산업별,By industry,20.2,T30,취업자,Employed persons,2026-01-27,101,201609,M,DT_1DA9003S,산업별 계절조정 취업자,천명,Thousand Person
05,B 광업,B Mining and quarrying,산업별,By industry,21.4,T30,취업자,Employed persons,2026-01-27,101,201610,M,DT_1DA9003S,산업별 계절조정 취업자,천명,Thousand Person
05,B 광업,B Mining and quarrying,산업별,By industry,21.4,T30,취업자,Employed persons,2026-01-27,101,201611,M,DT_1DA9003S,산업별 계절조정 취업자,천명,Thousand Person
05,B 광업,B Mining and quarrying,산업별,By industry,20.6,T30,취업자,Employed persons,2026-01-27,101,201612,M,DT_1DA9003S,산업별 계절조정 취업자,천명,Thousand Person
05,B 광업,B Mining and quarrying,산업별,By industry,20.8,T30,취업자,Employed persons,2026-01-27,101,201701,M,DT_1DA9003S,산업별 계절조정 취업자,천명,Thousand Person
05,B 광업,B Mining and quarrying,산업별,By industry,21.6,T30,취업자,Employed persons,2026-01-27,101,201702,M,DT_1DA9003S,산업별 계절조정 취업자,천명,Thousand Person
05,B 광업,B Mining and quarrying,산업별,By industry,20.4,T30,취업자,Employed persons,2026-01-27,101,201703,M,DT_1DA9003S,산업별 계절조정 취업자,천명,Thousand Person
05,B 광업,B Mining and quarrying,산업별,By industry,20,T30,취업자,Employed persons,2026-01-27,101,201704,M,DT_1DA9003S,산업별 계절조정 취업자,천명,Thousand Person
05,B 광업,B Mining and quarrying,산업별,By industry,22.3,T30,취업자,Employed persons,2026-01-27,101,201705,M,DT_1DA9003S,산업별 계절조정 취업자,천명,Thousand Person
05,B 광업,B Mining and quarrying,산업별,By industry,22.8,T30,취업자,Employed persons,2026-01-27,101,201706,M,DT_1DA9003S,산업별 계절조정 취업자,천명,Thousand Person
05,B 광업,B Mining and quarrying,산업별,By industry,24.6,T30,취업자,Employed persons,2026-01-27,101,201707,M,DT_1DA9003S,산업별 계절조정 취업자,천명,Thousand Person
05,B 광업,B Mining and quarrying,산업별,By industry,24.7,T30,취업자,Employed persons,2026-01-27,101,201708,M,DT_1DA9003S,산업별 계절조정 취업자,천명,Thousand Person
05,B 광업,B Mining and quarrying,산업별,By industry,25.3,T30,취업자,Employed persons,2026-01-27,101,201709,M,DT_1DA9003S,산업별 계절조정 취업자,천명,Thousand Person
05,B 광업,B Mining and quarrying,산업별,By industry,24,T30,취업자,Employed persons,2026-01-27,101,201710,M,DT_1DA9003S,산업별 계절조정 취업자,천명,Thousand Person
05,B 광업,B Mining and quarrying,산업별,By industry,23,T30,취업자,Employed persons,2026-01-27,101,201711,M,DT_1DA9003S,산업별 계절조정 취업자,천명,Thousand Person
05,B 광업,B Mining and quarrying,산업별,By industry,22.8,T30,취업자,Employed persons,2026-01-27,101,201712,M,DT_1DA9003S,산업별 계절조정 취업자,천명,Thousand Person
05,B 광업,B Mining and quarrying,산업별,By industry,21.2,T30,취업자,Employed persons,2026-01-27,101,201801,M,DT_1DA9003S,산업별 계절조정 취업자,천명,Thousand Person
05,B 광업,B Mining and quarrying,산업별,By industry,21.3,T30,취업자,Employed persons,2026-01-27,101,201802,M,DT_1DA9003S,산업별 계절조정 취업자,천명,Thousand Person
05,B 광업,B Mining and quarrying,산업별,By industry,21.9,T30,취업자,Employed persons,2026-01-27,101,201803,M,DT_1DA9003S,산업별 계절조정 취업자,천명,Thousand Person
05,B 광업,B Mining and quarrying,산업별,By industry,20.9,T30,취업자,Employed persons,2026-01-27,101,201804,M,DT_1DA9003S,산업별 계절조정 취업자,천명,Thousand Person
05,B 광업,B Mining and quarrying,산업별,By industry,20.2,T30,취업자,Employed persons,2026-01-27,101,201805,M,DT_1DA9003S,산업별 계절조정 취업자,천명,Thousand Person
05,B 광업,B Mining and quarrying,산업별,By industry,19.9,T30,취업자,Employed persons,2026-01-27,101,201806,M,DT_1DA9003S,산업별 계절조정 취업자,천명,Thousand Person
05,B 광업,B Mining and quarrying,산업별,By industry,18.2,T30,취업자,Employed persons,2026-01-27,101,201807,M,DT_1DA9003S,산업별 계절조정 취업자,천명,Thousand Person
05,B 광업,B Mining and quarrying,산업별,By industry,18.5,T30,취업자,Employed persons,2026-01-27,101,201808,M,DT_1DA9003S,산업별 계절조정 취업자,천명,Thousand Person
05,B 광업,B Mining and quarrying,산업별,By industry,17.2,T30,취업자,Employed persons,2026-01-27,101,201809,M,DT_1DA9003S,산업별 계절조정 취업자,천명,Thousand Person
05,B 광업,B Mining and quarrying,산업별,By industry,15.5,T30,취업자,Employed persons,2026-01-27,101,201810,M,DT_1DA9003S,산업별 계절조정 취업자,천명,Thousand Person
05,B 광업,B Mining and quarrying,산업별,By industry,15.7,T30,취업자,Employed persons,2026-01-27,101,201811,M,DT_1DA9003S,산업별 계절조정 취업자,천명,Thousand Person
05,B 광업,B Mining and quarrying,산업별,By industry,16.1,T30,취업자,Employed persons,2026-01-27,101,201812,M,DT_1DA9003S,산업별 계절조정 취업자,천명,Thousand Person
05,B 광업,B Mining and quarrying,산업별,By industry,15.9,T30,취업자,Employed persons,2026-01-27,101,201901,M,DT_1DA9003S,산업별 계절조정 취업자,천명,Thousand Person
05,B 광업,B Mining and quarrying,산업별,By industry,14.6,T30,취업자,Employed persons,2026-01-27,101,201902,M,DT_1DA9003S,산업별 계절조정 취업자,천명,Thousand Person
05,B 광업,B Mining and quarrying,산업별,By industry,13.8,T30,취업자,Employed persons,2026-01-27,101,201903,M,DT_1DA9003S,산업별 계절조정 취업자,천명,Thousand Person
05,B 광업,B Mining and quarrying,산업별,By industry,14.1,T30,취업자,Employed persons,2026-01-27,101,201904,M,DT_1DA9003S,산업별 계절조정 취업자,천명,Thousand Person
05,B 광업,B Mining and quarrying,산업별,By industry,13.6,T30,취업자,Employed persons,2026-01-27,101,201905,M,DT_1DA9003S,산업별 계절조정 취업자,천명,Thousand Person
05,B 광업,B Mining and quarrying,산업별,By industry,13.7,T30,취업자,Employed persons,2026-01-27,101,201906,M,DT_1DA9003S,산업별 계절조정 취업자,천명,Thousand Person
05,B 광업,B Mining and quarrying,산업별,By industry,14.5,T30,취업자,Employed persons,2026-01-27,101,201907,M,DT_1DA9003S,산업별 계절조정 취업자,천명,Thousand Person
05,B 광업,B Mining and quarrying,산업별,By industry,14.4,T30,취업자,Employed persons,2026-01-27,101,201908,M,DT_1DA9003S,산업별 계절조정 취업자,천명,Thousand Person
05,B 광업,B Mining and quarrying,산업별,By industry,15.4,T30,취업자,Employed persons,2026-01-27,101,201909,M,DT_1DA9003S,산업별 계절조정 취업자,천명,Thousand Person
05,B 광업,B Mining and quarrying,산업별,By industry,15.6,T30,취업자,Employed persons,2026-01-27,101,201910,M,DT_1DA9003S,산업별 계절조정 취업자,천명,Thousand Person
05,B 광업,B Mining and quarrying,산업별,By industry,14.9,T30,취업자,Employed persons,2026-01-27,101,201911,M,DT_1DA9003S,산업별 계절조정 취업자,천명,Thousand Person
05,B 광업,B Mining and quarrying,산업별,By industry,13.9,T30,취업자,Employed persons,2026-01-27,101,201912,M,DT_1DA9003S,산업별 계절조정 취업자,천명,Thousand Person
05,B 광업,B Mining and quarrying,산업별,By industry,13.8,T30,취업자,Employed persons,2026-01-27,101,202001,M,DT_1DA9003S,산업별 계절조정 취업자,천명,Thousand Person
05,B 광업,B Mining and quarrying,산업별,By industry,13.4,T30,취업자,Employed persons,2026-01-27,101,202002,M,DT_1DA9003S,산업별 계절조정 취업자,천명,Thousand Person
05,B 광업,B Mining and quarrying,산업별,By industry,15,T30,취업자,Employed persons,2026-01-27,101,202003,M,DT_1DA9003S,산업별 계절조정 취업자,천명,Thousand Person
05,B 광업,B Mining and quarrying,산업별,By industry,13.8,T30,취업자,Employed persons,2026-01-27,101,202004,M,DT_1DA9003S,산업별 계절조정 취업자,천명,Thousand Person
05,B 광업,B Mining and quarrying,산업별,By industry,12.7,T30,취업자,Employed persons,2026-01-27,101,202005,M,DT_1DA9003S,산업별 계절조정 취업자,천명,Thousand Person
05,B 광업,B Mining and quarrying,산업별,By industry,12.6,T30,취업자,Employed persons,2026-01-27,101,202006,M,DT_1DA9003S,산업별 계절조정 취업자,천명,Thousand Person
05,B 광업,B Mining and quarrying,산업별,By industry,12,T30,취업자,Employed persons,2026-01-27,101,202007,M,DT_1DA9003S,산업별 계절조정 취업자,천명,Thousand Person
05,B 광업,B Mining and quarrying,산업별,By industry,12.2,T30,취업자,Employed persons,2026-01-27,101,202008,M,DT_1DA9003S,산업별 계절조정 취업자,천명,Thousand Person
05,B 광업,B Mining and quarrying,산업별,By industry,12.1,T30,취업자,Employed persons,2026-01-27,101,202009,M,DT_1DA9003S,산업별 계절조정 취업자,천명,Thousand Person
05,B 광업,B Mining and quarrying,산업별,By industry,11.1,T30,취업자,Employed persons,2026-01-27,101,202010,M,DT_1DA9003S,산업별 계절조정 취업자,천명,Thousand Person
05,B 광업,B Mining and quarrying,산업별,By industry,12.7,T30,취업자,Employed persons,2026-01-27,101,202011,M,DT_1DA9003S,산업별 계절조정 취업자,천명,Thousand Person
05,B 광업,B Mining and quarrying,산업별,By industry,13.2,T30,취업자,Employed persons,2026-01-27,101,202012,M,DT_1DA9003S,산업별 계절조정 취업자,천명,Thousand Person
05,B 광업,B Mining and quarrying,산업별,By industry,12.5,T30,취업자,Employed persons,2026-01-27,101,202101,M,DT_1DA9003S,산업별 계절조정 취업자,천명,Thousand Person
05,B 광업,B Mining and quarrying,산업별,By industry,12.7,T30,취업자,Employed persons,2026-01-27,101,202102,M,DT_1DA9003S,산업별 계절조정 취업자,천명,Thousand Person
05,B 광업,B Mining and quarrying,산업별,By industry,11.6,T30,취업자,Employed persons,2026-01-27,101,202103,M,DT_1DA9003S,산업별 계절조정 취업자,천명,Thousand Person
05,B 광업,B Mining and quarrying,산업별,By industry,11.8,T30,취업자,Employed persons,2026-01-27,101,202104,M,DT_1DA9003S,산업별 계절조정 취업자,천명,Thousand Person
05,B 광업,B Mining and quarrying,산업별,By industry,11.8,T30,취업자,Employed persons,2026-01-27,101,202105,M,DT_1DA9003S,산업별 계절조정 취업자,천명,Thousand Person
05,B 광업,B Mining and quarrying,산업별,By industry,11.7,T30,취업자,Employed persons,2026-01-27,101,202106,M,DT_1DA9003S,산업별 계절조정 취업자,천명,Thousand Person
05,B 광업,B Mining and quarrying,산업별,By industry,11.3,T30,취업자,Employed persons,2026-01-27,101,202107,M,DT_1DA9003S,산업별 계절조정 취업자,천명,Thousand Person
05,B 광업,B Mining and quarrying,산업별,By industry,13.5,T30,취업자,Employed persons,2026-01-27,101,202108,M,DT_1DA9003S,산업별 계절조정 취업자,천명,Thousand Person
05,B 광업,B Mining and quarrying,산업별,By industry,11,T30,취업자,Employed persons,2026-01-27,101,202109,M,DT_1DA9003S,산업별 계절조정 취업자,천명,Thousand Person
05,B 광업,B Mining and quarrying,산업별,By industry,11.2,T30,취업자,Employed persons,2026-01-27,101,202110,M,DT_1DA9003S,산업별 계절조정 취업자,천명,Thousand Person
05,B 광업,B Mining and quarrying,산업별,By industry,10.4,T30,취업자,Employed persons,2026-01-27,101,202111,M,DT_1DA9003S,산업별 계절조정 취업자,천명,Thousand Person
05,B 광업,B Mining and quarrying,산업별,By industry,11.4,T30,취업자,Employed persons,2026-01-27,101,202112,M,DT_1DA9003S,산업별 계절조정 취업자,천명,Thousand Person
05,B 광업,B Mining and quarrying,산업별,By industry,12.1,T30,취업자,Employed persons,2026-01-27,101,202201,M,DT_1DA9003S,산업별 계절조정 취업자,천명,Thousand Person
05,B 광업,B Mining and quarrying,산업별,By industry,11.8,T30,취업자,Employed persons,2026-01-27,101,202202,M,DT_1DA9003S,산업별 계절조정 취업자,천명,Thousand Person
05,B 광업,B Mining and quarrying,산업별,By industry,12.2,T30,취업자,Employed persons,2026-01-27,101,202203,M,DT_1DA9003S,산업별 계절조정 취업자,천명,Thousand Person
05,B 광업,B Mining and quarrying,산업별,By industry,12,T30,취업자,Employed persons,2026-01-27,101,202204,M,DT_1DA9003S,산업별 계절조정 취업자,천명,Thousand Person
05,B 광업,B Mining and quarrying,산업별,By industry,11.1,T30,취업자,Employed persons,2026-01-27,101,202205,M,DT_1DA9003S,산업별 계절조정 취업자,천명,Thousand Person
05,B 광업,B Mining and quarrying,산업별,By industry,9.4,T30,취업자,Employed persons,2026-01-27,101,202206,M,DT_1DA9003S,산업별 계절조정 취업자,천명,Thousand Person
05,B 광업,B Mining and quarrying,산업별,By industry,8.3,T30,취업자,Employed persons,2026-01-27,101,202207,M,DT_1DA9003S,산업별 계절조정 취업자,천명,Thousand Person
05,B 광업,B Mining and quarrying,산업별,By industry,6.9,T30,취업자,Employed persons,2026-01-27,101,202208,M,DT_1DA9003S,산업별 계절조정 취업자,천명,Thousand Person
05,B 광업,B Mining and quarrying,산업별,By industry,7,T30,취업자,Employed persons,2026-01-27,101,202209,M,DT_1DA9003S,산업별 계절조정 취업자,천명,Thousand Person
05,B 광업,B Mining and quarrying,산업별,By industry,6.4,T30,취업자,Employed persons,2026-01-27,101,202210,M,DT_1DA9003S,산업별 계절조정 취업자,천명,Thousand Person
05,B 광업,B Mining and quarrying,산업별,By industry,6.5,T30,취업자,Employed persons,2026-01-27,101,202211,M,DT_1DA9003S,산업별 계절조정 취업자,천명,Thousand Person
05,B 광업,B Mining and quarrying,산업별,By industry,6,T30,취업자,Employed persons,2026-01-27,101,202212,M,DT_1DA9003S,산업별 계절조정 취업자,천명,Thousand Person
05,B 광업,B Mining and quarrying,산업별,By industry,6.4,T30,취업자,Employed persons,2026-01-27,101,202301,M,DT_1DA9003S,산업별 계절조정 취업자,천명,Thousand Person
05,B 광업,B Mining and quarrying,산업별,By industry,6.4,T30,취업자,Employed persons,2026-01-27,101,202302,M,DT_1DA9003S,산업별 계절조정 취업자,천명,Thousand Person
05,B 광업,B Mining and quarrying,산업별,By industry,7.3,T30,취업자,Employed persons,2026-01-27,101,202303,M,DT_1DA9003S,산업별 계절조정 취업자,천명,Thousand Person
05,B 광업,B Mining and quarrying,산업별,By industry,6.7,T30,취업자,Employed persons,2026-01-27,101,202304,M,DT_1DA9003S,산업별 계절조정 취업자,천명,Thousand Person
05,B 광업,B Mining and quarrying,산업별,By industry,8.8,T30,취업자,Employed persons,2026-01-27,101,202305,M,DT_1DA9003S,산업별 계절조정 취업자,천명,Thousand Person
05,B 광업,B Mining and quarrying,산업별,By industry,9.5,T30,취업자,Employed persons,2026-01-27,101,202306,M,DT_1DA9003S,산업별 계절조정 취업자,천명,Thousand Person
05,B 광업,B Mining and quarrying,산업별,By industry,8.1,T30,취업자,Employed persons,2026-01-27,101,202307,M,DT_1DA9003S,산업별 계절조정 취업자,천명,Thousand Person
05,B 광업,B Mining and quarrying,산업별,By industry,8.7,T30,취업자,Employed persons,2026-01-27,101,202308,M,DT_1DA9003S,산업별 계절조정 취업자,천명,Thousand Person
05,B 광업,B Mining and quarrying,산업별,By industry,8.4,T30,취업자,Employed persons,2026-01-27,101,202309,M,DT_1DA9003S,산업별 계절조정 취업자,천명,Thousand Person
05,B 광업,B Mining and quarrying,산업별,By industry,8.1,T30,취업자,Employed persons,2026-01-27,101,202310,M,DT_1DA9003S,산업별 계절조정 취업자,천명,Thousand Person
05,B 광업,B Mining and quarrying,산업별,By industry,7.4,T30,취업자,Employed persons,2026-01-27,101,202311,M,DT_1DA9003S,산업별 계절조정 취업자,천명,Thousand Person
05,B 광업,B Mining and quarrying,산업별,By industry,6.6,T30,취업자,Employed persons,2026-01-27,101,202312,M,DT_1DA9003S,산업별 계절조정 취업자,천명,Thousand Person
05,B 광업,B Mining and quarrying,산업별,By industry,5.5,T30,취업자,Employed persons,2026-01-27,101,202401,M,DT_1DA9003S,산업별 계절조정 취업자,천명,Thousand Person
05,B 광업,B Mining and quarrying,산업별,By industry,7.1,T30,취업자,Employed persons,2026-01-27,101,202402,M,DT_1DA9003S,산업별 계절조정 취업자,천명,Thousand Person
05,B 광업,B Mining and quarrying,산업별,By industry,6.9,T30,취업자,Employed persons,2026-01-27,101,202403,M,DT_1DA9003S,산업별 계절조정 취업자,천명,Thousand Person
05,B 광업,B Mining and quarrying,산업별,By industry,7.2,T30,취업자,Employed persons,2026-01-27,101,202404,M,DT_1DA9003S,산업별 계절조정 취업자,천명,Thousand Person
05,B 광업,B Mining and quarrying,산업별,By industry,7.5,T30,취업자,Employed persons,2026-01-27,101,202405,M,DT_1DA9003S,산업별 계절조정 취업자,천명,Thousand Person
05,B 광업,B Mining and quarrying,산업별,By industry,7.2,T30,취업자,Employed persons,2026-01-27,101,202406,M,DT_1DA9003S,산업별 계절조정 취업자,천명,Thousand Person
05,B 광업,B Mining and quarrying,산업별,By industry,6.7,T30,취업자,Employed persons,2026-01-27,101,202407,M,DT_1DA9003S,산업별 계절조정 취업자,천명,Thousand Person
05,B 광업,B Mining and quarrying,산업별,By industry,6.9,T30,취업자,Employed persons,2026-01-27,101,202408,M,DT_1DA9003S,산업별 계절조정 취업자,천명,Thousand Person
05,B 광업,B Mining and quarrying,산업별,By industry,7.9,T30,취업자,Employed persons,2026-01-27,101,202409,M,DT_1DA9003S,산업별 계절조정 취업자,천명,Thousand Person
05,B 광업,B Mining and quarrying,산업별,By industry,8,T30,취업자,Employed persons,2026-01-27,101,202410,M,DT_1DA9003S,산업별 계절조정 취업자,천명,Thousand Person
05,B 광업,B Mining and quarrying,산업별,By industry,8.4,T30,취업자,Employed persons,2026-01-27,101,202411,M,DT_1DA9003S,산업별 계절조정 취업자,천명,Thousand Person
05,B 광업,B Mining and quarrying,산업별,By industry,11.1,T30,취업자,Employed persons,2026-01-27,101,202412,M,DT_1DA9003S,산업별 계절조정 취업자,천명,Thousand Person
05,B 광업,B Mining and quarrying,산업별,By industry,10.4,T30,취업자,Employed persons,2026-01-27,101,202501,M,DT_1DA9003S,산업별 계절조정 취업자,천명,Thousand Person
05,B 광업,B Mining and quarrying,산업별,By industry,10.2,T30,취업자,Employed persons,2026-01-27,101,202502,M,DT_1DA9003S,산업별 계절조정 취업자,천명,Thousand Person
05,B 광업,B Mining and quarrying,산업별,By industry,9.4,T30,취업자,Employed persons,2026-01-27,101,202503,M,DT_1DA9003S,산업별 계절조정 취업자,천명,Thousand Person
05,B 광업,B Mining and quarrying,산업별,By industry,7.6,T30,취업자,Employed persons,2026-01-27,101,202504,M,DT_1DA9003S,산업별 계절조정 취업자,천명,Thousand Person
05,B 광업,B Mining and quarrying,산업별,By industry,8,T30,취업자,Employed persons,2026-01-27,101,202505,M,DT_1DA9003S,산업별 계절조정 취업자,천명,Thousand Person
05,B 광업,B Mining and quarrying,산업별,By industry,8.1,T30,취업자,Employed persons,2026-01-27,101,202506,M,DT_1DA9003S,산업별 계절조정 취업자,천명,Thousand Person
05,B 광업,B Mining and quarrying,산업별,By industry,9.4,T30,취업자,Employed persons,2026-01-27,101,202507,M,DT_1DA9003S,산업별 계절조정 취업자,천명,Thousand Person
05,B 광업,B Mining and quarrying,산업별,By industry,9.5,T30,취업자,Employed persons,2026-01-27,101,202508,M,DT_1DA9003S,산업별 계절조정 취업자,천명,Thousand Person
05,B 광업,B Mining and quarrying,산업별,By industry,9,T30,취업자,Employed persons,2026-01-27,101,202509,M,DT_1DA9003S,산업별 계절조정 취업자,천명,Thousand Person
05,B 광업,B Mining and quarrying,산업별,By industry,9.4,T30,취업자,Employed persons,2026-01-27,101,202510,M,DT_1DA9003S,산업별 계절조정 취업자,천명,Thousand Person
05,B 광업,B Mining and quarrying,산업별,By industry,7.9,T30,취업자,Employed persons,2026-01-27,101,202511,M,DT_1DA9003S,산업별 계절조정 취업자,천명,Thousand Person
05,B 광업,B Mining and quarrying,산업별,By industry,9.6,T30,취업자,Employed persons,2026-01-27,101,202512,M,DT_1DA9003S,산업별 계절조정 취업자,천명,Thousand Person
10,C 제조업,C Manufacturing,산업별,By industry,4297.5,T30,취업자,Employed persons,2026-01-27,101,201301,M,DT_1DA9003S,산업별 계절조정 취업자,천명,Thousand Person
10,C 제조업,C Manufacturing,산업별,By industry,4263.5,T30,취업자,Employed persons,2026-01-27,101,201302,M,DT_1DA9003S,산업별 계절조정 취업자,천명,Thousand Person
10,C 제조업,C Manufacturing,산업별,By industry,4262.7,T30,취업자,Employed persons,2026-01-27,101,201303,M,DT_1DA9003S,산업별 계절조정 취업자,천명,Thousand Person
10,C 제조업,C Manufacturing,산업별,By industry,4326.2,T30,취업자,Employed persons,2026-01-27,101,201304,M,DT_1DA9003S,산업별 계절조정 취업자,천명,Thousand Person
10,C 제조업,C Manufacturing,산업별,By industry,4292.6,T30,취업자,Employed persons,2026-01-27,101,201305,M,DT_1DA9003S,산업별 계절조정 취업자,천명,Thousand Person
10,C 제조업,C Manufacturing,산업별,By industry,4295.9,T30,취업자,Employed persons,2026-01-27,101,201306,M,DT_1DA9003S,산업별 계절조정 취업자,천명,Thousand Person
10,C 제조업,C Manufacturing,산업별,By industry,4277.6,T30,취업자,Employed persons,2026-01-27,101,201307,M,DT_1DA9003S,산업별 계절조정 취업자,천명,Thousand Person
10,C 제조업,C Manufacturing,산업별,By industry,4270.4,T30,취업자,Employed persons,2026-01-27,101,201308,M,DT_1DA9003S,산업별 계절조정 취업자,천명,Thousand Person
10,C 제조업,C Manufacturing,산업별,By industry,4307.7,T30,취업자,Employed persons,2026-01-27,101,201309,M,DT_1DA9003S,산업별 계절조정 취업자,천명,Thousand Person
10,C 제조업,C Manufacturing,산업별,By industry,4340.8,T30,취업자,Employed persons,2026-01-27,101,201310,M,DT_1DA9003S,산업별 계절조정 취업자,천명,Thousand Person
10,C 제조업,C Manufacturing,산업별,By industry,4373.2,T30,취업자,Employed persons,2026-01-27,101,201311,M,DT_1DA9003S,산업별 계절조정 취업자,천명,Thousand Person
10,C 제조업,C Manufacturing,산업별,By industry,4370.6,T30,취업자,Employed persons,2026-01-27,101,201312,M,DT_1DA9003S,산업별 계절조정 취업자,천명,Thousand Person
10,C 제조업,C Manufacturing,산업별,By industry,4388.3,T30,취업자,Employed persons,2026-01-27,101,201401,M,DT_1DA9003S,산업별 계절조정 취업자,천명,Thousand Person
10,C 제조업,C Manufacturing,산업별,By industry,4403.4,T30,취업자,Employed persons,2026-01-27,101,201402,M,DT_1DA9003S,산업별 계절조정 취업자,천명,Thousand Person
10,C 제조업,C Manufacturing,산업별,By industry,4413,T30,취업자,Employed persons,2026-01-27,101,201403,M,DT_1DA9003S,산업별 계절조정 취업자,천명,Thousand Person
10,C 제조업,C Manufacturing,산업별,By industry,4442.9,T30,취업자,Employed persons,2026-01-27,101,201404,M,DT_1DA9003S,산업별 계절조정 취업자,천명,Thousand Person
10,C 제조업,C Manufacturing,산업별,By industry,4454.2,T30,취업자,Employed persons,2026-01-27,101,201405,M,DT_1DA9003S,산업별 계절조정 취업자,천명,Thousand Person
10,C 제조업,C Manufacturing,산업별,By industry,4471,T30,취업자,Employed persons,2026-01-27,101,201406,M,DT_1DA9003S,산업별 계절조정 취업자,천명,Thousand Person
10,C 제조업,C Manufacturing,산업별,By industry,4481.9,T30,취업자,Employed persons,2026-01-27,101,201407,M,DT_1DA9003S,산업별 계절조정 취업자,천명,Thousand Person
10,C 제조업,C Manufacturing,산업별,By industry,4495.7,T30,취업자,Employed persons,2026-01-27,101,201408,M,DT_1DA9003S,산업별 계절조정 취업자,천명,Thousand Person
10,C 제조업,C Manufacturing,산업별,By industry,4486.7,T30,취업자,Employed persons,2026-01-27,101,201409,M,DT_1DA9003S,산업별 계절조정 취업자,천명,Thousand Person
10,C 제조업,C Manufacturing,산업별,By industry,4483.7,T30,취업자,Employed persons,2026-01-27,101,201410,M,DT_1DA9003S,산업별 계절조정 취업자,천명,Thousand Person
10,C 제조업,C Manufacturing,산업별,By industry,4470.9,T30,취업자,Employed persons,2026-01-27,101,201411,M,DT_1DA9003S,산업별 계절조정 취업자,천명,Thousand Person
10,C 제조업,C Manufacturing,산업별,By industry,4511.2,T30,취업자,Employed persons,2026-01-27,101,201412,M,DT_1DA9003S,산업별 계절조정 취업자,천명,Thousand Person
10,C 제조업,C Manufacturing,산업별,By industry,4528.2,T30,취업자,Employed persons,2026-01-27,101,201501,M,DT_1DA9003S,산업별 계절조정 취업자,천명,Thousand Person
10,C 제조업,C Manufacturing,산업별,By industry,4548.6,T30,취업자,Employed persons,2026-01-27,101,201502,M,DT_1DA9003S,산업별 계절조정 취업자,천명,Thousand Person
10,C 제조업,C Manufacturing,산업별,By industry,4515.1,T30,취업자,Employed persons,2026-01-27,101,201503,M,DT_1DA9003S,산업별 계절조정 취업자,천명,Thousand Person
10,C 제조업,C Manufacturing,산업별,By industry,4589.8,T30,취업자,Employed persons,2026-01-27,101,201504,M,DT_1DA9003S,산업별 계절조정 취업자,천명,Thousand Person
10,C 제조업,C Manufacturing,산업별,By industry,4574.2,T30,취업자,Employed persons,2026-01-27,101,201505,M,DT_1DA9003S,산업별 계절조정 취업자,천명,Thousand Person
10,C 제조업,C Manufacturing,산업별,By industry,4590.6,T30,취업자,Employed persons,2026-01-27,101,201506,M,DT_1DA9003S,산업별 계절조정 취업자,천명,Thousand Person
10,C 제조업,C Manufacturing,산업별,By industry,4645.9,T30,취업자,Employed persons,2026-01-27,101,201507,M,DT_1DA9003S,산업별 계절조정 취업자,천명,Thousand Person
10,C 제조업,C Manufacturing,산업별,By industry,4653.3,T30,취업자,Employed persons,2026-01-27,101,201508,M,DT_1DA9003S,산업별 계절조정 취업자,천명,Thousand Person
10,C 제조업,C Manufacturing,산업별,By industry,4650.9,T30,취업자,Employed persons,2026-01-27,101,201509,M,DT_1DA9003S,산업별 계절조정 취업자,천명,Thousand Person
10,C 제조업,C Manufacturing,산업별,By industry,4666.8,T30,취업자,Employed persons,2026-01-27,101,201510,M,DT_1DA9003S,산업별 계절조정 취업자,천명,Thousand Person
10,C 제조업,C Manufacturing,산업별,By industry,4652.4,T30,취업자,Employed persons,2026-01-27,101,201511,M,DT_1DA9003S,산업별 계절조정 취업자,천명,Thousand Person
10,C 제조업,C Manufacturing,산업별,By industry,4638.4,T30,취업자,Employed persons,2026-01-27,101,201512,M,DT_1DA9003S,산업별 계절조정 취업자,천명,Thousand Person
10,C 제조업,C Manufacturing,산업별,By industry,4656.6,T30,취업자,Employed persons,2026-01-27,101,201601,M,DT_1DA9003S,산업별 계절조정 취업자,천명,Thousand Person
10,C 제조업,C Manufacturing,산업별,By industry,4647,T30,취업자,Employed persons,2026-01-27,101,201602,M,DT_1DA9003S,산업별 계절조정 취업자,천명,Thousand Person
10,C 제조업,C Manufacturing,산업별,By industry,4624.8,T30,취업자,Employed persons,2026-01-27,101,201603,M,DT_1DA9003S,산업별 계절조정 취업자,천명,Thousand Person
10,C 제조업,C Manufacturing,산업별,By industry,4612.5,T30,취업자,Employed persons,2026-01-27,101,201604,M,DT_1DA9003S,산업별 계절조정 취업자,천명,Thousand Person
10,C 제조업,C Manufacturing,산업별,By industry,4601.1,T30,취업자,Employed persons,2026-01-27,101,201605,M,DT_1DA9003S,산업별 계절조정 취업자,천명,Thousand Person
10,C 제조업,C Manufacturing,산업별,By industry,4585.9,T30,취업자,Employed persons,2026-01-27,101,201606,M,DT_1DA9003S,산업별 계절조정 취업자,천명,Thousand Person
10,C 제조업,C Manufacturing,산업별,By industry,4561,T30,취업자,Employed persons,2026-01-27,101,201607,M,DT_1DA9003S,산업별 계절조정 취업자,천명,Thousand Person
10,C 제조업,C Manufacturing,산업별,By industry,4553.7,T30,취업자,Employed persons,2026-01-27,101,201608,M,DT_1DA9003S,산업별 계절조정 취업자,천명,Thousand Person
10,C 제조업,C Manufacturing,산업별,By industry,4557,T30,취업자,Employed persons,2026-01-27,101,201609,M,DT_1DA9003S,산업별 계절조정 취업자,천명,Thousand Person
10,C 제조업,C Manufacturing,산업별,By industry,4544.3,T30,취업자,Employed persons,2026-01-27,101,201610,M,DT_1DA9003S,산업별 계절조정 취업자,천명,Thousand Person
10,C 제조업,C Manufacturing,산업별,By industry,4540.3,T30,취업자,Employed persons,2026-01-27,101,201611,M,DT_1DA9003S,산업별 계절조정 취업자,천명,Thousand Person
10,C 제조업,C Manufacturing,산업별,By industry,4520.1,T30,취업자,Employed persons,2026-01-27,101,201612,M,DT_1DA9003S,산업별 계절조정 취업자,천명,Thousand Person
10,C 제조업,C Manufacturing,산업별,By industry,4488.9,T30,취업자,Employed persons,2026-01-27,101,201701,M,DT_1DA9003S,산업별 계절조정 취업자,천명,Thousand Person
10,C 제조업,C Manufacturing,산업별,By industry,4547.5,T30,취업자,Employed persons,2026-01-27,101,201702,M,DT_1DA9003S,산업별 계절조정 취업자,천명,Thousand Person
10,C 제조업,C Manufacturing,산업별,By industry,4532.1,T30,취업자,Employed persons,2026-01-27,101,201703,M,DT_1DA9003S,산업별 계절조정 취업자,천명,Thousand Person
10,C 제조업,C Manufacturing,산업별,By industry,4552.5,T30,취업자,Employed persons,2026-01-27,101,201704,M,DT_1DA9003S,산업별 계절조정 취업자,천명,Thousand Person
10,C 제조업,C Manufacturing,산업별,By industry,4578.3,T30,취업자,Employed persons,2026-01-27,101,201705,M,DT_1DA9003S,산업별 계절조정 취업자,천명,Thousand Person
10,C 제조업,C Manufacturing,산업별,By industry,4607.1,T30,취업자,Employed persons,2026-01-27,101,201706,M,DT_1DA9003S,산업별 계절조정 취업자,천명,Thousand Person
10,C 제조업,C Manufacturing,산업별,By industry,4608.3,T30,취업자,Employed persons,2026-01-27,101,201707,M,DT_1DA9003S,산업별 계절조정 취업자,천명,Thousand Person
10,C 제조업,C Manufacturing,산업별,By industry,4576.1,T30,취업자,Employed persons,2026-01-27,101,201708,M,DT_1DA9003S,산업별 계절조정 취업자,천명,Thousand Person
10,C 제조업,C Manufacturing,산업별,By industry,4574.5,T30,취업자,Employed persons,2026-01-27,101,201709,M,DT_1DA9003S,산업별 계절조정 취업자,천명,Thousand Person
10,C 제조업,C Manufacturing,산업별,By industry,4559.9,T30,취업자,Employed persons,2026-01-27,101,201710,M,DT_1DA9003S,산업별 계절조정 취업자,천명,Thousand Person
10,C 제조업,C Manufacturing,산업별,By industry,4572.1,T30,취업자,Employed persons,2026-01-27,101,201711,M,DT_1DA9003S,산업별 계절조정 취업자,천명,Thousand Person
10,C 제조업,C Manufacturing,산업별,By industry,4597.7,T30,취업자,Employed persons,2026-01-27,101,201712,M,DT_1DA9003S,산업별 계절조정 취업자,천명,Thousand Person
10,C 제조업,C Manufacturing,산업별,By industry,4596.8,T30,취업자,Employed persons,2026-01-27,101,201801,M,DT_1DA9003S,산업별 계절조정 취업자,천명,Thousand Person
10,C 제조업,C Manufacturing,산업별,By industry,4561.3,T30,취업자,Employed persons,2026-01-27,101,201802,M,DT_1DA9003S,산업별 계절조정 취업자,천명,Thousand Person
10,C 제조업,C Manufacturing,산업별,By industry,4544.7,T30,취업자,Employed persons,2026-01-27,101,201803,M,DT_1DA9003S,산업별 계절조정 취업자,천명,Thousand Person
10,C 제조업,C Manufacturing,산업별,By industry,4483.8,T30,취업자,Employed persons,2026-01-27,101,201804,M,DT_1DA9003S,산업별 계절조정 취업자,천명,Thousand Person
10,C 제조업,C Manufacturing,산업별,By industry,4497.9,T30,취업자,Employed persons,2026-01-27,101,201805,M,DT_1DA9003S,산업별 계절조정 취업자,천명,Thousand Person
10,C 제조업,C Manufacturing,산업별,By industry,4481.9,T30,취업자,Employed persons,2026-01-27,101,201806,M,DT_1DA9003S,산업별 계절조정 취업자,천명,Thousand Person
10,C 제조업,C Manufacturing,산업별,By industry,4481.6,T30,취업자,Employed persons,2026-01-27,101,201807,M,DT_1DA9003S,산업별 계절조정 취업자,천명,Thousand Person
10,C 제조업,C Manufacturing,산업별,By industry,4467.7,T30,취업자,Employed persons,2026-01-27,101,201808,M,DT_1DA9003S,산업별 계절조정 취업자,천명,Thousand Person
10,C 제조업,C Manufacturing,산업별,By industry,4533,T30,취업자,Employed persons,2026-01-27,101,201809,M,DT_1DA9003S,산업별 계절조정 취업자,천명,Thousand Person
10,C 제조업,C Manufacturing,산업별,By industry,4517.1,T30,취업자,Employed persons,2026-01-27,101,201810,M,DT_1DA9003S,산업별 계절조정 취업자,천명,Thousand Person
10,C 제조업,C Manufacturing,산업별,By industry,4481.4,T30,취업자,Employed persons,2026-01-27,101,201811,M,DT_1DA9003S,산업별 계절조정 취업자,천명,Thousand Person
10,C 제조업,C Manufacturing,산업별,By industry,4471.9,T30,취업자,Employed persons,2026-01-27,101,201812,M,DT_1DA9003S,산업별 계절조정 취업자,천명,Thousand Person
10,C 제조업,C Manufacturing,산업별,By industry,4430.1,T30,취업자,Employed persons,2026-01-27,101,201901,M,DT_1DA9003S,산업별 계절조정 취업자,천명,Thousand Person
10,C 제조업,C Manufacturing,산업별,By industry,4411.1,T30,취업자,Employed persons,2026-01-27,101,201902,M,DT_1DA9003S,산업별 계절조정 취업자,천명,Thousand Person
10,C 제조업,C Manufacturing,산업별,By industry,4433.9,T30,취업자,Employed persons,2026-01-27,101,201903,M,DT_1DA9003S,산업별 계절조정 취업자,천명,Thousand Person
10,C 제조업,C Manufacturing,산업별,By industry,4430.9,T30,취업자,Employed persons,2026-01-27,101,201904,M,DT_1DA9003S,산업별 계절조정 취업자,천명,Thousand Person
10,C 제조업,C Manufacturing,산업별,By industry,4424.5,T30,취업자,Employed persons,2026-01-27,101,201905,M,DT_1DA9003S,산업별 계절조정 취업자,천명,Thousand Person
10,C 제조업,C Manufacturing,산업별,By industry,4415.4,T30,취업자,Employed persons,2026-01-27,101,201906,M,DT_1DA9003S,산업별 계절조정 취업자,천명,Thousand Person
10,C 제조업,C Manufacturing,산업별,By industry,4388.1,T30,취업자,Employed persons,2026-01-27,101,201907,M,DT_1DA9003S,산업별 계절조정 취업자,천명,Thousand Person
10,C 제조업,C Manufacturing,산업별,By industry,4441.3,T30,취업자,Employed persons,2026-01-27,101,201908,M,DT_1DA9003S,산업별 계절조정 취업자,천명,Thousand Person
10,C 제조업,C Manufacturing,산업별,By industry,4422,T30,취업자,Employed persons,2026-01-27,101,201909,M,DT_1DA9003S,산업별 계절조정 취업자,천명,Thousand Person
10,C 제조업,C Manufacturing,산업별,By industry,4438.5,T30,취업자,Employed persons,2026-01-27,101,201910,M,DT_1DA9003S,산업별 계절조정 취업자,천명,Thousand Person
10,C 제조업,C Manufacturing,산업별,By industry,4456.3,T30,취업자,Employed persons,2026-01-27,101,201911,M,DT_1DA9003S,산업별 계절조정 취업자,천명,Thousand Person
10,C 제조업,C Manufacturing,산업별,By industry,4457.6,T30,취업자,Employed persons,2026-01-27,101,201912,M,DT_1DA9003S,산업별 계절조정 취업자,천명,Thousand Person
10,C 제조업,C Manufacturing,산업별,By industry,4441.1,T30,취업자,Employed persons,2026-01-27,101,202001,M,DT_1DA9003S,산업별 계절조정 취업자,천명,Thousand Person
10,C 제조업,C Manufacturing,산업별,By industry,4446.6,T30,취업자,Employed persons,2026-01-27,101,202002,M,DT_1DA9003S,산업별 계절조정 취업자,천명,Thousand Person
10,C 제조업,C Manufacturing,산업별,By industry,4408.3,T30,취업자,Employed persons,2026-01-27,101,202003,M,DT_1DA9003S,산업별 계절조정 취업자,천명,Thousand Person
10,C 제조업,C Manufacturing,산업별,By industry,4385.7,T30,취업자,Employed persons,2026-01-27,101,202004,M,DT_1DA9003S,산업별 계절조정 취업자,천명,Thousand Person
10,C 제조업,C Manufacturing,산업별,By industry,4366.2,T30,취업자,Employed persons,2026-01-27,101,202005,M,DT_1DA9003S,산업별 계절조정 취업자,천명,Thousand Person
10,C 제조업,C Manufacturing,산업별,By industry,4349,T30,취업자,Employed persons,2026-01-27,101,202006,M,DT_1DA9003S,산업별 계절조정 취업자,천명,Thousand Person
10,C 제조업,C Manufacturing,산업별,By industry,4334.9,T30,취업자,Employed persons,2026-01-27,101,202007,M,DT_1DA9003S,산업별 계절조정 취업자,천명,Thousand Person
10,C 제조업,C Manufacturing,산업별,By industry,4389.3,T30,취업자,Employed persons,2026-01-27,101,202008,M,DT_1DA9003S,산업별 계절조정 취업자,천명,Thousand Person
10,C 제조업,C Manufacturing,산업별,By industry,4354.5,T30,취업자,Employed persons,2026-01-27,101,202009,M,DT_1DA9003S,산업별 계절조정 취업자,천명,Thousand Person
10,C 제조업,C Manufacturing,산업별,By industry,4341.6,T30,취업자,Employed persons,2026-01-27,101,202010,M,DT_1DA9003S,산업별 계절조정 취업자,천명,Thousand Person
10,C 제조업,C Manufacturing,산업별,By industry,4344.1,T30,취업자,Employed persons,2026-01-27,101,202011,M,DT_1DA9003S,산업별 계절조정 취업자,천명,Thousand Person
10,C 제조업,C Manufacturing,산업별,By industry,4350.1,T30,취업자,Employed persons,2026-01-27,101,202012,M,DT_1DA9003S,산업별 계절조정 취업자,천명,Thousand Person
10,C 제조업,C Manufacturing,산업별,By industry,4398.1,T30,취업자,Employed persons,2026-01-27,101,202101,M,DT_1DA9003S,산업별 계절조정 취업자,천명,Thousand Person
10,C 제조업,C Manufacturing,산업별,By industry,4422,T30,취업자,Employed persons,2026-01-27,101,202102,M,DT_1DA9003S,산업별 계절조정 취업자,천명,Thousand Person
10,C 제조업,C Manufacturing,산업별,By industry,4395.5,T30,취업자,Employed persons,2026-01-27,101,202103,M,DT_1DA9003S,산업별 계절조정 취업자,천명,Thousand Person
10,C 제조업,C Manufacturing,산업별,By industry,4392.8,T30,취업자,Employed persons,2026-01-27,101,202104,M,DT_1DA9003S,산업별 계절조정 취업자,천명,Thousand Person
10,C 제조업,C Manufacturing,산업별,By industry,4383.6,T30,취업자,Employed persons,2026-01-27,101,202105,M,DT_1DA9003S,산업별 계절조정 취업자,천명,Thousand Person
10,C 제조업,C Manufacturing,산업별,By industry,4337.2,T30,취업자,Employed persons,2026-01-27,101,202106,M,DT_1DA9003S,산업별 계절조정 취업자,천명,Thousand Person
10,C 제조업,C Manufacturing,산업별,By industry,4340.5,T30,취업자,Employed persons,2026-01-27,101,202107,M,DT_1DA9003S,산업별 계절조정 취업자,천명,Thousand Person
10,C 제조업,C Manufacturing,산업별,By industry,4310.9,T30,취업자,Employed persons,2026-01-27,101,202108,M,DT_1DA9003S,산업별 계절조정 취업자,천명,Thousand Person
10,C 제조업,C Manufacturing,산업별,By industry,4318.4,T30,취업자,Employed persons,2026-01-27,101,202109,M,DT_1DA9003S,산업별 계절조정 취업자,천명,Thousand Person
10,C 제조업,C Manufacturing,산업별,By industry,4329.7,T30,취업자,Employed persons,2026-01-27,101,202110,M,DT_1DA9003S,산업별 계절조정 취업자,천명,Thousand Person
10,C 제조업,C Manufacturing,산업별,By industry,4396,T30,취업자,Employed persons,2026-01-27,101,202111,M,DT_1DA9003S,산업별 계절조정 취업자,천명,Thousand Person
10,C 제조업,C Manufacturing,산업별,By industry,4389.5,T30,취업자,Employed persons,2026-01-27,101,202112,M,DT_1DA9003S,산업별 계절조정 취업자,천명,Thousand Person
10,C 제조업,C Manufacturing,산업별,By industry,4466.4,T30,취업자,Employed persons,2026-01-27,101,202201,M,DT_1DA9003S,산업별 계절조정 취업자,천명,Thousand Person
10,C 제조업,C Manufacturing,산업별,By industry,4455.2,T30,취업자,Employed persons,2026-01-27,101,202202,M,DT_1DA9003S,산업별 계절조정 취업자,천명,Thousand Person
10,C 제조업,C Manufacturing,산업별,By industry,4494.6,T30,취업자,Employed persons,2026-01-27,101,202203,M,DT_1DA9003S,산업별 계절조정 취업자,천명,Thousand Person
10,C 제조업,C Manufacturing,산업별,By industry,4522.6,T30,취업자,Employed persons,2026-01-27,101,202204,M,DT_1DA9003S,산업별 계절조정 취업자,천명,Thousand Person
10,C 제조업,C Manufacturing,산업별,By industry,4488.3,T30,취업자,Employed persons,2026-01-27,101,202205,M,DT_1DA9003S,산업별 계절조정 취업자,천명,Thousand Person
10,C 제조업,C Manufacturing,산업별,By industry,4493,T30,취업자,Employed persons,2026-01-27,101,202206,M,DT_1DA9003S,산업별 계절조정 취업자,천명,Thousand Person
10,C 제조업,C Manufacturing,산업별,By industry,4515.6,T30,취업자,Employed persons,2026-01-27,101,202207,M,DT_1DA9003S,산업별 계절조정 취업자,천명,Thousand Person
10,C 제조업,C Manufacturing,산업별,By industry,4549,T30,취업자,Employed persons,2026-01-27,101,202208,M,DT_1DA9003S,산업별 계절조정 취업자,천명,Thousand Person
10,C 제조업,C Manufacturing,산업별,By industry,4547.5,T30,취업자,Employed persons,2026-01-27,101,202209,M,DT_1DA9003S,산업별 계절조정 취업자,천명,Thousand Person
10,C 제조업,C Manufacturing,산업별,By industry,4532,T30,취업자,Employed persons,2026-01-27,101,202210,M,DT_1DA9003S,산업별 계절조정 취업자,천명,Thousand Person
10,C 제조업,C Manufacturing,산업별,By industry,4497.2,T30,취업자,Employed persons,2026-01-27,101,202211,M,DT_1DA9003S,산업별 계절조정 취업자,천명,Thousand Person
10,C 제조업,C Manufacturing,산업별,By industry,4478.5,T30,취업자,Employed persons,2026-01-27,101,202212,M,DT_1DA9003S,산업별 계절조정 취업자,천명,Thousand Person
10,C 제조업,C Manufacturing,산업별,By industry,4433.8,T30,취업자,Employed persons,2026-01-27,101,202301,M,DT_1DA9003S,산업별 계절조정 취업자,천명,Thousand Person
10,C 제조업,C Manufacturing,산업별,By industry,4429,T30,취업자,Employed persons,2026-01-27,101,202302,M,DT_1DA9003S,산업별 계절조정 취업자,천명,Thousand Person
10,C 제조업,C Manufacturing,산업별,By industry,4445.9,T30,취업자,Employed persons,2026-01-27,101,202303,M,DT_1DA9003S,산업별 계절조정 취업자,천명,Thousand Person
10,C 제조업,C Manufacturing,산업별,By industry,4423.4,T30,취업자,Employed persons,2026-01-27,101,202304,M,DT_1DA9003S,산업별 계절조정 취업자,천명,Thousand Person
10,C 제조업,C Manufacturing,산업별,By industry,4447.5,T30,취업자,Employed persons,2026-01-27,101,202305,M,DT_1DA9003S,산업별 계절조정 취업자,천명,Thousand Person
10,C 제조업,C Manufacturing,산업별,By industry,4481,T30,취업자,Employed persons,2026-01-27,101,202306,M,DT_1DA9003S,산업별 계절조정 취업자,천명,Thousand Person
10,C 제조업,C Manufacturing,산업별,By industry,4480,T30,취업자,Employed persons,2026-01-27,101,202307,M,DT_1DA9003S,산업별 계절조정 취업자,천명,Thousand Person
10,C 제조업,C Manufacturing,산업별,By industry,4478,T30,취업자,Employed persons,2026-01-27,101,202308,M,DT_1DA9003S,산업별 계절조정 취업자,천명,Thousand Person
10,C 제조업,C Manufacturing,산업별,By industry,4476,T30,취업자,Employed persons,2026-01-27,101,202309,M,DT_1DA9003S,산업별 계절조정 취업자,천명,Thousand Person
10,C 제조업,C Manufacturing,산업별,By industry,4455.7,T30,취업자,Employed persons,2026-01-27,101,202310,M,DT_1DA9003S,산업별 계절조정 취업자,천명,Thousand Person
10,C 제조업,C Manufacturing,산업별,By industry,4486.6,T30,취업자,Employed persons,2026-01-27,101,202311,M,DT_1DA9003S,산업별 계절조정 취업자,천명,Thousand Person
10,C 제조업,C Manufacturing,산업별,By industry,4490.8,T30,취업자,Employed persons,2026-01-27,101,202312,M,DT_1DA9003S,산업별 계절조정 취업자,천명,Thousand Person
10,C 제조업,C Manufacturing,산업별,By industry,4455.9,T30,취업자,Employed persons,2026-01-27,101,202401,M,DT_1DA9003S,산업별 계절조정 취업자,천명,Thousand Person
10,C 제조업,C Manufacturing,산업별,By industry,4467.7,T30,취업자,Employed persons,2026-01-27,101,202402,M,DT_1DA9003S,산업별 계절조정 취업자,천명,Thousand Person
10,C 제조업,C Manufacturing,산업별,By industry,4494.8,T30,취업자,Employed persons,2026-01-27,101,202403,M,DT_1DA9003S,산업별 계절조정 취업자,천명,Thousand Person
10,C 제조업,C Manufacturing,산업별,By industry,4521.4,T30,취업자,Employed persons,2026-01-27,101,202404,M,DT_1DA9003S,산업별 계절조정 취업자,천명,Thousand Person
10,C 제조업,C Manufacturing,산업별,By industry,4484.1,T30,취업자,Employed persons,2026-01-27,101,202405,M,DT_1DA9003S,산업별 계절조정 취업자,천명,Thousand Person
10,C 제조업,C Manufacturing,산업별,By industry,4487.5,T30,취업자,Employed persons,2026-01-27,101,202406,M,DT_1DA9003S,산업별 계절조정 취업자,천명,Thousand Person
10,C 제조업,C Manufacturing,산업별,By industry,4467.3,T30,취업자,Employed persons,2026-01-27,101,202407,M,DT_1DA9003S,산업별 계절조정 취업자,천명,Thousand Person
10,C 제조업,C Manufacturing,산업별,By industry,4442.2,T30,취업자,Employed persons,2026-01-27,101,202408,M,DT_1DA9003S,산업별 계절조정 취업자,천명,Thousand Person
10,C 제조업,C Manufacturing,산업별,By industry,4427,T30,취업자,Employed persons,2026-01-27,101,202409,M,DT_1DA9003S,산업별 계절조정 취업자,천명,Thousand Person
10,C 제조업,C Manufacturing,산업별,By industry,4423.3,T30,취업자,Employed persons,2026-01-27,101,202410,M,DT_1DA9003S,산업별 계절조정 취업자,천명,Thousand Person
10,C 제조업,C Manufacturing,산업별,By industry,4392.8,T30,취업자,Employed persons,2026-01-27,101,202411,M,DT_1DA9003S,산업별 계절조정 취업자,천명,Thousand Person
10,C 제조업,C Manufacturing,산업별,By industry,4395.9,T30,취업자,Employed persons,2026-01-27,101,202412,M,DT_1DA9003S,산업별 계절조정 취업자,천명,Thousand Person
10,C 제조업,C Manufacturing,산업별,By industry,4401.7,T30,취업자,Employed persons,2026-01-27,101,202501,M,DT_1DA9003S,산업별 계절조정 취업자,천명,Thousand Person
10,C 제조업,C Manufacturing,산업별,By industry,4395.5,T30,취업자,Employed persons,2026-01-27,101,202502,M,DT_1DA9003S,산업별 계절조정 취업자,천명,Thousand Person
10,C 제조업,C Manufacturing,산업별,By industry,4382.2,T30,취업자,Employed persons,2026-01-27,101,202503,M,DT_1DA9003S,산업별 계절조정 취업자,천명,Thousand Person
10,C 제조업,C Manufacturing,산업별,By industry,4396.3,T30,취업자,Employed persons,2026-01-27,101,202504,M,DT_1DA9003S,산업별 계절조정 취업자,천명,Thousand Person
10,C 제조업,C Manufacturing,산업별,By industry,4416.5,T30,취업자,Employed persons,2026-01-27,101,202505,M,DT_1DA9003S,산업별 계절조정 취업자,천명,Thousand Person
10,C 제조업,C Manufacturing,산업별,By industry,4402.2,T30,취업자,Employed persons,2026-01-27,101,202506,M,DT_1DA9003S,산업별 계절조정 취업자,천명,Thousand Person
10,C 제조업,C Manufacturing,산업별,By industry,4388.1,T30,취업자,Employed persons,2026-01-27,101,202507,M,DT_1DA9003S,산업별 계절조정 취업자,천명,Thousand Person
10,C 제조업,C Manufacturing,산업별,By industry,4380.8,T30,취업자,Employed persons,2026-01-27,101,202508,M,DT_1DA9003S,산업별 계절조정 취업자,천명,Thousand Person
10,C 제조업,C Manufacturing,산업별,By industry,4365.6,T30,취업자,Employed persons,2026-01-27,101,202509,M,DT_1DA9003S,산업별 계절조정 취업자,천명,Thousand Person
10,C 제조업,C Manufacturing,산업별,By industry,4371.5,T30,취업자,Employed persons,2026-01-27,101,202510,M,DT_1DA9003S,산업별 계절조정 취업자,천명,Thousand Person
10,C 제조업,C Manufacturing,산업별,By industry,4353.5,T30,취업자,Employed persons,2026-01-27,101,202511,M,DT_1DA9003S,산업별 계절조정 취업자,천명,Thousand Person
10,C 제조업,C Manufacturing,산업별,By industry,4333.8,T30,취업자,Employed persons,2026-01-27,101,202512,M,DT_1DA9003S,산업별 계절조정 취업자,천명,Thousand Person
35,D 전기 가스 증기 및 공기조절 공급업,D Electricity gas steam and air conditioning supply,산업별,By industry,64.8,T30,취업자,Employed persons,2026-01-27,101,201301,M,DT_1DA9003S,산업별 계절조정 취업자,천명,Thousand Person
35,D 전기 가스 증기 및 공기조절 공급업,D Electricity gas steam and air conditioning supply,산업별,By industry,68.2,T30,취업자,Employed persons,2026-01-27,101,201302,M,DT_1DA9003S,산업별 계절조정 취업자,천명,Thousand Person
35,D 전기 가스 증기 및 공기조절 공급업,D Electricity gas steam and air conditioning supply,산업별,By industry,71.6,T30,취업자,Employed persons,2026-01-27,101,201303,M,DT_1DA9003S,산업별 계절조정 취업자,천명,Thousand Person
35,D 전기 가스 증기 및 공기조절 공급업,D Electricity gas steam and air conditioning supply,산업별,By industry,76.4,T30,취업자,Employed persons,2026-01-27,101,201304,M,DT_1DA9003S,산업별 계절조정 취업자,천명,Thousand Person
35,D 전기 가스 증기 및 공기조절 공급업,D Electricity gas steam and air conditioning supply,산업별,By industry,81.3,T30,취업자,Employed persons,2026-01-27,101,201305,M,DT_1DA9003S,산업별 계절조정 취업자,천명,Thousand Person
35,D 전기 가스 증기 및 공기조절 공급업,D Electricity gas steam and air conditioning supply,산업별,By industry,80.4,T30,취업자,Employed persons,2026-01-27,101,201306,M,DT_1DA9003S,산업별 계절조정 취업자,천명,Thousand Person
35,D 전기 가스 증기 및 공기조절 공급업,D Electricity gas steam and air conditioning supply,산업별,By industry,82.1,T30,취업자,Employed persons,2026-01-27,101,201307,M,DT_1DA9003S,산업별 계절조정 취업자,천명,Thousand Person
35,D 전기 가스 증기 및 공기조절 공급업,D Electricity gas steam and air conditioning supply,산업별,By industry,78.5,T30,취업자,Employed persons,2026-01-27,101,201308,M,DT_1DA9003S,산업별 계절조정 취업자,천명,Thousand Person
35,D 전기 가스 증기 및 공기조절 공급업,D Electricity gas steam and air conditioning supply,산업별,By industry,74.6,T30,취업자,Employed persons,2026-01-27,101,201309,M,DT_1DA9003S,산업별 계절조정 취업자,천명,Thousand Person
35,D 전기 가스 증기 및 공기조절 공급업,D Electricity gas steam and air conditioning supply,산업별,By industry,74.3,T30,취업자,Employed persons,2026-01-27,101,201310,M,DT_1DA9003S,산업별 계절조정 취업자,천명,Thousand Person
35,D 전기 가스 증기 및 공기조절 공급업,D Electricity gas steam and air conditioning supply,산업별,By industry,72.2,T30,취업자,Employed persons,2026-01-27,101,201311,M,DT_1DA9003S,산업별 계절조정 취업자,천명,Thousand Person
35,D 전기 가스 증기 및 공기조절 공급업,D Electricity gas steam and air conditioning supply,산업별,By industry,67.9,T30,취업자,Employed persons,2026-01-27,101,201312,M,DT_1DA9003S,산업별 계절조정 취업자,천명,Thousand Person
35,D 전기 가스 증기 및 공기조절 공급업,D Electricity gas steam and air conditioning supply,산업별,By industry,68.3,T30,취업자,Employed persons,2026-01-27,101,201401,M,DT_1DA9003S,산업별 계절조정 취업자,천명,Thousand Person
35,D 전기 가스 증기 및 공기조절 공급업,D Electricity gas steam and air conditioning supply,산업별,By industry,66.6,T30,취업자,Employed persons,2026-01-27,101,201402,M,DT_1DA9003S,산업별 계절조정 취업자,천명,Thousand Person
35,D 전기 가스 증기 및 공기조절 공급업,D Electricity gas steam and air conditioning supply,산업별,By industry,65,T30,취업자,Employed persons,2026-01-27,101,201403,M,DT_1DA9003S,산업별 계절조정 취업자,천명,Thousand Person
35,D 전기 가스 증기 및 공기조절 공급업,D Electricity gas steam and air conditioning supply,산업별,By industry,67.9,T30,취업자,Employed persons,2026-01-27,101,201404,M,DT_1DA9003S,산업별 계절조정 취업자,천명,Thousand Person
35,D 전기 가스 증기 및 공기조절 공급업,D Electricity gas steam and air conditioning supply,산업별,By industry,67.8,T30,취업자,Employed persons,2026-01-27,101,201405,M,DT_1DA9003S,산업별 계절조정 취업자,천명,Thousand Person
35,D 전기 가스 증기 및 공기조절 공급업,D Electricity gas steam and air conditioning supply,산업별,By industry,68.4,T30,취업자,Employed persons,2026-01-27,101,201406,M,DT_1DA9003S,산업별 계절조정 취업자,천명,Thousand Person
35,D 전기 가스 증기 및 공기조절 공급업,D Electricity gas steam and air conditioning supply,산업별,By industry,66.5,T30,취업자,Employed persons,2026-01-27,101,201407,M,DT_1DA9003S,산업별 계절조정 취업자,천명,Thousand Person
35,D 전기 가스 증기 및 공기조절 공급업,D Electricity gas steam and air conditioning supply,산업별,By industry,70.5,T30,취업자,Employed persons,2026-01-27,101,201408,M,DT_1DA9003S,산업별 계절조정 취업자,천명,Thousand Person
35,D 전기 가스 증기 및 공기조절 공급업,D Electricity gas steam and air conditioning supply,산업별,By industry,72.5,T30,취업자,Employed persons,2026-01-27,101,201409,M,DT_1DA9003S,산업별 계절조정 취업자,천명,Thousand Person
35,D 전기 가스 증기 및 공기조절 공급업,D Electricity gas steam and air conditioning supply,산업별,By industry,72.4,T30,취업자,Employed persons,2026-01-27,101,201410,M,DT_1DA9003S,산업별 계절조정 취업자,천명,Thousand Person
35,D 전기 가스 증기 및 공기조절 공급업,D Electricity gas steam and air conditioning supply,산업별,By industry,73.1,T30,취업자,Employed persons,2026-01-27,101,201411,M,DT_1DA9003S,산업별 계절조정 취업자,천명,Thousand Person
35,D 전기 가스 증기 및 공기조절 공급업,D Electricity gas steam and air conditioning supply,산업별,By industry,73.5,T30,취업자,Employed persons,2026-01-27,101,201412,M,DT_1DA9003S,산업별 계절조정 취업자,천명,Thousand Person
35,D 전기 가스 증기 및 공기조절 공급업,D Electricity gas steam and air conditioning supply,산업별,By industry,73.2,T30,취업자,Employed persons,2026-01-27,101,201501,M,DT_1DA9003S,산업별 계절조정 취업자,천명,Thousand Person
35,D 전기 가스 증기 및 공기조절 공급업,D Electricity gas steam and air conditioning supply,산업별,By industry,78.3,T30,취업자,Employed persons,2026-01-27,101,201502,M,DT_1DA9003S,산업별 계절조정 취업자,천명,Thousand Person
35,D 전기 가스 증기 및 공기조절 공급업,D Electricity gas steam and air conditioning supply,산업별,By industry,81.5,T30,취업자,Employed persons,2026-01-27,101,201503,M,DT_1DA9003S,산업별 계절조정 취업자,천명,Thousand Person
35,D 전기 가스 증기 및 공기조절 공급업,D Electricity gas steam and air conditioning supply,산업별,By industry,80.5,T30,취업자,Employed persons,2026-01-27,101,201504,M,DT_1DA9003S,산업별 계절조정 취업자,천명,Thousand Person
35,D 전기 가스 증기 및 공기조절 공급업,D Electricity gas steam and air conditioning supply,산업별,By industry,75.3,T30,취업자,Employed persons,2026-01-27,101,201505,M,DT_1DA9003S,산업별 계절조정 취업자,천명,Thousand Person
35,D 전기 가스 증기 및 공기조절 공급업,D Electricity gas steam and air conditioning supply,산업별,By industry,72.6,T30,취업자,Employed persons,2026-01-27,101,201506,M,DT_1DA9003S,산업별 계절조정 취업자,천명,Thousand Person
35,D 전기 가스 증기 및 공기조절 공급업,D Electricity gas steam and air conditioning supply,산업별,By industry,75.2,T30,취업자,Employed persons,2026-01-27,101,201507,M,DT_1DA9003S,산업별 계절조정 취업자,천명,Thousand Person
35,D 전기 가스 증기 및 공기조절 공급업,D Electricity gas steam and air conditioning supply,산업별,By industry,79.3,T30,취업자,Employed persons,2026-01-27,101,201508,M,DT_1DA9003S,산업별 계절조정 취업자,천명,Thousand Person
35,D 전기 가스 증기 및 공기조절 공급업,D Electricity gas steam and air conditioning supply,산업별,By industry,80.1,T30,취업자,Employed persons,2026-01-27,101,201509,M,DT_1DA9003S,산업별 계절조정 취업자,천명,Thousand Person
35,D 전기 가스 증기 및 공기조절 공급업,D Electricity gas steam and air conditioning supply,산업별,By industry,82.6,T30,취업자,Employed persons,2026-01-27,101,201510,M,DT_1DA9003S,산업별 계절조정 취업자,천명,Thousand Person
35,D 전기 가스 증기 및 공기조절 공급업,D Electricity gas steam and air conditioning supply,산업별,By industry,81.8,T30,취업자,Employed persons,2026-01-27,101,201511,M,DT_1DA9003S,산업별 계절조정 취업자,천명,Thousand Person
35,D 전기 가스 증기 및 공기조절 공급업,D Electricity gas steam and air conditioning supply,산업별,By industry,82.3,T30,취업자,Employed persons,2026-01-27,101,201512,M,DT_1DA9003S,산업별 계절조정 취업자,천명,Thousand Person
35,D 전기 가스 증기 및 공기조절 공급업,D Electricity gas steam and air conditioning supply,산업별,By industry,76.9,T30,취업자,Employed persons,2026-01-27,101,201601,M,DT_1DA9003S,산업별 계절조정 취업자,천명,Thousand Person
35,D 전기 가스 증기 및 공기조절 공급업,D Electricity gas steam and air conditioning supply,산업별,By industry,75.9,T30,취업자,Employed persons,2026-01-27,101,201602,M,DT_1DA9003S,산업별 계절조정 취업자,천명,Thousand Person
35,D 전기 가스 증기 및 공기조절 공급업,D Electricity gas steam and air conditioning supply,산업별,By industry,79.7,T30,취업자,Employed persons,2026-01-27,101,201603,M,DT_1DA9003S,산업별 계절조정 취업자,천명,Thousand Person
35,D 전기 가스 증기 및 공기조절 공급업,D Electricity gas steam and air conditioning supply,산업별,By industry,76.9,T30,취업자,Employed persons,2026-01-27,101,201604,M,DT_1DA9003S,산업별 계절조정 취업자,천명,Thousand Person
35,D 전기 가스 증기 및 공기조절 공급업,D Electricity gas steam and air conditioning supply,산업별,By industry,76.8,T30,취업자,Employed persons,2026-01-27,101,201605,M,DT_1DA9003S,산업별 계절조정 취업자,천명,Thousand Person
35,D 전기 가스 증기 및 공기조절 공급업,D Electricity gas steam and air conditioning supply,산업별,By industry,78.9,T30,취업자,Employed persons,2026-01-27,101,201606,M,DT_1DA9003S,산업별 계절조정 취업자,천명,Thousand Person
35,D 전기 가스 증기 및 공기조절 공급업,D Electricity gas steam and air conditioning supply,산업별,By industry,77.2,T30,취업자,Employed persons,2026-01-27,101,201607,M,DT_1DA9003S,산업별 계절조정 취업자,천명,Thousand Person
35,D 전기 가스 증기 및 공기조절 공급업,D Electricity gas steam and air conditioning supply,산업별,By industry,74,T30,취업자,Employed persons,2026-01-27,101,201608,M,DT_1DA9003S,산업별 계절조정 취업자,천명,Thousand Person
35,D 전기 가스 증기 및 공기조절 공급업,D Electricity gas steam and air conditioning supply,산업별,By industry,74.9,T30,취업자,Employed persons,2026-01-27,101,201609,M,DT_1DA9003S,산업별 계절조정 취업자,천명,Thousand Person
35,D 전기 가스 증기 및 공기조절 공급업,D Electricity gas steam and air conditioning supply,산업별,By industry,70.8,T30,취업자,Employed persons,2026-01-27,101,201610,M,DT_1DA9003S,산업별 계절조정 취업자,천명,Thousand Person
35,D 전기 가스 증기 및 공기조절 공급업,D Electricity gas steam and air conditioning supply,산업별,By industry,70.3,T30,취업자,Employed persons,2026-01-27,101,201611,M,DT_1DA9003S,산업별 계절조정 취업자,천명,Thousand Person
35,D 전기 가스 증기 및 공기조절 공급업,D Electricity gas steam and air conditioning supply,산업별,By industry,77.8,T30,취업자,Employed persons,2026-01-27,101,201612,M,DT_1DA9003S,산업별 계절조정 취업자,천명,Thousand Person
35,D 전기 가스 증기 및 공기조절 공급업,D Electricity gas steam and air conditioning supply,산업별,By industry,78.5,T30,취업자,Employed persons,2026-01-27,101,201701,M,DT_1DA9003S,산업별 계절조정 취업자,천명,Thousand Person
35,D 전기 가스 증기 및 공기조절 공급업,D Electricity gas steam and air conditioning supply,산업별,By industry,77.2,T30,취업자,Employed persons,2026-01-27,101,201702,M,DT_1DA9003S,산업별 계절조정 취업자,천명,Thousand Person
35,D 전기 가스 증기 및 공기조절 공급업,D Electricity gas steam and air conditioning supply,산업별,By industry,73,T30,취업자,Employed persons,2026-01-27,101,201703,M,DT_1DA9003S,산업별 계절조정 취업자,천명,Thousand Person
35,D 전기 가스 증기 및 공기조절 공급업,D Electricity gas steam and air conditioning supply,산업별,By industry,70.3,T30,취업자,Employed persons,2026-01-27,101,201704,M,DT_1DA9003S,산업별 계절조정 취업자,천명,Thousand Person
35,D 전기 가스 증기 및 공기조절 공급업,D Electricity gas steam and air conditioning supply,산업별,By industry,72.2,T30,취업자,Employed persons,2026-01-27,101,201705,M,DT_1DA9003S,산업별 계절조정 취업자,천명,Thousand Person
35,D 전기 가스 증기 및 공기조절 공급업,D Electricity gas steam and air conditioning supply,산업별,By industry,72.8,T30,취업자,Employed persons,2026-01-27,101,201706,M,DT_1DA9003S,산업별 계절조정 취업자,천명,Thousand Person
35,D 전기 가스 증기 및 공기조절 공급업,D Electricity gas steam and air conditioning supply,산업별,By industry,72,T30,취업자,Employed persons,2026-01-27,101,201707,M,DT_1DA9003S,산업별 계절조정 취업자,천명,Thousand Person
35,D 전기 가스 증기 및 공기조절 공급업,D Electricity gas steam and air conditioning supply,산업별,By industry,67.5,T30,취업자,Employed persons,2026-01-27,101,201708,M,DT_1DA9003S,산업별 계절조정 취업자,천명,Thousand Person
35,D 전기 가스 증기 및 공기조절 공급업,D Electricity gas steam and air conditioning supply,산업별,By industry,70.8,T30,취업자,Employed persons,2026-01-27,101,201709,M,DT_1DA9003S,산업별 계절조정 취업자,천명,Thousand Person
35,D 전기 가스 증기 및 공기조절 공급업,D Electricity gas steam and air conditioning supply,산업별,By industry,68.4,T30,취업자,Employed persons,2026-01-27,101,201710,M,DT_1DA9003S,산업별 계절조정 취업자,천명,Thousand Person
35,D 전기 가스 증기 및 공기조절 공급업,D Electricity gas steam and air conditioning supply,산업별,By industry,71.7,T30,취업자,Employed persons,2026-01-27,101,201711,M,DT_1DA9003S,산업별 계절조정 취업자,천명,Thousand Person
35,D 전기 가스 증기 및 공기조절 공급업,D Electricity gas steam and air conditioning supply,산업별,By industry,70.7,T30,취업자,Employed persons,2026-01-27,101,201712,M,DT_1DA9003S,산업별 계절조정 취업자,천명,Thousand Person
35,D 전기 가스 증기 및 공기조절 공급업,D Electricity gas steam and air conditioning supply,산업별,By industry,71.5,T30,취업자,Employed persons,2026-01-27,101,201801,M,DT_1DA9003S,산업별 계절조정 취업자,천명,Thousand Person
35,D 전기 가스 증기 및 공기조절 공급업,D Electricity gas steam and air conditioning supply,산업별,By industry,74.8,T30,취업자,Employed persons,2026-01-27,101,201802,M,DT_1DA9003S,산업별 계절조정 취업자,천명,Thousand Person
35,D 전기 가스 증기 및 공기조절 공급업,D Electricity gas steam and air conditioning supply,산업별,By industry,74.4,T30,취업자,Employed persons,2026-01-27,101,201803,M,DT_1DA9003S,산업별 계절조정 취업자,천명,Thousand Person
35,D 전기 가스 증기 및 공기조절 공급업,D Electricity gas steam and air conditioning supply,산업별,By industry,72.5,T30,취업자,Employed persons,2026-01-27,101,201804,M,DT_1DA9003S,산업별 계절조정 취업자,천명,Thousand Person
35,D 전기 가스 증기 및 공기조절 공급업,D Electricity gas steam and air conditioning supply,산업별,By industry,69.4,T30,취업자,Employed persons,2026-01-27,101,201805,M,DT_1DA9003S,산업별 계절조정 취업자,천명,Thousand Person
35,D 전기 가스 증기 및 공기조절 공급업,D Electricity gas steam and air conditioning supply,산업별,By industry,71.7,T30,취업자,Employed persons,2026-01-27,101,201806,M,DT_1DA9003S,산업별 계절조정 취업자,천명,Thousand Person
35,D 전기 가스 증기 및 공기조절 공급업,D Electricity gas steam and air conditioning supply,산업별,By industry,75.9,T30,취업자,Employed persons,2026-01-27,101,201807,M,DT_1DA9003S,산업별 계절조정 취업자,천명,Thousand Person
35,D 전기 가스 증기 및 공기조절 공급업,D Electricity gas steam and air conditioning supply,산업별,By industry,72,T30,취업자,Employed persons,2026-01-27,101,201808,M,DT_1DA9003S,산업별 계절조정 취업자,천명,Thousand Person
35,D 전기 가스 증기 및 공기조절 공급업,D Electricity gas steam and air conditioning supply,산업별,By industry,66.9,T30,취업자,Employed persons,2026-01-27,101,201809,M,DT_1DA9003S,산업별 계절조정 취업자,천명,Thousand Person
35,D 전기 가스 증기 및 공기조절 공급업,D Electricity gas steam and air conditioning supply,산업별,By industry,63,T30,취업자,Employed persons,2026-01-27,101,201810,M,DT_1DA9003S,산업별 계절조정 취업자,천명,Thousand Person
35,D 전기 가스 증기 및 공기조절 공급업,D Electricity gas steam and air conditioning supply,산업별,By industry,63.8,T30,취업자,Employed persons,2026-01-27,101,201811,M,DT_1DA9003S,산업별 계절조정 취업자,천명,Thousand Person
35,D 전기 가스 증기 및 공기조절 공급업,D Electricity gas steam and air conditioning supply,산업별,By industry,63.7,T30,취업자,Employed persons,2026-01-27,101,201812,M,DT_1DA9003S,산업별 계절조정 취업자,천명,Thousand Person
35,D 전기 가스 증기 및 공기조절 공급업,D Electricity gas steam and air conditioning supply,산업별,By industry,64.3,T30,취업자,Employed persons,2026-01-27,101,201901,M,DT_1DA9003S,산업별 계절조정 취업자,천명,Thousand Person
35,D 전기 가스 증기 및 공기조절 공급업,D Electricity gas steam and air conditioning supply,산업별,By industry,70.4,T30,취업자,Employed persons,2026-01-27,101,201902,M,DT_1DA9003S,산업별 계절조정 취업자,천명,Thousand Person
35,D 전기 가스 증기 및 공기조절 공급업,D Electricity gas steam and air conditioning supply,산업별,By industry,66.3,T30,취업자,Employed persons,2026-01-27,101,201903,M,DT_1DA9003S,산업별 계절조정 취업자,천명,Thousand Person
35,D 전기 가스 증기 및 공기조절 공급업,D Electricity gas steam and air conditioning supply,산업별,By industry,67,T30,취업자,Employed persons,2026-01-27,101,201904,M,DT_1DA9003S,산업별 계절조정 취업자,천명,Thousand Person
35,D 전기 가스 증기 및 공기조절 공급업,D Electricity gas steam and air conditioning supply,산업별,By industry,65.7,T30,취업자,Employed persons,2026-01-27,101,201905,M,DT_1DA9003S,산업별 계절조정 취업자,천명,Thousand Person
35,D 전기 가스 증기 및 공기조절 공급업,D Electricity gas steam and air conditioning supply,산업별,By industry,68.9,T30,취업자,Employed persons,2026-01-27,101,201906,M,DT_1DA9003S,산업별 계절조정 취업자,천명,Thousand Person
35,D 전기 가스 증기 및 공기조절 공급업,D Electricity gas steam and air conditioning supply,산업별,By industry,68.5,T30,취업자,Employed persons,2026-01-27,101,201907,M,DT_1DA9003S,산업별 계절조정 취업자,천명,Thousand Person
35,D 전기 가스 증기 및 공기조절 공급업,D Electricity gas steam and air conditioning supply,산업별,By industry,71.5,T30,취업자,Employed persons,2026-01-27,101,201908,M,DT_1DA9003S,산업별 계절조정 취업자,천명,Thousand Person
35,D 전기 가스 증기 및 공기조절 공급업,D Electricity gas steam and air conditioning supply,산업별,By industry,69.6,T30,취업자,Employed persons,2026-01-27,101,201909,M,DT_1DA9003S,산업별 계절조정 취업자,천명,Thousand Person
35,D 전기 가스 증기 및 공기조절 공급업,D Electricity gas steam and air conditioning supply,산업별,By industry,69.2,T30,취업자,Employed persons,2026-01-27,101,201910,M,DT_1DA9003S,산업별 계절조정 취업자,천명,Thousand Person
35,D 전기 가스 증기 및 공기조절 공급업,D Electricity gas steam and air conditioning supply,산업별,By industry,64.9,T30,취업자,Employed persons,2026-01-27,101,201911,M,DT_1DA9003S,산업별 계절조정 취업자,천명,Thousand Person
35,D 전기 가스 증기 및 공기조절 공급업,D Electricity gas steam and air conditioning supply,산업별,By industry,68.6,T30,취업자,Employed persons,2026-01-27,101,201912,M,DT_1DA9003S,산업별 계절조정 취업자,천명,Thousand Person
35,D 전기 가스 증기 및 공기조절 공급업,D Electricity gas steam and air conditioning supply,산업별,By industry,74.3,T30,취업자,Employed persons,2026-01-27,101,202001,M,DT_1DA9003S,산업별 계절조정 취업자,천명,Thousand Person
35,D 전기 가스 증기 및 공기조절 공급업,D Electricity gas steam and air conditioning supply,산업별,By industry,77.3,T30,취업자,Employed persons,2026-01-27,101,202002,M,DT_1DA9003S,산업별 계절조정 취업자,천명,Thousand Person
35,D 전기 가스 증기 및 공기조절 공급업,D Electricity gas steam and air conditioning supply,산업별,By industry,71.6,T30,취업자,Employed persons,2026-01-27,101,202003,M,DT_1DA9003S,산업별 계절조정 취업자,천명,Thousand Person
35,D 전기 가스 증기 및 공기조절 공급업,D Electricity gas steam and air conditioning supply,산업별,By industry,65,T30,취업자,Employed persons,2026-01-27,101,202004,M,DT_1DA9003S,산업별 계절조정 취업자,천명,Thousand Person
35,D 전기 가스 증기 및 공기조절 공급업,D Electricity gas steam and air conditioning supply,산업별,By industry,71.6,T30,취업자,Employed persons,2026-01-27,101,202005,M,DT_1DA9003S,산업별 계절조정 취업자,천명,Thousand Person
35,D 전기 가스 증기 및 공기조절 공급업,D Electricity gas steam and air conditioning supply,산업별,By industry,72.1,T30,취업자,Employed persons,2026-01-27,101,202006,M,DT_1DA9003S,산업별 계절조정 취업자,천명,Thousand Person
35,D 전기 가스 증기 및 공기조절 공급업,D Electricity gas steam and air conditioning supply,산업별,By industry,73.6,T30,취업자,Employed persons,2026-01-27,101,202007,M,DT_1DA9003S,산업별 계절조정 취업자,천명,Thousand Person
35,D 전기 가스 증기 및 공기조절 공급업,D Electricity gas steam and air conditioning supply,산업별,By industry,73.5,T30,취업자,Employed persons,2026-01-27,101,202008,M,DT_1DA9003S,산업별 계절조정 취업자,천명,Thousand Person
35,D 전기 가스 증기 및 공기조절 공급업,D Electricity gas steam and air conditioning supply,산업별,By industry,78.1,T30,취업자,Employed persons,2026-01-27,101,202009,M,DT_1DA9003S,산업별 계절조정 취업자,천명,Thousand Person
35,D 전기 가스 증기 및 공기조절 공급업,D Electricity gas steam and air conditioning supply,산업별,By industry,74.7,T30,취업자,Employed persons,2026-01-27,101,202010,M,DT_1DA9003S,산업별 계절조정 취업자,천명,Thousand Person
35,D 전기 가스 증기 및 공기조절 공급업,D Electricity gas steam and air conditioning supply,산업별,By industry,77.4,T30,취업자,Employed persons,2026-01-27,101,202011,M,DT_1DA9003S,산업별 계절조정 취업자,천명,Thousand Person
35,D 전기 가스 증기 및 공기조절 공급업,D Electricity gas steam and air conditioning supply,산업별,By industry,73.6,T30,취업자,Employed persons,2026-01-27,101,202012,M,DT_1DA9003S,산업별 계절조정 취업자,천명,Thousand Person
35,D 전기 가스 증기 및 공기조절 공급업,D Electricity gas steam and air conditioning supply,산업별,By industry,71.8,T30,취업자,Employed persons,2026-01-27,101,202101,M,DT_1DA9003S,산업별 계절조정 취업자,천명,Thousand Person
35,D 전기 가스 증기 및 공기조절 공급업,D Electricity gas steam and air conditioning supply,산업별,By industry,72.3,T30,취업자,Employed persons,2026-01-27,101,202102,M,DT_1DA9003S,산업별 계절조정 취업자,천명,Thousand Person
35,D 전기 가스 증기 및 공기조절 공급업,D Electricity gas steam and air conditioning supply,산업별,By industry,71.6,T30,취업자,Employed persons,2026-01-27,101,202103,M,DT_1DA9003S,산업별 계절조정 취업자,천명,Thousand Person
35,D 전기 가스 증기 및 공기조절 공급업,D Electricity gas steam and air conditioning supply,산업별,By industry,64.5,T30,취업자,Employed persons,2026-01-27,101,202104,M,DT_1DA9003S,산업별 계절조정 취업자,천명,Thousand Person
35,D 전기 가스 증기 및 공기조절 공급업,D Electricity gas steam and air conditioning supply,산업별,By industry,66.8,T30,취업자,Employed persons,2026-01-27,101,202105,M,DT_1DA9003S,산업별 계절조정 취업자,천명,Thousand Person
35,D 전기 가스 증기 및 공기조절 공급업,D Electricity gas steam and air conditioning supply,산업별,By industry,67.4,T30,취업자,Employed persons,2026-01-27,101,202106,M,DT_1DA9003S,산업별 계절조정 취업자,천명,Thousand Person
35,D 전기 가스 증기 및 공기조절 공급업,D Electricity gas steam and air conditioning supply,산업별,By industry,66.7,T30,취업자,Employed persons,2026-01-27,101,202107,M,DT_1DA9003S,산업별 계절조정 취업자,천명,Thousand Person
35,D 전기 가스 증기 및 공기조절 공급업,D Electricity gas steam and air conditioning supply,산업별,By industry,70.6,T30,취업자,Employed persons,2026-01-27,101,202108,M,DT_1DA9003S,산업별 계절조정 취업자,천명,Thousand Person
35,D 전기 가스 증기 및 공기조절 공급업,D Electricity gas steam and air conditioning supply,산업별,By industry,74.8,T30,취업자,Employed persons,2026-01-27,101,202109,M,DT_1DA9003S,산업별 계절조정 취업자,천명,Thousand Person
35,D 전기 가스 증기 및 공기조절 공급업,D Electricity gas steam and air conditioning supply,산업별,By industry,76.7,T30,취업자,Employed persons,2026-01-27,101,202110,M,DT_1DA9003S,산업별 계절조정 취업자,천명,Thousand Person
35,D 전기 가스 증기 및 공기조절 공급업,D Electricity gas steam and air conditioning supply,산업별,By industry,77.4,T30,취업자,Employed persons,2026-01-27,101,202111,M,DT_1DA9003S,산업별 계절조정 취업자,천명,Thousand Person
35,D 전기 가스 증기 및 공기조절 공급업,D Electricity gas steam and air conditioning supply,산업별,By industry,76.4,T30,취업자,Employed persons,2026-01-27,101,202112,M,DT_1DA9003S,산업별 계절조정 취업자,천명,Thousand Person
35,D 전기 가스 증기 및 공기조절 공급업,D Electricity gas steam and air conditioning supply,산업별,By industry,77.6,T30,취업자,Employed persons,2026-01-27,101,202201,M,DT_1DA9003S,산업별 계절조정 취업자,천명,Thousand Person
35,D 전기 가스 증기 및 공기조절 공급업,D Electricity gas steam and air conditioning supply,산업별,By industry,77,T30,취업자,Employed persons,2026-01-27,101,202202,M,DT_1DA9003S,산업별 계절조정 취업자,천명,Thousand Person
35,D 전기 가스 증기 및 공기조절 공급업,D Electricity gas steam and air conditioning supply,산업별,By industry,73.3,T30,취업자,Employed persons,2026-01-27,101,202203,M,DT_1DA9003S,산업별 계절조정 취업자,천명,Thousand Person
35,D 전기 가스 증기 및 공기조절 공급업,D Electricity gas steam and air conditioning supply,산업별,By industry,76.1,T30,취업자,Employed persons,2026-01-27,101,202204,M,DT_1DA9003S,산업별 계절조정 취업자,천명,Thousand Person
35,D 전기 가스 증기 및 공기조절 공급업,D Electricity gas steam and air conditioning supply,산업별,By industry,78,T30,취업자,Employed persons,2026-01-27,101,202205,M,DT_1DA9003S,산업별 계절조정 취업자,천명,Thousand Person
35,D 전기 가스 증기 및 공기조절 공급업,D Electricity gas steam and air conditioning supply,산업별,By industry,76.2,T30,취업자,Employed persons,2026-01-27,101,202206,M,DT_1DA9003S,산업별 계절조정 취업자,천명,Thousand Person
35,D 전기 가스 증기 및 공기조절 공급업,D Electricity gas steam and air conditioning supply,산업별,By industry,82.6,T30,취업자,Employed persons,2026-01-27,101,202207,M,DT_1DA9003S,산업별 계절조정 취업자,천명,Thousand Person
35,D 전기 가스 증기 및 공기조절 공급업,D Electricity gas steam and air conditioning supply,산업별,By industry,82.2,T30,취업자,Employed persons,2026-01-27,101,202208,M,DT_1DA9003S,산업별 계절조정 취업자,천명,Thousand Person
35,D 전기 가스 증기 및 공기조절 공급업,D Electricity gas steam and air conditioning supply,산업별,By industry,86.6,T30,취업자,Employed persons,2026-01-27,101,202209,M,DT_1DA9003S,산업별 계절조정 취업자,천명,Thousand Person
35,D 전기 가스 증기 및 공기조절 공급업,D Electricity gas steam and air conditioning supply,산업별,By industry,84,T30,취업자,Employed persons,2026-01-27,101,202210,M,DT_1DA9003S,산업별 계절조정 취업자,천명,Thousand Person
35,D 전기 가스 증기 및 공기조절 공급업,D Electricity gas steam and air conditioning supply,산업별,By industry,83.2,T30,취업자,Employed persons,2026-01-27,101,202211,M,DT_1DA9003S,산업별 계절조정 취업자,천명,Thousand Person
35,D 전기 가스 증기 및 공기조절 공급업,D Electricity gas steam and air conditioning supply,산업별,By industry,85,T30,취업자,Employed persons,2026-01-27,101,202212,M,DT_1DA9003S,산업별 계절조정 취업자,천명,Thousand Person
35,D 전기 가스 증기 및 공기조절 공급업,D Electricity gas steam and air conditioning supply,산업별,By industry,85.9,T30,취업자,Employed persons,2026-01-27,101,202301,M,DT_1DA9003S,산업별 계절조정 취업자,천명,Thousand Person
35,D 전기 가스 증기 및 공기조절 공급업,D Electricity gas steam and air conditioning supply,산업별,By industry,90,T30,취업자,Employed persons,2026-01-27,101,202302,M,DT_1DA9003S,산업별 계절조정 취업자,천명,Thousand Person
35,D 전기 가스 증기 및 공기조절 공급업,D Electricity gas steam and air conditioning supply,산업별,By industry,87.4,T30,취업자,Employed persons,2026-01-27,101,202303,M,DT_1DA9003S,산업별 계절조정 취업자,천명,Thousand Person
35,D 전기 가스 증기 및 공기조절 공급업,D Electricity gas steam and air conditioning supply,산업별,By industry,82.9,T30,취업자,Employed persons,2026-01-27,101,202304,M,DT_1DA9003S,산업별 계절조정 취업자,천명,Thousand Person
35,D 전기 가스 증기 및 공기조절 공급업,D Electricity gas steam and air conditioning supply,산업별,By industry,82.6,T30,취업자,Employed persons,2026-01-27,101,202305,M,DT_1DA9003S,산업별 계절조정 취업자,천명,Thousand Person
35,D 전기 가스 증기 및 공기조절 공급업,D Electricity gas steam and air conditioning supply,산업별,By industry,84.3,T30,취업자,Employed persons,2026-01-27,101,202306,M,DT_1DA9003S,산업별 계절조정 취업자,천명,Thousand Person
35,D 전기 가스 증기 및 공기조절 공급업,D Electricity gas steam and air conditioning supply,산업별,By industry,86.1,T30,취업자,Employed persons,2026-01-27,101,202307,M,DT_1DA9003S,산업별 계절조정 취업자,천명,Thousand Person
35,D 전기 가스 증기 및 공기조절 공급업,D Electricity gas steam and air conditioning supply,산업별,By industry,92.1,T30,취업자,Employed persons,2026-01-27,101,202308,M,DT_1DA9003S,산업별 계절조정 취업자,천명,Thousand Person
35,D 전기 가스 증기 및 공기조절 공급업,D Electricity gas steam and air conditioning supply,산업별,By industry,97.2,T30,취업자,Employed persons,2026-01-27,101,202309,M,DT_1DA9003S,산업별 계절조정 취업자,천명,Thousand Person
35,D 전기 가스 증기 및 공기조절 공급업,D Electricity gas steam and air conditioning supply,산업별,By industry,95,T30,취업자,Employed persons,2026-01-27,101,202310,M,DT_1DA9003S,산업별 계절조정 취업자,천명,Thousand Person
35,D 전기 가스 증기 및 공기조절 공급업,D Electricity gas steam and air conditioning supply,산업별,By industry,90.9,T30,취업자,Employed persons,2026-01-27,101,202311,M,DT_1DA9003S,산업별 계절조정 취업자,천명,Thousand Person
35,D 전기 가스 증기 및 공기조절 공급업,D Electricity gas steam and air conditioning supply,산업별,By industry,91.1,T30,취업자,Employed persons,2026-01-27,101,202312,M,DT_1DA9003S,산업별 계절조정 취업자,천명,Thousand Person
35,D 전기 가스 증기 및 공기조절 공급업,D Electricity gas steam and air conditioning supply,산업별,By industry,94.8,T30,취업자,Employed persons,2026-01-27,101,202401,M,DT_1DA9003S,산업별 계절조정 취업자,천명,Thousand Person
35,D 전기 가스 증기 및 공기조절 공급업,D Electricity gas steam and air conditioning supply,산업별,By industry,99.1,T30,취업자,Employed persons,2026-01-27,101,202402,M,DT_1DA9003S,산업별 계절조정 취업자,천명,Thousand Person
35,D 전기 가스 증기 및 공기조절 공급업,D Electricity gas steam and air conditioning supply,산업별,By industry,94.4,T30,취업자,Employed persons,2026-01-27,101,202403,M,DT_1DA9003S,산업별 계절조정 취업자,천명,Thousand Person
35,D 전기 가스 증기 및 공기조절 공급업,D Electricity gas steam and air conditioning supply,산업별,By industry,94.1,T30,취업자,Employed persons,2026-01-27,101,202404,M,DT_1DA9003S,산업별 계절조정 취업자,천명,Thousand Person
35,D 전기 가스 증기 및 공기조절 공급업,D Electricity gas steam and air conditioning supply,산업별,By industry,90.5,T30,취업자,Employed persons,2026-01-27,101,202405,M,DT_1DA9003S,산업별 계절조정 취업자,천명,Thousand Person
35,D 전기 가스 증기 및 공기조절 공급업,D Electricity gas steam and air conditioning supply,산업별,By industry,88.7,T30,취업자,Employed persons,2026-01-27,101,202406,M,DT_1DA9003S,산업별 계절조정 취업자,천명,Thousand Person
35,D 전기 가스 증기 및 공기조절 공급업,D Electricity gas steam and air conditioning supply,산업별,By industry,90.7,T30,취업자,Employed persons,2026-01-27,101,202407,M,DT_1DA9003S,산업별 계절조정 취업자,천명,Thousand Person
35,D 전기 가스 증기 및 공기조절 공급업,D Electricity gas steam and air conditioning supply,산업별,By industry,89.9,T30,취업자,Employed persons,2026-01-27,101,202408,M,DT_1DA9003S,산업별 계절조정 취업자,천명,Thousand Person
35,D 전기 가스 증기 및 공기조절 공급업,D Electricity gas steam and air conditioning supply,산업별,By industry,88.8,T30,취업자,Employed persons,2026-01-27,101,202409,M,DT_1DA9003S,산업별 계절조정 취업자,천명,Thousand Person
35,D 전기 가스 증기 및 공기조절 공급업,D Electricity gas steam and air conditioning supply,산업별,By industry,92.2,T30,취업자,Employed persons,2026-01-27,101,202410,M,DT_1DA9003S,산업별 계절조정 취업자,천명,Thousand Person
35,D 전기 가스 증기 및 공기조절 공급업,D Electricity gas steam and air conditioning supply,산업별,By industry,88.2,T30,취업자,Employed persons,2026-01-27,101,202411,M,DT_1DA9003S,산업별 계절조정 취업자,천명,Thousand Person
35,D 전기 가스 증기 및 공기조절 공급업,D Electricity gas steam and air conditioning supply,산업별,By industry,87,T30,취업자,Employed persons,2026-01-27,101,202412,M,DT_1DA9003S,산업별 계절조정 취업자,천명,Thousand Person
35,D 전기 가스 증기 및 공기조절 공급업,D Electricity gas steam and air conditioning supply,산업별,By industry,92.8,T30,취업자,Employed persons,2026-01-27,101,202501,M,DT_1DA9003S,산업별 계절조정 취업자,천명,Thousand Person
35,D 전기 가스 증기 및 공기조절 공급업,D Electricity gas steam and air conditioning supply,산업별,By industry,90.6,T30,취업자,Employed persons,2026-01-27,101,202502,M,DT_1DA9003S,산업별 계절조정 취업자,천명,Thousand Person
35,D 전기 가스 증기 및 공기조절 공급업,D Electricity gas steam and air conditioning supply,산업별,By industry,93.9,T30,취업자,Employed persons,2026-01-27,101,202503,M,DT_1DA9003S,산업별 계절조정 취업자,천명,Thousand Person
35,D 전기 가스 증기 및 공기조절 공급업,D Electricity gas steam and air conditioning supply,산업별,By industry,89.2,T30,취업자,Employed persons,2026-01-27,101,202504,M,DT_1DA9003S,산업별 계절조정 취업자,천명,Thousand Person
35,D 전기 가스 증기 및 공기조절 공급업,D Electricity gas steam and air conditioning supply,산업별,By industry,94.8,T30,취업자,Employed persons,2026-01-27,101,202505,M,DT_1DA9003S,산업별 계절조정 취업자,천명,Thousand Person
35,D 전기 가스 증기 및 공기조절 공급업,D Electricity gas steam and air conditioning supply,산업별,By industry,98.4,T30,취업자,Employed persons,2026-01-27,101,202506,M,DT_1DA9003S,산업별 계절조정 취업자,천명,Thousand Person
35,D 전기 가스 증기 및 공기조절 공급업,D Electricity gas steam and air conditioning supply,산업별,By industry,96.9,T30,취업자,Employed persons,2026-01-27,101,202507,M,DT_1DA9003S,산업별 계절조정 취업자,천명,Thousand Person
35,D 전기 가스 증기 및 공기조절 공급업,D Electricity gas steam and air conditioning supply,산업별,By industry,100.3,T30,취업자,Employed persons,2026-01-27,101,202508,M,DT_1DA9003S,산업별 계절조정 취업자,천명,Thousand Person
35,D 전기 가스 증기 및 공기조절 공급업,D Electricity gas steam and air conditioning supply,산업별,By industry,102.2,T30,취업자,Employed persons,2026-01-27,101,202509,M,DT_1DA9003S,산업별 계절조정 취업자,천명,Thousand Person
35,D 전기 가스 증기 및 공기조절 공급업,D Electricity gas steam and air conditioning supply,산업별,By industry,101.7,T30,취업자,Employed persons,2026-01-27,101,202510,M,DT_1DA9003S,산업별 계절조정 취업자,천명,Thousand Person
35,D 전기 가스 증기 및 공기조절 공급업,D Electricity gas steam and air conditioning supply,산업별,By industry,100.6,T30,취업자,Employed persons,2026-01-27,101,202511,M,DT_1DA9003S,산업별 계절조정 취업자,천명,Thousand Person
35,D 전기 가스 증기 및 공기조절 공급업,D Electricity gas steam and air conditioning supply,산업별,By industry,96.5,T30,취업자,Employed persons,2026-01-27,101,202512,M,DT_1DA9003S,산업별 계절조정 취업자,천명,Thousand Person
37,E 수도 하수 및 폐기물 처리 원료 재생업,E Water supply; sewage waste management materials recovery,산업별,By industry,86.3,T30,취업자,Employed persons,2026-01-27,101,201301,M,DT_1DA9003S,산업별 계절조정 취업자,천명,Thousand Person
37,E 수도 하수 및 폐기물 처리 원료 재생업,E Water supply; sewage waste management materials recovery,산업별,By industry,83.3,T30,취업자,Employed persons,2026-01-27,101,201302,M,DT_1DA9003S,산업별 계절조정 취업자,천명,Thousand Person
37,E 수도 하수 및 폐기물 처리 원료 재생업,E Water supply; sewage waste management materials recovery,산업별,By industry,84.7,T30,취업자,Employed persons,2026-01-27,101,201303,M,DT_1DA9003S,산업별 계절조정 취업자,천명,Thousand Person
37,E 수도 하수 및 폐기물 처리 원료 재생업,E Water supply; sewage waste management materials recovery,산업별,By industry,84.8,T30,취업자,Employed persons,2026-01-27,101,201304,M,DT_1DA9003S,산업별 계절조정 취업자,천명,Thousand Person
37,E 수도 하수 및 폐기물 처리 원료 재생업,E Water supply; sewage waste management materials recovery,산업별,By industry,90.3,T30,취업자,Employed persons,2026-01-27,101,201305,M,DT_1DA9003S,산업별 계절조정 취업자,천명,Thousand Person
37,E 수도 하수 및 폐기물 처리 원료 재생업,E Water supply; sewage waste management materials recovery,산업별,By industry,94.5,T30,취업자,Employed persons,2026-01-27,101,201306,M,DT_1DA9003S,산업별 계절조정 취업자,천명,Thousand Person
37,E 수도 하수 및 폐기물 처리 원료 재생업,E Water supply; sewage waste management materials recovery,산업별,By industry,95.1,T30,취업자,Employed persons,2026-01-27,101,201307,M,DT_1DA9003S,산업별 계절조정 취업자,천명,Thousand Person
37,E 수도 하수 및 폐기물 처리 원료 재생업,E Water supply; sewage waste management materials recovery,산업별,By industry,99.3,T30,취업자,Employed persons,2026-01-27,101,201308,M,DT_1DA9003S,산업별 계절조정 취업자,천명,Thousand Person
37,E 수도 하수 및 폐기물 처리 원료 재생업,E Water supply; sewage waste management materials recovery,산업별,By industry,95.8,T30,취업자,Employed persons,2026-01-27,101,201309,M,DT_1DA9003S,산업별 계절조정 취업자,천명,Thousand Person
37,E 수도 하수 및 폐기물 처리 원료 재생업,E Water supply; sewage waste management materials recovery,산업별,By industry,102.3,T30,취업자,Employed persons,2026-01-27,101,201310,M,DT_1DA9003S,산업별 계절조정 취업자,천명,Thousand Person
37,E 수도 하수 및 폐기물 처리 원료 재생업,E Water supply; sewage waste management materials recovery,산업별,By industry,102.3,T30,취업자,Employed persons,2026-01-27,101,201311,M,DT_1DA9003S,산업별 계절조정 취업자,천명,Thousand Person
37,E 수도 하수 및 폐기물 처리 원료 재생업,E Water supply; sewage waste management materials recovery,산업별,By industry,99.4,T30,취업자,Employed persons,2026-01-27,101,201312,M,DT_1DA9003S,산업별 계절조정 취업자,천명,Thousand Person
37,E 수도 하수 및 폐기물 처리 원료 재생업,E Water supply; sewage waste management materials recovery,산업별,By industry,96.4,T30,취업자,Employed persons,2026-01-27,101,201401,M,DT_1DA9003S,산업별 계절조정 취업자,천명,Thousand Person
37,E 수도 하수 및 폐기물 처리 원료 재생업,E Water supply; sewage waste management materials recovery,산업별,By industry,100,T30,취업자,Employed persons,2026-01-27,101,201402,M,DT_1DA9003S,산업별 계절조정 취업자,천명,Thousand Person
37,E 수도 하수 및 폐기물 처리 원료 재생업,E Water supply; sewage waste management materials recovery,산업별,By industry,99.6,T30,취업자,Employed persons,2026-01-27,101,201403,M,DT_1DA9003S,산업별 계절조정 취업자,천명,Thousand Person
37,E 수도 하수 및 폐기물 처리 원료 재생업,E Water supply; sewage waste management materials recovery,산업별,By industry,106.3,T30,취업자,Employed persons,2026-01-27,101,201404,M,DT_1DA9003S,산업별 계절조정 취업자,천명,Thousand Person
37,E 수도 하수 및 폐기물 처리 원료 재생업,E Water supply; sewage waste management materials recovery,산업별,By industry,108.2,T30,취업자,Employed persons,2026-01-27,101,201405,M,DT_1DA9003S,산업별 계절조정 취업자,천명,Thousand Person
37,E 수도 하수 및 폐기물 처리 원료 재생업,E Water supply; sewage waste management materials recovery,산업별,By industry,107,T30,취업자,Employed persons,2026-01-27,101,201406,M,DT_1DA9003S,산업별 계절조정 취업자,천명,Thousand Person
37,E 수도 하수 및 폐기물 처리 원료 재생업,E Water supply; sewage waste management materials recovery,산업별,By industry,107.5,T30,취업자,Employed persons,2026-01-27,101,201407,M,DT_1DA9003S,산업별 계절조정 취업자,천명,Thousand Person
37,E 수도 하수 및 폐기물 처리 원료 재생업,E Water supply; sewage waste management materials recovery,산업별,By industry,108.5,T30,취업자,Employed persons,2026-01-27,101,201408,M,DT_1DA9003S,산업별 계절조정 취업자,천명,Thousand Person
37,E 수도 하수 및 폐기물 처리 원료 재생업,E Water supply; sewage waste management materials recovery,산업별,By industry,102.1,T30,취업자,Employed persons,2026-01-27,101,201409,M,DT_1DA9003S,산업별 계절조정 취업자,천명,Thousand Person
37,E 수도 하수 및 폐기물 처리 원료 재생업,E Water supply; sewage waste management materials recovery,산업별,By industry,105.3,T30,취업자,Employed persons,2026-01-27,101,201410,M,DT_1DA9003S,산업별 계절조정 취업자,천명,Thousand Person
37,E 수도 하수 및 폐기물 처리 원료 재생업,E Water supply; sewage waste management materials recovery,산업별,By industry,111.4,T30,취업자,Employed persons,2026-01-27,101,201411,M,DT_1DA9003S,산업별 계절조정 취업자,천명,Thousand Person
37,E 수도 하수 및 폐기물 처리 원료 재생업,E Water supply; sewage waste management materials recovery,산업별,By industry,105.2,T30,취업자,Employed persons,2026-01-27,101,201412,M,DT_1DA9003S,산업별 계절조정 취업자,천명,Thousand Person
37,E 수도 하수 및 폐기물 처리 원료 재생업,E Water supply; sewage waste management materials recovery,산업별,By industry,103.1,T30,취업자,Employed persons,2026-01-27,101,201501,M,DT_1DA9003S,산업별 계절조정 취업자,천명,Thousand Person
37,E 수도 하수 및 폐기물 처리 원료 재생업,E Water supply; sewage waste management materials recovery,산업별,By industry,104.5,T30,취업자,Employed persons,2026-01-27,101,201502,M,DT_1DA9003S,산업별 계절조정 취업자,천명,Thousand Person
37,E 수도 하수 및 폐기물 처리 원료 재생업,E Water supply; sewage waste management materials recovery,산업별,By industry,108.8,T30,취업자,Employed persons,2026-01-27,101,201503,M,DT_1DA9003S,산업별 계절조정 취업자,천명,Thousand Person
37,E 수도 하수 및 폐기물 처리 원료 재생업,E Water supply; sewage waste management materials recovery,산업별,By industry,105.8,T30,취업자,Employed persons,2026-01-27,101,201504,M,DT_1DA9003S,산업별 계절조정 취업자,천명,Thousand Person
37,E 수도 하수 및 폐기물 처리 원료 재생업,E Water supply; sewage waste management materials recovery,산업별,By industry,107.9,T30,취업자,Employed persons,2026-01-27,101,201505,M,DT_1DA9003S,산업별 계절조정 취업자,천명,Thousand Person
37,E 수도 하수 및 폐기물 처리 원료 재생업,E Water supply; sewage waste management materials recovery,산업별,By industry,105,T30,취업자,Employed persons,2026-01-27,101,201506,M,DT_1DA9003S,산업별 계절조정 취업자,천명,Thousand Person
37,E 수도 하수 및 폐기물 처리 원료 재생업,E Water supply; sewage waste management materials recovery,산업별,By industry,104.1,T30,취업자,Employed persons,2026-01-27,101,201507,M,DT_1DA9003S,산업별 계절조정 취업자,천명,Thousand Person
37,E 수도 하수 및 폐기물 처리 원료 재생업,E Water supply; sewage waste management materials recovery,산업별,By industry,105.9,T30,취업자,Employed persons,2026-01-27,101,201508,M,DT_1DA9003S,산업별 계절조정 취업자,천명,Thousand Person
37,E 수도 하수 및 폐기물 처리 원료 재생업,E Water supply; sewage waste management materials recovery,산업별,By industry,106.4,T30,취업자,Employed persons,2026-01-27,101,201509,M,DT_1DA9003S,산업별 계절조정 취업자,천명,Thousand Person
37,E 수도 하수 및 폐기물 처리 원료 재생업,E Water supply; sewage waste management materials recovery,산업별,By industry,104.6,T30,취업자,Employed persons,2026-01-27,101,201510,M,DT_1DA9003S,산업별 계절조정 취업자,천명,Thousand Person
37,E 수도 하수 및 폐기물 처리 원료 재생업,E Water supply; sewage waste management materials recovery,산업별,By industry,104.9,T30,취업자,Employed persons,2026-01-27,101,201511,M,DT_1DA9003S,산업별 계절조정 취업자,천명,Thousand Person
37,E 수도 하수 및 폐기물 처리 원료 재생업,E Water supply; sewage waste management materials recovery,산업별,By industry,104.5,T30,취업자,Employed persons,2026-01-27,101,201512,M,DT_1DA9003S,산업별 계절조정 취업자,천명,Thousand Person
37,E 수도 하수 및 폐기물 처리 원료 재생업,E Water supply; sewage waste management materials recovery,산업별,By industry,107.1,T30,취업자,Employed persons,2026-01-27,101,201601,M,DT_1DA9003S,산업별 계절조정 취업자,천명,Thousand Person
37,E 수도 하수 및 폐기물 처리 원료 재생업,E Water supply; sewage waste management materials recovery,산업별,By industry,107.3,T30,취업자,Employed persons,2026-01-27,101,201602,M,DT_1DA9003S,산업별 계절조정 취업자,천명,Thousand Person
37,E 수도 하수 및 폐기물 처리 원료 재생업,E Water supply; sewage waste management materials recovery,산업별,By industry,107.6,T30,취업자,Employed persons,2026-01-27,101,201603,M,DT_1DA9003S,산업별 계절조정 취업자,천명,Thousand Person
37,E 수도 하수 및 폐기물 처리 원료 재생업,E Water supply; sewage waste management materials recovery,산업별,By industry,113.8,T30,취업자,Employed persons,2026-01-27,101,201604,M,DT_1DA9003S,산업별 계절조정 취업자,천명,Thousand Person
37,E 수도 하수 및 폐기물 처리 원료 재생업,E Water supply; sewage waste management materials recovery,산업별,By industry,113.3,T30,취업자,Employed persons,2026-01-27,101,201605,M,DT_1DA9003S,산업별 계절조정 취업자,천명,Thousand Person
37,E 수도 하수 및 폐기물 처리 원료 재생업,E Water supply; sewage waste management materials recovery,산업별,By industry,110.8,T30,취업자,Employed persons,2026-01-27,101,201606,M,DT_1DA9003S,산업별 계절조정 취업자,천명,Thousand Person
37,E 수도 하수 및 폐기물 처리 원료 재생업,E Water supply; sewage waste management materials recovery,산업별,By industry,114.7,T30,취업자,Employed persons,2026-01-27,101,201607,M,DT_1DA9003S,산업별 계절조정 취업자,천명,Thousand Person
37,E 수도 하수 및 폐기물 처리 원료 재생업,E Water supply; sewage waste management materials recovery,산업별,By industry,116.5,T30,취업자,Employed persons,2026-01-27,101,201608,M,DT_1DA9003S,산업별 계절조정 취업자,천명,Thousand Person
37,E 수도 하수 및 폐기물 처리 원료 재생업,E Water supply; sewage waste management materials recovery,산업별,By industry,121.3,T30,취업자,Employed persons,2026-01-27,101,201609,M,DT_1DA9003S,산업별 계절조정 취업자,천명,Thousand Person
37,E 수도 하수 및 폐기물 처리 원료 재생업,E Water supply; sewage waste management materials recovery,산업별,By industry,115.4,T30,취업자,Employed persons,2026-01-27,101,201610,M,DT_1DA9003S,산업별 계절조정 취업자,천명,Thousand Person
37,E 수도 하수 및 폐기물 처리 원료 재생업,E Water supply; sewage waste management materials recovery,산업별,By industry,116.6,T30,취업자,Employed persons,2026-01-27,101,201611,M,DT_1DA9003S,산업별 계절조정 취업자,천명,Thousand Person
37,E 수도 하수 및 폐기물 처리 원료 재생업,E Water supply; sewage waste management materials recovery,산업별,By industry,113.3,T30,취업자,Employed persons,2026-01-27,101,201612,M,DT_1DA9003S,산업별 계절조정 취업자,천명,Thousand Person
37,E 수도 하수 및 폐기물 처리 원료 재생업,E Water supply; sewage waste management materials recovery,산업별,By industry,109.9,T30,취업자,Employed persons,2026-01-27,101,201701,M,DT_1DA9003S,산업별 계절조정 취업자,천명,Thousand Person
37,E 수도 하수 및 폐기물 처리 원료 재생업,E Water supply; sewage waste management materials recovery,산업별,By industry,111.7,T30,취업자,Employed persons,2026-01-27,101,201702,M,DT_1DA9003S,산업별 계절조정 취업자,천명,Thousand Person
37,E 수도 하수 및 폐기물 처리 원료 재생업,E Water supply; sewage waste management materials recovery,산업별,By industry,118.5,T30,취업자,Employed persons,2026-01-27,101,201703,M,DT_1DA9003S,산업별 계절조정 취업자,천명,Thousand Person
37,E 수도 하수 및 폐기물 처리 원료 재생업,E Water supply; sewage waste management materials recovery,산업별,By industry,117.1,T30,취업자,Employed persons,2026-01-27,101,201704,M,DT_1DA9003S,산업별 계절조정 취업자,천명,Thousand Person
37,E 수도 하수 및 폐기물 처리 원료 재생업,E Water supply; sewage waste management materials recovery,산업별,By industry,117.7,T30,취업자,Employed persons,2026-01-27,101,201705,M,DT_1DA9003S,산업별 계절조정 취업자,천명,Thousand Person
37,E 수도 하수 및 폐기물 처리 원료 재생업,E Water supply; sewage waste management materials recovery,산업별,By industry,120.3,T30,취업자,Employed persons,2026-01-27,101,201706,M,DT_1DA9003S,산업별 계절조정 취업자,천명,Thousand Person
37,E 수도 하수 및 폐기물 처리 원료 재생업,E Water supply; sewage waste management materials recovery,산업별,By industry,118.1,T30,취업자,Employed persons,2026-01-27,101,201707,M,DT_1DA9003S,산업별 계절조정 취업자,천명,Thousand Person
37,E 수도 하수 및 폐기물 처리 원료 재생업,E Water supply; sewage waste management materials recovery,산업별,By industry,111.9,T30,취업자,Employed persons,2026-01-27,101,201708,M,DT_1DA9003S,산업별 계절조정 취업자,천명,Thousand Person
37,E 수도 하수 및 폐기물 처리 원료 재생업,E Water supply; sewage waste management materials recovery,산업별,By industry,111.3,T30,취업자,Employed persons,2026-01-27,101,201709,M,DT_1DA9003S,산업별 계절조정 취업자,천명,Thousand Person
37,E 수도 하수 및 폐기물 처리 원료 재생업,E Water supply; sewage waste management materials recovery,산업별,By industry,112.9,T30,취업자,Employed persons,2026-01-27,101,201710,M,DT_1DA9003S,산업별 계절조정 취업자,천명,Thousand Person
37,E 수도 하수 및 폐기물 처리 원료 재생업,E Water supply; sewage waste management materials recovery,산업별,By industry,113.5,T30,취업자,Employed persons,2026-01-27,101,201711,M,DT_1DA9003S,산업별 계절조정 취업자,천명,Thousand Person
37,E 수도 하수 및 폐기물 처리 원료 재생업,E Water supply; sewage waste management materials recovery,산업별,By industry,116.5,T30,취업자,Employed persons,2026-01-27,101,201712,M,DT_1DA9003S,산업별 계절조정 취업자,천명,Thousand Person
37,E 수도 하수 및 폐기물 처리 원료 재생업,E Water supply; sewage waste management materials recovery,산업별,By industry,114.6,T30,취업자,Employed persons,2026-01-27,101,201801,M,DT_1DA9003S,산업별 계절조정 취업자,천명,Thousand Person
37,E 수도 하수 및 폐기물 처리 원료 재생업,E Water supply; sewage waste management materials recovery,산업별,By industry,118.7,T30,취업자,Employed persons,2026-01-27,101,201802,M,DT_1DA9003S,산업별 계절조정 취업자,천명,Thousand Person
37,E 수도 하수 및 폐기물 처리 원료 재생업,E Water supply; sewage waste management materials recovery,산업별,By industry,122.1,T30,취업자,Employed persons,2026-01-27,101,201803,M,DT_1DA9003S,산업별 계절조정 취업자,천명,Thousand Person
37,E 수도 하수 및 폐기물 처리 원료 재생업,E Water supply; sewage waste management materials recovery,산업별,By industry,123.8,T30,취업자,Employed persons,2026-01-27,101,201804,M,DT_1DA9003S,산업별 계절조정 취업자,천명,Thousand Person
37,E 수도 하수 및 폐기물 처리 원료 재생업,E Water supply; sewage waste management materials recovery,산업별,By industry,120.7,T30,취업자,Employed persons,2026-01-27,101,201805,M,DT_1DA9003S,산업별 계절조정 취업자,천명,Thousand Person
37,E 수도 하수 및 폐기물 처리 원료 재생업,E Water supply; sewage waste management materials recovery,산업별,By industry,123.4,T30,취업자,Employed persons,2026-01-27,101,201806,M,DT_1DA9003S,산업별 계절조정 취업자,천명,Thousand Person
37,E 수도 하수 및 폐기물 처리 원료 재생업,E Water supply; sewage waste management materials recovery,산업별,By industry,125.2,T30,취업자,Employed persons,2026-01-27,101,201807,M,DT_1DA9003S,산업별 계절조정 취업자,천명,Thousand Person
37,E 수도 하수 및 폐기물 처리 원료 재생업,E Water supply; sewage waste management materials recovery,산업별,By industry,132.3,T30,취업자,Employed persons,2026-01-27,101,201808,M,DT_1DA9003S,산업별 계절조정 취업자,천명,Thousand Person
37,E 수도 하수 및 폐기물 처리 원료 재생업,E Water supply; sewage waste management materials recovery,산업별,By industry,138.7,T30,취업자,Employed persons,2026-01-27,101,201809,M,DT_1DA9003S,산업별 계절조정 취업자,천명,Thousand Person
37,E 수도 하수 및 폐기물 처리 원료 재생업,E Water supply; sewage waste management materials recovery,산업별,By industry,139.2,T30,취업자,Employed persons,2026-01-27,101,201810,M,DT_1DA9003S,산업별 계절조정 취업자,천명,Thousand Person
37,E 수도 하수 및 폐기물 처리 원료 재생업,E Water supply; sewage waste management materials recovery,산업별,By industry,132.2,T30,취업자,Employed persons,2026-01-27,101,201811,M,DT_1DA9003S,산업별 계절조정 취업자,천명,Thousand Person
37,E 수도 하수 및 폐기물 처리 원료 재생업,E Water supply; sewage waste management materials recovery,산업별,By industry,129.2,T30,취업자,Employed persons,2026-01-27,101,201812,M,DT_1DA9003S,산업별 계절조정 취업자,천명,Thousand Person
37,E 수도 하수 및 폐기물 처리 원료 재생업,E Water supply; sewage waste management materials recovery,산업별,By industry,134,T30,취업자,Employed persons,2026-01-27,101,201901,M,DT_1DA9003S,산업별 계절조정 취업자,천명,Thousand Person
37,E 수도 하수 및 폐기물 처리 원료 재생업,E Water supply; sewage waste management materials recovery,산업별,By industry,126.3,T30,취업자,Employed persons,2026-01-27,101,201902,M,DT_1DA9003S,산업별 계절조정 취업자,천명,Thousand Person
37,E 수도 하수 및 폐기물 처리 원료 재생업,E Water supply; sewage waste management materials recovery,산업별,By industry,124.6,T30,취업자,Employed persons,2026-01-27,101,201903,M,DT_1DA9003S,산업별 계절조정 취업자,천명,Thousand Person
37,E 수도 하수 및 폐기물 처리 원료 재생업,E Water supply; sewage waste management materials recovery,산업별,By industry,128.1,T30,취업자,Employed persons,2026-01-27,101,201904,M,DT_1DA9003S,산업별 계절조정 취업자,천명,Thousand Person
37,E 수도 하수 및 폐기물 처리 원료 재생업,E Water supply; sewage waste management materials recovery,산업별,By industry,135.4,T30,취업자,Employed persons,2026-01-27,101,201905,M,DT_1DA9003S,산업별 계절조정 취업자,천명,Thousand Person
37,E 수도 하수 및 폐기물 처리 원료 재생업,E Water supply; sewage waste management materials recovery,산업별,By industry,135,T30,취업자,Employed persons,2026-01-27,101,201906,M,DT_1DA9003S,산업별 계절조정 취업자,천명,Thousand Person
37,E 수도 하수 및 폐기물 처리 원료 재생업,E Water supply; sewage waste management materials recovery,산업별,By industry,135.1,T30,취업자,Employed persons,2026-01-27,101,201907,M,DT_1DA9003S,산업별 계절조정 취업자,천명,Thousand Person
37,E 수도 하수 및 폐기물 처리 원료 재생업,E Water supply; sewage waste management materials recovery,산업별,By industry,139.2,T30,취업자,Employed persons,2026-01-27,101,201908,M,DT_1DA9003S,산업별 계절조정 취업자,천명,Thousand Person
37,E 수도 하수 및 폐기물 처리 원료 재생업,E Water supply; sewage waste management materials recovery,산업별,By industry,135.3,T30,취업자,Employed persons,2026-01-27,101,201909,M,DT_1DA9003S,산업별 계절조정 취업자,천명,Thousand Person
37,E 수도 하수 및 폐기물 처리 원료 재생업,E Water supply; sewage waste management materials recovery,산업별,By industry,140,T30,취업자,Employed persons,2026-01-27,101,201910,M,DT_1DA9003S,산업별 계절조정 취업자,천명,Thousand Person
37,E 수도 하수 및 폐기물 처리 원료 재생업,E Water supply; sewage waste management materials recovery,산업별,By industry,141.9,T30,취업자,Employed persons,2026-01-27,101,201911,M,DT_1DA9003S,산업별 계절조정 취업자,천명,Thousand Person
37,E 수도 하수 및 폐기물 처리 원료 재생업,E Water supply; sewage waste management materials recovery,산업별,By industry,146.5,T30,취업자,Employed persons,2026-01-27,101,201912,M,DT_1DA9003S,산업별 계절조정 취업자,천명,Thousand Person
37,E 수도 하수 및 폐기물 처리 원료 재생업,E Water supply; sewage waste management materials recovery,산업별,By industry,143.5,T30,취업자,Employed persons,2026-01-27,101,202001,M,DT_1DA9003S,산업별 계절조정 취업자,천명,Thousand Person
37,E 수도 하수 및 폐기물 처리 원료 재생업,E Water supply; sewage waste management materials recovery,산업별,By industry,143.4,T30,취업자,Employed persons,2026-01-27,101,202002,M,DT_1DA9003S,산업별 계절조정 취업자,천명,Thousand Person
37,E 수도 하수 및 폐기물 처리 원료 재생업,E Water supply; sewage waste management materials recovery,산업별,By industry,145.5,T30,취업자,Employed persons,2026-01-27,101,202003,M,DT_1DA9003S,산업별 계절조정 취업자,천명,Thousand Person
37,E 수도 하수 및 폐기물 처리 원료 재생업,E Water supply; sewage waste management materials recovery,산업별,By industry,149.1,T30,취업자,Employed persons,2026-01-27,101,202004,M,DT_1DA9003S,산업별 계절조정 취업자,천명,Thousand Person
37,E 수도 하수 및 폐기물 처리 원료 재생업,E Water supply; sewage waste management materials recovery,산업별,By industry,148.7,T30,취업자,Employed persons,2026-01-27,101,202005,M,DT_1DA9003S,산업별 계절조정 취업자,천명,Thousand Person
37,E 수도 하수 및 폐기물 처리 원료 재생업,E Water supply; sewage waste management materials recovery,산업별,By industry,153.7,T30,취업자,Employed persons,2026-01-27,101,202006,M,DT_1DA9003S,산업별 계절조정 취업자,천명,Thousand Person
37,E 수도 하수 및 폐기물 처리 원료 재생업,E Water supply; sewage waste management materials recovery,산업별,By industry,153.5,T30,취업자,Employed persons,2026-01-27,101,202007,M,DT_1DA9003S,산업별 계절조정 취업자,천명,Thousand Person
37,E 수도 하수 및 폐기물 처리 원료 재생업,E Water supply; sewage waste management materials recovery,산업별,By industry,154.4,T30,취업자,Employed persons,2026-01-27,101,202008,M,DT_1DA9003S,산업별 계절조정 취업자,천명,Thousand Person
37,E 수도 하수 및 폐기물 처리 원료 재생업,E Water supply; sewage waste management materials recovery,산업별,By industry,155.1,T30,취업자,Employed persons,2026-01-27,101,202009,M,DT_1DA9003S,산업별 계절조정 취업자,천명,Thousand Person
37,E 수도 하수 및 폐기물 처리 원료 재생업,E Water supply; sewage waste management materials recovery,산업별,By industry,156.2,T30,취업자,Employed persons,2026-01-27,101,202010,M,DT_1DA9003S,산업별 계절조정 취업자,천명,Thousand Person
37,E 수도 하수 및 폐기물 처리 원료 재생업,E Water supply; sewage waste management materials recovery,산업별,By industry,163.2,T30,취업자,Employed persons,2026-01-27,101,202011,M,DT_1DA9003S,산업별 계절조정 취업자,천명,Thousand Person
37,E 수도 하수 및 폐기물 처리 원료 재생업,E Water supply; sewage waste management materials recovery,산업별,By industry,164.2,T30,취업자,Employed persons,2026-01-27,101,202012,M,DT_1DA9003S,산업별 계절조정 취업자,천명,Thousand Person
37,E 수도 하수 및 폐기물 처리 원료 재생업,E Water supply; sewage waste management materials recovery,산업별,By industry,159.1,T30,취업자,Employed persons,2026-01-27,101,202101,M,DT_1DA9003S,산업별 계절조정 취업자,천명,Thousand Person
37,E 수도 하수 및 폐기물 처리 원료 재생업,E Water supply; sewage waste management materials recovery,산업별,By industry,157.7,T30,취업자,Employed persons,2026-01-27,101,202102,M,DT_1DA9003S,산업별 계절조정 취업자,천명,Thousand Person
37,E 수도 하수 및 폐기물 처리 원료 재생업,E Water supply; sewage waste management materials recovery,산업별,By industry,163.4,T30,취업자,Employed persons,2026-01-27,101,202103,M,DT_1DA9003S,산업별 계절조정 취업자,천명,Thousand Person
37,E 수도 하수 및 폐기물 처리 원료 재생업,E Water supply; sewage waste management materials recovery,산업별,By industry,168.2,T30,취업자,Employed persons,2026-01-27,101,202104,M,DT_1DA9003S,산업별 계절조정 취업자,천명,Thousand Person
37,E 수도 하수 및 폐기물 처리 원료 재생업,E Water supply; sewage waste management materials recovery,산업별,By industry,168.5,T30,취업자,Employed persons,2026-01-27,101,202105,M,DT_1DA9003S,산업별 계절조정 취업자,천명,Thousand Person
37,E 수도 하수 및 폐기물 처리 원료 재생업,E Water supply; sewage waste management materials recovery,산업별,By industry,170.4,T30,취업자,Employed persons,2026-01-27,101,202106,M,DT_1DA9003S,산업별 계절조정 취업자,천명,Thousand Person
37,E 수도 하수 및 폐기물 처리 원료 재생업,E Water supply; sewage waste management materials recovery,산업별,By industry,174.9,T30,취업자,Employed persons,2026-01-27,101,202107,M,DT_1DA9003S,산업별 계절조정 취업자,천명,Thousand Person
37,E 수도 하수 및 폐기물 처리 원료 재생업,E Water supply; sewage waste management materials recovery,산업별,By industry,172.5,T30,취업자,Employed persons,2026-01-27,101,202108,M,DT_1DA9003S,산업별 계절조정 취업자,천명,Thousand Person
37,E 수도 하수 및 폐기물 처리 원료 재생업,E Water supply; sewage waste management materials recovery,산업별,By industry,175.4,T30,취업자,Employed persons,2026-01-27,101,202109,M,DT_1DA9003S,산업별 계절조정 취업자,천명,Thousand Person
37,E 수도 하수 및 폐기물 처리 원료 재생업,E Water supply; sewage waste management materials recovery,산업별,By industry,169.6,T30,취업자,Employed persons,2026-01-27,101,202110,M,DT_1DA9003S,산업별 계절조정 취업자,천명,Thousand Person
37,E 수도 하수 및 폐기물 처리 원료 재생업,E Water supply; sewage waste management materials recovery,산업별,By industry,170.6,T30,취업자,Employed persons,2026-01-27,101,202111,M,DT_1DA9003S,산업별 계절조정 취업자,천명,Thousand Person
37,E 수도 하수 및 폐기물 처리 원료 재생업,E Water supply; sewage waste management materials recovery,산업별,By industry,174.9,T30,취업자,Employed persons,2026-01-27,101,202112,M,DT_1DA9003S,산업별 계절조정 취업자,천명,Thousand Person
37,E 수도 하수 및 폐기물 처리 원료 재생업,E Water supply; sewage waste management materials recovery,산업별,By industry,172.5,T30,취업자,Employed persons,2026-01-27,101,202201,M,DT_1DA9003S,산업별 계절조정 취업자,천명,Thousand Person
37,E 수도 하수 및 폐기물 처리 원료 재생업,E Water supply; sewage waste management materials recovery,산업별,By industry,175.7,T30,취업자,Employed persons,2026-01-27,101,202202,M,DT_1DA9003S,산업별 계절조정 취업자,천명,Thousand Person
37,E 수도 하수 및 폐기물 처리 원료 재생업,E Water supply; sewage waste management materials recovery,산업별,By industry,171,T30,취업자,Employed persons,2026-01-27,101,202203,M,DT_1DA9003S,산업별 계절조정 취업자,천명,Thousand Person
37,E 수도 하수 및 폐기물 처리 원료 재생업,E Water supply; sewage waste management materials recovery,산업별,By industry,157.4,T30,취업자,Employed persons,2026-01-27,101,202204,M,DT_1DA9003S,산업별 계절조정 취업자,천명,Thousand Person
37,E 수도 하수 및 폐기물 처리 원료 재생업,E Water supply; sewage waste management materials recovery,산업별,By industry,156.3,T30,취업자,Employed persons,2026-01-27,101,202205,M,DT_1DA9003S,산업별 계절조정 취업자,천명,Thousand Person
37,E 수도 하수 및 폐기물 처리 원료 재생업,E Water supply; sewage waste management materials recovery,산업별,By industry,145.1,T30,취업자,Employed persons,2026-01-27,101,202206,M,DT_1DA9003S,산업별 계절조정 취업자,천명,Thousand Person
37,E 수도 하수 및 폐기물 처리 원료 재생업,E Water supply; sewage waste management materials recovery,산업별,By industry,146.2,T30,취업자,Employed persons,2026-01-27,101,202207,M,DT_1DA9003S,산업별 계절조정 취업자,천명,Thousand Person
37,E 수도 하수 및 폐기물 처리 원료 재생업,E Water supply; sewage waste management materials recovery,산업별,By industry,146.1,T30,취업자,Employed persons,2026-01-27,101,202208,M,DT_1DA9003S,산업별 계절조정 취업자,천명,Thousand Person
37,E 수도 하수 및 폐기물 처리 원료 재생업,E Water supply; sewage waste management materials recovery,산업별,By industry,143.4,T30,취업자,Employed persons,2026-01-27,101,202209,M,DT_1DA9003S,산업별 계절조정 취업자,천명,Thousand Person
37,E 수도 하수 및 폐기물 처리 원료 재생업,E Water supply; sewage waste management materials recovery,산업별,By industry,147.1,T30,취업자,Employed persons,2026-01-27,101,202210,M,DT_1DA9003S,산업별 계절조정 취업자,천명,Thousand Person
37,E 수도 하수 및 폐기물 처리 원료 재생업,E Water supply; sewage waste management materials recovery,산업별,By industry,143.7,T30,취업자,Employed persons,2026-01-27,101,202211,M,DT_1DA9003S,산업별 계절조정 취업자,천명,Thousand Person
37,E 수도 하수 및 폐기물 처리 원료 재생업,E Water supply; sewage waste management materials recovery,산업별,By industry,146.7,T30,취업자,Employed persons,2026-01-27,101,202212,M,DT_1DA9003S,산업별 계절조정 취업자,천명,Thousand Person
37,E 수도 하수 및 폐기물 처리 원료 재생업,E Water supply; sewage waste management materials recovery,산업별,By industry,141.7,T30,취업자,Employed persons,2026-01-27,101,202301,M,DT_1DA9003S,산업별 계절조정 취업자,천명,Thousand Person
37,E 수도 하수 및 폐기물 처리 원료 재생업,E Water supply; sewage waste management materials recovery,산업별,By industry,148.2,T30,취업자,Employed persons,2026-01-27,101,202302,M,DT_1DA9003S,산업별 계절조정 취업자,천명,Thousand Person
37,E 수도 하수 및 폐기물 처리 원료 재생업,E Water supply; sewage waste management materials recovery,산업별,By industry,156,T30,취업자,Employed persons,2026-01-27,101,202303,M,DT_1DA9003S,산업별 계절조정 취업자,천명,Thousand Person
37,E 수도 하수 및 폐기물 처리 원료 재생업,E Water supply; sewage waste management materials recovery,산업별,By industry,151.7,T30,취업자,Employed persons,2026-01-27,101,202304,M,DT_1DA9003S,산업별 계절조정 취업자,천명,Thousand Person
37,E 수도 하수 및 폐기물 처리 원료 재생업,E Water supply; sewage waste management materials recovery,산업별,By industry,152.2,T30,취업자,Employed persons,2026-01-27,101,202305,M,DT_1DA9003S,산업별 계절조정 취업자,천명,Thousand Person
37,E 수도 하수 및 폐기물 처리 원료 재생업,E Water supply; sewage waste management materials recovery,산업별,By industry,140.6,T30,취업자,Employed persons,2026-01-27,101,202306,M,DT_1DA9003S,산업별 계절조정 취업자,천명,Thousand Person
37,E 수도 하수 및 폐기물 처리 원료 재생업,E Water supply; sewage waste management materials recovery,산업별,By industry,146.8,T30,취업자,Employed persons,2026-01-27,101,202307,M,DT_1DA9003S,산업별 계절조정 취업자,천명,Thousand Person
37,E 수도 하수 및 폐기물 처리 원료 재생업,E Water supply; sewage waste management materials recovery,산업별,By industry,148.8,T30,취업자,Employed persons,2026-01-27,101,202308,M,DT_1DA9003S,산업별 계절조정 취업자,천명,Thousand Person
37,E 수도 하수 및 폐기물 처리 원료 재생업,E Water supply; sewage waste management materials recovery,산업별,By industry,147.1,T30,취업자,Employed persons,2026-01-27,101,202309,M,DT_1DA9003S,산업별 계절조정 취업자,천명,Thousand Person
37,E 수도 하수 및 폐기물 처리 원료 재생업,E Water supply; sewage waste management materials recovery,산업별,By industry,139.2,T30,취업자,Employed persons,2026-01-27,101,202310,M,DT_1DA9003S,산업별 계절조정 취업자,천명,Thousand Person
37,E 수도 하수 및 폐기물 처리 원료 재생업,E Water supply; sewage waste management materials recovery,산업별,By industry,144.8,T30,취업자,Employed persons,2026-01-27,101,202311,M,DT_1DA9003S,산업별 계절조정 취업자,천명,Thousand Person
37,E 수도 하수 및 폐기물 처리 원료 재생업,E Water supply; sewage waste management materials recovery,산업별,By industry,143.6,T30,취업자,Employed persons,2026-01-27,101,202312,M,DT_1DA9003S,산업별 계절조정 취업자,천명,Thousand Person
37,E 수도 하수 및 폐기물 처리 원료 재생업,E Water supply; sewage waste management materials recovery,산업별,By industry,141.3,T30,취업자,Employed persons,2026-01-27,101,202401,M,DT_1DA9003S,산업별 계절조정 취업자,천명,Thousand Person
37,E 수도 하수 및 폐기물 처리 원료 재생업,E Water supply; sewage waste management materials recovery,산업별,By industry,143.7,T30,취업자,Employed persons,2026-01-27,101,202402,M,DT_1DA9003S,산업별 계절조정 취업자,천명,Thousand Person
37,E 수도 하수 및 폐기물 처리 원료 재생업,E Water supply; sewage waste management materials recovery,산업별,By industry,145.3,T30,취업자,Employed persons,2026-01-27,101,202403,M,DT_1DA9003S,산업별 계절조정 취업자,천명,Thousand Person
37,E 수도 하수 및 폐기물 처리 원료 재생업,E Water supply; sewage waste management materials recovery,산업별,By industry,142.4,T30,취업자,Employed persons,2026-01-27,101,202404,M,DT_1DA9003S,산업별 계절조정 취업자,천명,Thousand Person
37,E 수도 하수 및 폐기물 처리 원료 재생업,E Water supply; sewage waste management materials recovery,산업별,By industry,142.1,T30,취업자,Employed persons,2026-01-27,101,202405,M,DT_1DA9003S,산업별 계절조정 취업자,천명,Thousand Person
37,E 수도 하수 및 폐기물 처리 원료 재생업,E Water supply; sewage waste management materials recovery,산업별,By industry,139.6,T30,취업자,Employed persons,2026-01-27,101,202406,M,DT_1DA9003S,산업별 계절조정 취업자,천명,Thousand Person
37,E 수도 하수 및 폐기물 처리 원료 재생업,E Water supply; sewage waste management materials recovery,산업별,By industry,134.7,T30,취업자,Employed persons,2026-01-27,101,202407,M,DT_1DA9003S,산업별 계절조정 취업자,천명,Thousand Person
37,E 수도 하수 및 폐기물 처리 원료 재생업,E Water supply; sewage waste management materials recovery,산업별,By industry,140.6,T30,취업자,Employed persons,2026-01-27,101,202408,M,DT_1DA9003S,산업별 계절조정 취업자,천명,Thousand Person
37,E 수도 하수 및 폐기물 처리 원료 재생업,E Water supply; sewage waste management materials recovery,산업별,By industry,147.3,T30,취업자,Employed persons,2026-01-27,101,202409,M,DT_1DA9003S,산업별 계절조정 취업자,천명,Thousand Person
37,E 수도 하수 및 폐기물 처리 원료 재생업,E Water supply; sewage waste management materials recovery,산업별,By industry,142.6,T30,취업자,Employed persons,2026-01-27,101,202410,M,DT_1DA9003S,산업별 계절조정 취업자,천명,Thousand Person
37,E 수도 하수 및 폐기물 처리 원료 재생업,E Water supply; sewage waste management materials recovery,산업별,By industry,138.1,T30,취업자,Employed persons,2026-01-27,101,202411,M,DT_1DA9003S,산업별 계절조정 취업자,천명,Thousand Person
37,E 수도 하수 및 폐기물 처리 원료 재생업,E Water supply; sewage waste management materials recovery,산업별,By industry,145.4,T30,취업자,Employed persons,2026-01-27,101,202412,M,DT_1DA9003S,산업별 계절조정 취업자,천명,Thousand Person
37,E 수도 하수 및 폐기물 처리 원료 재생업,E Water supply; sewage waste management materials recovery,산업별,By industry,144.7,T30,취업자,Employed persons,2026-01-27,101,202501,M,DT_1DA9003S,산업별 계절조정 취업자,천명,Thousand Person
37,E 수도 하수 및 폐기물 처리 원료 재생업,E Water supply; sewage waste management materials recovery,산업별,By industry,150.9,T30,취업자,Employed persons,2026-01-27,101,202502,M,DT_1DA9003S,산업별 계절조정 취업자,천명,Thousand Person
37,E 수도 하수 및 폐기물 처리 원료 재생업,E Water supply; sewage waste management materials recovery,산업별,By industry,159,T30,취업자,Employed persons,2026-01-27,101,202503,M,DT_1DA9003S,산업별 계절조정 취업자,천명,Thousand Person
37,E 수도 하수 및 폐기물 처리 원료 재생업,E Water supply; sewage waste management materials recovery,산업별,By industry,152,T30,취업자,Employed persons,2026-01-27,101,202504,M,DT_1DA9003S,산업별 계절조정 취업자,천명,Thousand Person
37,E 수도 하수 및 폐기물 처리 원료 재생업,E Water supply; sewage waste management materials recovery,산업별,By industry,150.9,T30,취업자,Employed persons,2026-01-27,101,202505,M,DT_1DA9003S,산업별 계절조정 취업자,천명,Thousand Person
37,E 수도 하수 및 폐기물 처리 원료 재생업,E Water supply; sewage waste management materials recovery,산업별,By industry,148.6,T30,취업자,Employed persons,2026-01-27,101,202506,M,DT_1DA9003S,산업별 계절조정 취업자,천명,Thousand Person
37,E 수도 하수 및 폐기물 처리 원료 재생업,E Water supply; sewage waste management materials recovery,산업별,By industry,140.2,T30,취업자,Employed persons,2026-01-27,101,202507,M,DT_1DA9003S,산업별 계절조정 취업자,천명,Thousand Person
37,E 수도 하수 및 폐기물 처리 원료 재생업,E Water supply; sewage waste management materials recovery,산업별,By industry,146.8,T30,취업자,Employed persons,2026-01-27,101,202508,M,DT_1DA9003S,산업별 계절조정 취업자,천명,Thousand Person
37,E 수도 하수 및 폐기물 처리 원료 재생업,E Water supply; sewage waste management materials recovery,산업별,By industry,148.4,T30,취업자,Employed persons,2026-01-27,101,202509,M,DT_1DA9003S,산업별 계절조정 취업자,천명,Thousand Person
37,E 수도 하수 및 폐기물 처리 원료 재생업,E Water supply; sewage waste management materials recovery,산업별,By industry,148.8,T30,취업자,Employed persons,2026-01-27,101,202510,M,DT_1DA9003S,산업별 계절조정 취업자,천명,Thousand Person
37,E 수도 하수 및 폐기물 처리 원료 재생업,E Water supply; sewage waste management materials recovery,산업별,By industry,145.5,T30,취업자,Employed persons,2026-01-27,101,202511,M,DT_1DA9003S,산업별 계절조정 취업자,천명,Thousand Person
37,E 수도 하수 및 폐기물 처리 원료 재생업,E Water supply; sewage waste management materials recovery,산업별,By industry,140.5,T30,취업자,Employed persons,2026-01-27,101,202512,M,DT_1DA9003S,산업별 계절조정 취업자,천명,Thousand Person
41,F 건설업,F.Construction,산업별,By industry,1742.3,T30,취업자,Employed persons,2026-01-27,101,201301,M,DT_1DA9003S,산업별 계절조정 취업자,천명,Thousand Person
41,F 건설업,F.Construction,산업별,By industry,1697.4,T30,취업자,Employed persons,2026-01-27,101,201302,M,DT_1DA9003S,산업별 계절조정 취업자,천명,Thousand Person
41,F 건설업,F.Construction,산업별,By industry,1765.8,T30,취업자,Employed persons,2026-01-27,101,201303,M,DT_1DA9003S,산업별 계절조정 취업자,천명,Thousand Person
41,F 건설업,F.Construction,산업별,By industry,1801.4,T30,취업자,Employed persons,2026-01-27,101,201304,M,DT_1DA9003S,산업별 계절조정 취업자,천명,Thousand Person
41,F 건설업,F.Construction,산업별,By industry,1805.5,T30,취업자,Employed persons,2026-01-27,101,201305,M,DT_1DA9003S,산업별 계절조정 취업자,천명,Thousand Person
41,F 건설업,F.Construction,산업별,By industry,1813.9,T30,취업자,Employed persons,2026-01-27,101,201306,M,DT_1DA9003S,산업별 계절조정 취업자,천명,Thousand Person
41,F 건설업,F.Construction,산업별,By industry,1789.3,T30,취업자,Employed persons,2026-01-27,101,201307,M,DT_1DA9003S,산업별 계절조정 취업자,천명,Thousand Person
41,F 건설업,F.Construction,산업별,By industry,1781.5,T30,취업자,Employed persons,2026-01-27,101,201308,M,DT_1DA9003S,산업별 계절조정 취업자,천명,Thousand Person
41,F 건설업,F.Construction,산업별,By industry,1794.5,T30,취업자,Employed persons,2026-01-27,101,201309,M,DT_1DA9003S,산업별 계절조정 취업자,천명,Thousand Person
41,F 건설업,F.Construction,산업별,By industry,1808.7,T30,취업자,Employed persons,2026-01-27,101,201310,M,DT_1DA9003S,산업별 계절조정 취업자,천명,Thousand Person
41,F 건설업,F.Construction,산업별,By industry,1779.5,T30,취업자,Employed persons,2026-01-27,101,201311,M,DT_1DA9003S,산업별 계절조정 취업자,천명,Thousand Person
41,F 건설업,F.Construction,산업별,By industry,1770.4,T30,취업자,Employed persons,2026-01-27,101,201312,M,DT_1DA9003S,산업별 계절조정 취업자,천명,Thousand Person
41,F 건설업,F.Construction,산업별,By industry,1769.8,T30,취업자,Employed persons,2026-01-27,101,201401,M,DT_1DA9003S,산업별 계절조정 취업자,천명,Thousand Person
41,F 건설업,F.Construction,산업별,By industry,1767.4,T30,취업자,Employed persons,2026-01-27,101,201402,M,DT_1DA9003S,산업별 계절조정 취업자,천명,Thousand Person
41,F 건설업,F.Construction,산업별,By industry,1779.5,T30,취업자,Employed persons,2026-01-27,101,201403,M,DT_1DA9003S,산업별 계절조정 취업자,천명,Thousand Person
41,F 건설업,F.Construction,산업별,By industry,1809.4,T30,취업자,Employed persons,2026-01-27,101,201404,M,DT_1DA9003S,산업별 계절조정 취업자,천명,Thousand Person
41,F 건설업,F.Construction,산업별,By industry,1829.5,T30,취업자,Employed persons,2026-01-27,101,201405,M,DT_1DA9003S,산업별 계절조정 취업자,천명,Thousand Person
41,F 건설업,F.Construction,산업별,By industry,1846.4,T30,취업자,Employed persons,2026-01-27,101,201406,M,DT_1DA9003S,산업별 계절조정 취업자,천명,Thousand Person
41,F 건설업,F.Construction,산업별,By industry,1854.7,T30,취업자,Employed persons,2026-01-27,101,201407,M,DT_1DA9003S,산업별 계절조정 취업자,천명,Thousand Person
41,F 건설업,F.Construction,산업별,By industry,1854.8,T30,취업자,Employed persons,2026-01-27,101,201408,M,DT_1DA9003S,산업별 계절조정 취업자,천명,Thousand Person
41,F 건설업,F.Construction,산업별,By industry,1850.1,T30,취업자,Employed persons,2026-01-27,101,201409,M,DT_1DA9003S,산업별 계절조정 취업자,천명,Thousand Person
41,F 건설업,F.Construction,산업별,By industry,1858.7,T30,취업자,Employed persons,2026-01-27,101,201410,M,DT_1DA9003S,산업별 계절조정 취업자,천명,Thousand Person
41,F 건설업,F.Construction,산업별,By industry,1864.3,T30,취업자,Employed persons,2026-01-27,101,201411,M,DT_1DA9003S,산업별 계절조정 취업자,천명,Thousand Person
41,F 건설업,F.Construction,산업별,By industry,1853.3,T30,취업자,Employed persons,2026-01-27,101,201412,M,DT_1DA9003S,산업별 계절조정 취업자,천명,Thousand Person
41,F 건설업,F.Construction,산업별,By industry,1842.1,T30,취업자,Employed persons,2026-01-27,101,201501,M,DT_1DA9003S,산업별 계절조정 취업자,천명,Thousand Person
41,F 건설업,F.Construction,산업별,By industry,1837.1,T30,취업자,Employed persons,2026-01-27,101,201502,M,DT_1DA9003S,산업별 계절조정 취업자,천명,Thousand Person
41,F 건설업,F.Construction,산업별,By industry,1857.5,T30,취업자,Employed persons,2026-01-27,101,201503,M,DT_1DA9003S,산업별 계절조정 취업자,천명,Thousand Person
41,F 건설업,F.Construction,산업별,By industry,1871.2,T30,취업자,Employed persons,2026-01-27,101,201504,M,DT_1DA9003S,산업별 계절조정 취업자,천명,Thousand Person
41,F 건설업,F.Construction,산업별,By industry,1868.9,T30,취업자,Employed persons,2026-01-27,101,201505,M,DT_1DA9003S,산업별 계절조정 취업자,천명,Thousand Person
41,F 건설업,F.Construction,산업별,By industry,1873.6,T30,취업자,Employed persons,2026-01-27,101,201506,M,DT_1DA9003S,산업별 계절조정 취업자,천명,Thousand Person
41,F 건설업,F.Construction,산업별,By industry,1878.3,T30,취업자,Employed persons,2026-01-27,101,201507,M,DT_1DA9003S,산업별 계절조정 취업자,천명,Thousand Person
41,F 건설업,F.Construction,산업별,By industry,1861,T30,취업자,Employed persons,2026-01-27,101,201508,M,DT_1DA9003S,산업별 계절조정 취업자,천명,Thousand Person
41,F 건설업,F.Construction,산업별,By industry,1847.1,T30,취업자,Employed persons,2026-01-27,101,201509,M,DT_1DA9003S,산업별 계절조정 취업자,천명,Thousand Person
41,F 건설업,F.Construction,산업별,By industry,1828.9,T30,취업자,Employed persons,2026-01-27,101,201510,M,DT_1DA9003S,산업별 계절조정 취업자,천명,Thousand Person
41,F 건설업,F.Construction,산업별,By industry,1824,T30,취업자,Employed persons,2026-01-27,101,201511,M,DT_1DA9003S,산업별 계절조정 취업자,천명,Thousand Person
41,F 건설업,F.Construction,산업별,By industry,1856.8,T30,취업자,Employed persons,2026-01-27,101,201512,M,DT_1DA9003S,산업별 계절조정 취업자,천명,Thousand Person
41,F 건설업,F.Construction,산업별,By industry,1851.7,T30,취업자,Employed persons,2026-01-27,101,201601,M,DT_1DA9003S,산업별 계절조정 취업자,천명,Thousand Person
41,F 건설업,F.Construction,산업별,By industry,1821.6,T30,취업자,Employed persons,2026-01-27,101,201602,M,DT_1DA9003S,산업별 계절조정 취업자,천명,Thousand Person
41,F 건설업,F.Construction,산업별,By industry,1813.6,T30,취업자,Employed persons,2026-01-27,101,201603,M,DT_1DA9003S,산업별 계절조정 취업자,천명,Thousand Person
41,F 건설업,F.Construction,산업별,By industry,1826.2,T30,취업자,Employed persons,2026-01-27,101,201604,M,DT_1DA9003S,산업별 계절조정 취업자,천명,Thousand Person
41,F 건설업,F.Construction,산업별,By industry,1839.2,T30,취업자,Employed persons,2026-01-27,101,201605,M,DT_1DA9003S,산업별 계절조정 취업자,천명,Thousand Person
41,F 건설업,F.Construction,산업별,By industry,1842.9,T30,취업자,Employed persons,2026-01-27,101,201606,M,DT_1DA9003S,산업별 계절조정 취업자,천명,Thousand Person
41,F 건설업,F.Construction,산업별,By industry,1873.1,T30,취업자,Employed persons,2026-01-27,101,201607,M,DT_1DA9003S,산업별 계절조정 취업자,천명,Thousand Person
41,F 건설업,F.Construction,산업별,By industry,1926,T30,취업자,Employed persons,2026-01-27,101,201608,M,DT_1DA9003S,산업별 계절조정 취업자,천명,Thousand Person
41,F 건설업,F.Construction,산업별,By industry,1881.4,T30,취업자,Employed persons,2026-01-27,101,201609,M,DT_1DA9003S,산업별 계절조정 취업자,천명,Thousand Person
41,F 건설업,F.Construction,산업별,By industry,1882,T30,취업자,Employed persons,2026-01-27,101,201610,M,DT_1DA9003S,산업별 계절조정 취업자,천명,Thousand Person
41,F 건설업,F.Construction,산업별,By industry,1928.4,T30,취업자,Employed persons,2026-01-27,101,201611,M,DT_1DA9003S,산업별 계절조정 취업자,천명,Thousand Person
41,F 건설업,F.Construction,산업별,By industry,1937.9,T30,취업자,Employed persons,2026-01-27,101,201612,M,DT_1DA9003S,산업별 계절조정 취업자,천명,Thousand Person
41,F 건설업,F.Construction,산업별,By industry,1942.7,T30,취업자,Employed persons,2026-01-27,101,201701,M,DT_1DA9003S,산업별 계절조정 취업자,천명,Thousand Person
41,F 건설업,F.Construction,산업별,By industry,1975.3,T30,취업자,Employed persons,2026-01-27,101,201702,M,DT_1DA9003S,산업별 계절조정 취업자,천명,Thousand Person
41,F 건설업,F.Construction,산업별,By industry,1981.6,T30,취업자,Employed persons,2026-01-27,101,201703,M,DT_1DA9003S,산업별 계절조정 취업자,천명,Thousand Person
41,F 건설업,F.Construction,산업별,By industry,1993.9,T30,취업자,Employed persons,2026-01-27,101,201704,M,DT_1DA9003S,산업별 계절조정 취업자,천명,Thousand Person
41,F 건설업,F.Construction,산업별,By industry,2007.5,T30,취업자,Employed persons,2026-01-27,101,201705,M,DT_1DA9003S,산업별 계절조정 취업자,천명,Thousand Person
41,F 건설업,F.Construction,산업별,By industry,1996.5,T30,취업자,Employed persons,2026-01-27,101,201706,M,DT_1DA9003S,산업별 계절조정 취업자,천명,Thousand Person
41,F 건설업,F.Construction,산업별,By industry,1979.1,T30,취업자,Employed persons,2026-01-27,101,201707,M,DT_1DA9003S,산업별 계절조정 취업자,천명,Thousand Person
41,F 건설업,F.Construction,산업별,By industry,1962.5,T30,취업자,Employed persons,2026-01-27,101,201708,M,DT_1DA9003S,산업별 계절조정 취업자,천명,Thousand Person
41,F 건설업,F.Construction,산업별,By industry,1991.7,T30,취업자,Employed persons,2026-01-27,101,201709,M,DT_1DA9003S,산업별 계절조정 취업자,천명,Thousand Person
41,F 건설업,F.Construction,산업별,By industry,2002.3,T30,취업자,Employed persons,2026-01-27,101,201710,M,DT_1DA9003S,산업별 계절조정 취업자,천명,Thousand Person
41,F 건설업,F.Construction,산업별,By industry,1997.8,T30,취업자,Employed persons,2026-01-27,101,201711,M,DT_1DA9003S,산업별 계절조정 취업자,천명,Thousand Person
41,F 건설업,F.Construction,산업별,By industry,2020.1,T30,취업자,Employed persons,2026-01-27,101,201712,M,DT_1DA9003S,산업별 계절조정 취업자,천명,Thousand Person
41,F 건설업,F.Construction,산업별,By industry,2043.4,T30,취업자,Employed persons,2026-01-27,101,201801,M,DT_1DA9003S,산업별 계절조정 취업자,천명,Thousand Person
41,F 건설업,F.Construction,산업별,By industry,2039.7,T30,취업자,Employed persons,2026-01-27,101,201802,M,DT_1DA9003S,산업별 계절조정 취업자,천명,Thousand Person
41,F 건설업,F.Construction,산업별,By industry,2021.8,T30,취업자,Employed persons,2026-01-27,101,201803,M,DT_1DA9003S,산업별 계절조정 취업자,천명,Thousand Person
41,F 건설업,F.Construction,산업별,By industry,2030.2,T30,취업자,Employed persons,2026-01-27,101,201804,M,DT_1DA9003S,산업별 계절조정 취업자,천명,Thousand Person
41,F 건설업,F.Construction,산업별,By industry,2013.9,T30,취업자,Employed persons,2026-01-27,101,201805,M,DT_1DA9003S,산업별 계절조정 취업자,천명,Thousand Person
41,F 건설업,F.Construction,산업별,By industry,2007.8,T30,취업자,Employed persons,2026-01-27,101,201806,M,DT_1DA9003S,산업별 계절조정 취업자,천명,Thousand Person
41,F 건설업,F.Construction,산업별,By industry,2019,T30,취업자,Employed persons,2026-01-27,101,201807,M,DT_1DA9003S,산업별 계절조정 취업자,천명,Thousand Person
41,F 건설업,F.Construction,산업별,By industry,2014.3,T30,취업자,Employed persons,2026-01-27,101,201808,M,DT_1DA9003S,산업별 계절조정 취업자,천명,Thousand Person
41,F 건설업,F.Construction,산업별,By industry,2036.2,T30,취업자,Employed persons,2026-01-27,101,201809,M,DT_1DA9003S,산업별 계절조정 취업자,천명,Thousand Person
41,F 건설업,F.Construction,산업별,By industry,2062,T30,취업자,Employed persons,2026-01-27,101,201810,M,DT_1DA9003S,산업별 계절조정 취업자,천명,Thousand Person
41,F 건설업,F.Construction,산업별,By industry,2069.1,T30,취업자,Employed persons,2026-01-27,101,201811,M,DT_1DA9003S,산업별 계절조정 취업자,천명,Thousand Person
41,F 건설업,F.Construction,산업별,By industry,2054.5,T30,취업자,Employed persons,2026-01-27,101,201812,M,DT_1DA9003S,산업별 계절조정 취업자,천명,Thousand Person
41,F 건설업,F.Construction,산업별,By industry,2023.5,T30,취업자,Employed persons,2026-01-27,101,201901,M,DT_1DA9003S,산업별 계절조정 취업자,천명,Thousand Person
41,F 건설업,F.Construction,산업별,By industry,2034.1,T30,취업자,Employed persons,2026-01-27,101,201902,M,DT_1DA9003S,산업별 계절조정 취업자,천명,Thousand Person
41,F 건설업,F.Construction,산업별,By industry,2017.1,T30,취업자,Employed persons,2026-01-27,101,201903,M,DT_1DA9003S,산업별 계절조정 취업자,천명,Thousand Person
41,F 건설업,F.Construction,산업별,By industry,2001.6,T30,취업자,Employed persons,2026-01-27,101,201904,M,DT_1DA9003S,산업별 계절조정 취업자,천명,Thousand Person
41,F 건설업,F.Construction,산업별,By industry,2021.3,T30,취업자,Employed persons,2026-01-27,101,201905,M,DT_1DA9003S,산업별 계절조정 취업자,천명,Thousand Person
41,F 건설업,F.Construction,산업별,By industry,2031.8,T30,취업자,Employed persons,2026-01-27,101,201906,M,DT_1DA9003S,산업별 계절조정 취업자,천명,Thousand Person
41,F 건설업,F.Construction,산업별,By industry,2034.2,T30,취업자,Employed persons,2026-01-27,101,201907,M,DT_1DA9003S,산업별 계절조정 취업자,천명,Thousand Person
41,F 건설업,F.Construction,산업별,By industry,2038.1,T30,취업자,Employed persons,2026-01-27,101,201908,M,DT_1DA9003S,산업별 계절조정 취업자,천명,Thousand Person
41,F 건설업,F.Construction,산업별,By industry,1997.4,T30,취업자,Employed persons,2026-01-27,101,201909,M,DT_1DA9003S,산업별 계절조정 취업자,천명,Thousand Person
41,F 건설업,F.Construction,산업별,By industry,2011.3,T30,취업자,Employed persons,2026-01-27,101,201910,M,DT_1DA9003S,산업별 계절조정 취업자,천명,Thousand Person
41,F 건설업,F.Construction,산업별,By industry,2000.1,T30,취업자,Employed persons,2026-01-27,101,201911,M,DT_1DA9003S,산업별 계절조정 취업자,천명,Thousand Person
41,F 건설업,F.Construction,산업별,By industry,2027.5,T30,취업자,Employed persons,2026-01-27,101,201912,M,DT_1DA9003S,산업별 계절조정 취업자,천명,Thousand Person
41,F 건설업,F.Construction,산업별,By industry,2029.1,T30,취업자,Employed persons,2026-01-27,101,202001,M,DT_1DA9003S,산업별 계절조정 취업자,천명,Thousand Person
41,F 건설업,F.Construction,산업별,By industry,2021.6,T30,취업자,Employed persons,2026-01-27,101,202002,M,DT_1DA9003S,산업별 계절조정 취업자,천명,Thousand Person
41,F 건설업,F.Construction,산업별,By industry,1992.6,T30,취업자,Employed persons,2026-01-27,101,202003,M,DT_1DA9003S,산업별 계절조정 취업자,천명,Thousand Person
41,F 건설업,F.Construction,산업별,By industry,1943.5,T30,취업자,Employed persons,2026-01-27,101,202004,M,DT_1DA9003S,산업별 계절조정 취업자,천명,Thousand Person
41,F 건설업,F.Construction,산업별,By industry,1962.3,T30,취업자,Employed persons,2026-01-27,101,202005,M,DT_1DA9003S,산업별 계절조정 취업자,천명,Thousand Person
41,F 건설업,F.Construction,산업별,By industry,1972.5,T30,취업자,Employed persons,2026-01-27,101,202006,M,DT_1DA9003S,산업별 계절조정 취업자,천명,Thousand Person
41,F 건설업,F.Construction,산업별,By industry,2015.2,T30,취업자,Employed persons,2026-01-27,101,202007,M,DT_1DA9003S,산업별 계절조정 취업자,천명,Thousand Person
41,F 건설업,F.Construction,산업별,By industry,2031.1,T30,취업자,Employed persons,2026-01-27,101,202008,M,DT_1DA9003S,산업별 계절조정 취업자,천명,Thousand Person
41,F 건설업,F.Construction,산업별,By industry,2051.8,T30,취업자,Employed persons,2026-01-27,101,202009,M,DT_1DA9003S,산업별 계절조정 취업자,천명,Thousand Person
41,F 건설업,F.Construction,산업별,By industry,2047.4,T30,취업자,Employed persons,2026-01-27,101,202010,M,DT_1DA9003S,산업별 계절조정 취업자,천명,Thousand Person
41,F 건설업,F.Construction,산업별,By industry,2075.2,T30,취업자,Employed persons,2026-01-27,101,202011,M,DT_1DA9003S,산업별 계절조정 취업자,천명,Thousand Person
41,F 건설업,F.Construction,산업별,By industry,2050.2,T30,취업자,Employed persons,2026-01-27,101,202012,M,DT_1DA9003S,산업별 계절조정 취업자,천명,Thousand Person
41,F 건설업,F.Construction,산업별,By industry,2009,T30,취업자,Employed persons,2026-01-27,101,202101,M,DT_1DA9003S,산업별 계절조정 취업자,천명,Thousand Person
41,F 건설업,F.Construction,산업별,By industry,2048.5,T30,취업자,Employed persons,2026-01-27,101,202102,M,DT_1DA9003S,산업별 계절조정 취업자,천명,Thousand Person
41,F 건설업,F.Construction,산업별,By industry,2081.5,T30,취업자,Employed persons,2026-01-27,101,202103,M,DT_1DA9003S,산업별 계절조정 취업자,천명,Thousand Person
41,F 건설업,F.Construction,산업별,By industry,2084.7,T30,취업자,Employed persons,2026-01-27,101,202104,M,DT_1DA9003S,산업별 계절조정 취업자,천명,Thousand Person
41,F 건설업,F.Construction,산업별,By industry,2094.4,T30,취업자,Employed persons,2026-01-27,101,202105,M,DT_1DA9003S,산업별 계절조정 취업자,천명,Thousand Person
41,F 건설업,F.Construction,산업별,By industry,2112,T30,취업자,Employed persons,2026-01-27,101,202106,M,DT_1DA9003S,산업별 계절조정 취업자,천명,Thousand Person
41,F 건설업,F.Construction,산업별,By industry,2110.8,T30,취업자,Employed persons,2026-01-27,101,202107,M,DT_1DA9003S,산업별 계절조정 취업자,천명,Thousand Person
41,F 건설업,F.Construction,산업별,By industry,2153.6,T30,취업자,Employed persons,2026-01-27,101,202108,M,DT_1DA9003S,산업별 계절조정 취업자,천명,Thousand Person
41,F 건설업,F.Construction,산업별,By industry,2108.6,T30,취업자,Employed persons,2026-01-27,101,202109,M,DT_1DA9003S,산업별 계절조정 취업자,천명,Thousand Person
41,F 건설업,F.Construction,산업별,By industry,2098.9,T30,취업자,Employed persons,2026-01-27,101,202110,M,DT_1DA9003S,산업별 계절조정 취업자,천명,Thousand Person
41,F 건설업,F.Construction,산업별,By industry,2090.7,T30,취업자,Employed persons,2026-01-27,101,202111,M,DT_1DA9003S,산업별 계절조정 취업자,천명,Thousand Person
41,F 건설업,F.Construction,산업별,By industry,2089.9,T30,취업자,Employed persons,2026-01-27,101,202112,M,DT_1DA9003S,산업별 계절조정 취업자,천명,Thousand Person
41,F 건설업,F.Construction,산업별,By industry,2112.2,T30,취업자,Employed persons,2026-01-27,101,202201,M,DT_1DA9003S,산업별 계절조정 취업자,천명,Thousand Person
41,F 건설업,F.Construction,산업별,By industry,2113.3,T30,취업자,Employed persons,2026-01-27,101,202202,M,DT_1DA9003S,산업별 계절조정 취업자,천명,Thousand Person
41,F 건설업,F.Construction,산업별,By industry,2141.8,T30,취업자,Employed persons,2026-01-27,101,202203,M,DT_1DA9003S,산업별 계절조정 취업자,천명,Thousand Person
41,F 건설업,F.Construction,산업별,By industry,2132.6,T30,취업자,Employed persons,2026-01-27,101,202204,M,DT_1DA9003S,산업별 계절조정 취업자,천명,Thousand Person
41,F 건설업,F.Construction,산업별,By industry,2167,T30,취업자,Employed persons,2026-01-27,101,202205,M,DT_1DA9003S,산업별 계절조정 취업자,천명,Thousand Person
41,F 건설업,F.Construction,산업별,By industry,2162.6,T30,취업자,Employed persons,2026-01-27,101,202206,M,DT_1DA9003S,산업별 계절조정 취업자,천명,Thousand Person
41,F 건설업,F.Construction,산업별,By industry,2130.3,T30,취업자,Employed persons,2026-01-27,101,202207,M,DT_1DA9003S,산업별 계절조정 취업자,천명,Thousand Person
41,F 건설업,F.Construction,산업별,By industry,2130.2,T30,취업자,Employed persons,2026-01-27,101,202208,M,DT_1DA9003S,산업별 계절조정 취업자,천명,Thousand Person
41,F 건설업,F.Construction,산업별,By industry,2097.2,T30,취업자,Employed persons,2026-01-27,101,202209,M,DT_1DA9003S,산업별 계절조정 취업자,천명,Thousand Person
41,F 건설업,F.Construction,산업별,By industry,2111.3,T30,취업자,Employed persons,2026-01-27,101,202210,M,DT_1DA9003S,산업별 계절조정 취업자,천명,Thousand Person
41,F 건설업,F.Construction,산업별,By industry,2101.5,T30,취업자,Employed persons,2026-01-27,101,202211,M,DT_1DA9003S,산업별 계절조정 취업자,천명,Thousand Person
41,F 건설업,F.Construction,산업별,By industry,2077.6,T30,취업자,Employed persons,2026-01-27,101,202212,M,DT_1DA9003S,산업별 계절조정 취업자,천명,Thousand Person
41,F 건설업,F.Construction,산업별,By industry,2072.8,T30,취업자,Employed persons,2026-01-27,101,202301,M,DT_1DA9003S,산업별 계절조정 취업자,천명,Thousand Person
41,F 건설업,F.Construction,산업별,By industry,2108.2,T30,취업자,Employed persons,2026-01-27,101,202302,M,DT_1DA9003S,산업별 계절조정 취업자,천명,Thousand Person
41,F 건설업,F.Construction,산업별,By industry,2118.1,T30,취업자,Employed persons,2026-01-27,101,202303,M,DT_1DA9003S,산업별 계절조정 취업자,천명,Thousand Person
41,F 건설업,F.Construction,산업별,By industry,2101.1,T30,취업자,Employed persons,2026-01-27,101,202304,M,DT_1DA9003S,산업별 계절조정 취업자,천명,Thousand Person
41,F 건설업,F.Construction,산업별,By industry,2102.4,T30,취업자,Employed persons,2026-01-27,101,202305,M,DT_1DA9003S,산업별 계절조정 취업자,천명,Thousand Person
41,F 건설업,F.Construction,산업별,By industry,2102.3,T30,취업자,Employed persons,2026-01-27,101,202306,M,DT_1DA9003S,산업별 계절조정 취업자,천명,Thousand Person
41,F 건설업,F.Construction,산업별,By industry,2091,T30,취업자,Employed persons,2026-01-27,101,202307,M,DT_1DA9003S,산업별 계절조정 취업자,천명,Thousand Person
41,F 건설업,F.Construction,산업별,By industry,2128.1,T30,취업자,Employed persons,2026-01-27,101,202308,M,DT_1DA9003S,산업별 계절조정 취업자,천명,Thousand Person
41,F 건설업,F.Construction,산업별,By industry,2133.4,T30,취업자,Employed persons,2026-01-27,101,202309,M,DT_1DA9003S,산업별 계절조정 취업자,천명,Thousand Person
41,F 건설업,F.Construction,산업별,By industry,2125.2,T30,취업자,Employed persons,2026-01-27,101,202310,M,DT_1DA9003S,산업별 계절조정 취업자,천명,Thousand Person
41,F 건설업,F.Construction,산업별,By industry,2132.8,T30,취업자,Employed persons,2026-01-27,101,202311,M,DT_1DA9003S,산업별 계절조정 취업자,천명,Thousand Person
41,F 건설업,F.Construction,산업별,By industry,2148.2,T30,취업자,Employed persons,2026-01-27,101,202312,M,DT_1DA9003S,산업별 계절조정 취업자,천명,Thousand Person
41,F 건설업,F.Construction,산업별,By industry,2147.8,T30,취업자,Employed persons,2026-01-27,101,202401,M,DT_1DA9003S,산업별 계절조정 취업자,천명,Thousand Person
41,F 건설업,F.Construction,산업별,By industry,2144.3,T30,취업자,Employed persons,2026-01-27,101,202402,M,DT_1DA9003S,산업별 계절조정 취업자,천명,Thousand Person
41,F 건설업,F.Construction,산업별,By industry,2137.7,T30,취업자,Employed persons,2026-01-27,101,202403,M,DT_1DA9003S,산업별 계절조정 취업자,천명,Thousand Person
41,F 건설업,F.Construction,산업별,By industry,2106,T30,취업자,Employed persons,2026-01-27,101,202404,M,DT_1DA9003S,산업별 계절조정 취업자,천명,Thousand Person
41,F 건설업,F.Construction,산업별,By industry,2055.9,T30,취업자,Employed persons,2026-01-27,101,202405,M,DT_1DA9003S,산업별 계절조정 취업자,천명,Thousand Person
41,F 건설업,F.Construction,산업별,By industry,2037.7,T30,취업자,Employed persons,2026-01-27,101,202406,M,DT_1DA9003S,산업별 계절조정 취업자,천명,Thousand Person
41,F 건설업,F.Construction,산업별,By industry,2013,T30,취업자,Employed persons,2026-01-27,101,202407,M,DT_1DA9003S,산업별 계절조정 취업자,천명,Thousand Person
41,F 건설업,F.Construction,산업별,By industry,2043.6,T30,취업자,Employed persons,2026-01-27,101,202408,M,DT_1DA9003S,산업별 계절조정 취업자,천명,Thousand Person
41,F 건설업,F.Construction,산업별,By industry,2034.3,T30,취업자,Employed persons,2026-01-27,101,202409,M,DT_1DA9003S,산업별 계절조정 취업자,천명,Thousand Person
41,F 건설업,F.Construction,산업별,By industry,2033.8,T30,취업자,Employed persons,2026-01-27,101,202410,M,DT_1DA9003S,산업별 계절조정 취업자,천명,Thousand Person
41,F 건설업,F.Construction,산업별,By industry,2039.2,T30,취업자,Employed persons,2026-01-27,101,202411,M,DT_1DA9003S,산업별 계절조정 취업자,천명,Thousand Person
41,F 건설업,F.Construction,산업별,By industry,1992.8,T30,취업자,Employed persons,2026-01-27,101,202412,M,DT_1DA9003S,산업별 계절조정 취업자,천명,Thousand Person
41,F 건설업,F.Construction,산업별,By industry,1974.9,T30,취업자,Employed persons,2026-01-27,101,202501,M,DT_1DA9003S,산업별 계절조정 취업자,천명,Thousand Person
41,F 건설업,F.Construction,산업별,By industry,1971.1,T30,취업자,Employed persons,2026-01-27,101,202502,M,DT_1DA9003S,산업별 계절조정 취업자,천명,Thousand Person
41,F 건설업,F.Construction,산업별,By industry,1949.5,T30,취업자,Employed persons,2026-01-27,101,202503,M,DT_1DA9003S,산업별 계절조정 취업자,천명,Thousand Person
41,F 건설업,F.Construction,산업별,By industry,1954.7,T30,취업자,Employed persons,2026-01-27,101,202504,M,DT_1DA9003S,산업별 계절조정 취업자,천명,Thousand Person
41,F 건설업,F.Construction,산업별,By industry,1950.5,T30,취업자,Employed persons,2026-01-27,101,202505,M,DT_1DA9003S,산업별 계절조정 취업자,천명,Thousand Person
41,F 건설업,F.Construction,산업별,By industry,1941.6,T30,취업자,Employed persons,2026-01-27,101,202506,M,DT_1DA9003S,산업별 계절조정 취업자,천명,Thousand Person
41,F 건설업,F.Construction,산업별,By industry,1923.1,T30,취업자,Employed persons,2026-01-27,101,202507,M,DT_1DA9003S,산업별 계절조정 취업자,천명,Thousand Person
41,F 건설업,F.Construction,산업별,By industry,1910.9,T30,취업자,Employed persons,2026-01-27,101,202508,M,DT_1DA9003S,산업별 계절조정 취업자,천명,Thousand Person
41,F 건설업,F.Construction,산업별,By industry,1951.9,T30,취업자,Employed persons,2026-01-27,101,202509,M,DT_1DA9003S,산업별 계절조정 취업자,천명,Thousand Person
41,F 건설업,F.Construction,산업별,By industry,1911.9,T30,취업자,Employed persons,2026-01-27,101,202510,M,DT_1DA9003S,산업별 계절조정 취업자,천명,Thousand Person
41,F 건설업,F.Construction,산업별,By industry,1911.2,T30,취업자,Employed persons,2026-01-27,101,202511,M,DT_1DA9003S,산업별 계절조정 취업자,천명,Thousand Person
41,F 건설업,F.Construction,산업별,By industry,1930.3,T30,취업자,Employed persons,2026-01-27,101,202512,M,DT_1DA9003S,산업별 계절조정 취업자,천명,Thousand Person
45,G 도매 및 소매업,G.Wholesale and retail trade,산업별,By industry,3665.4,T30,취업자,Employed persons,2026-01-27,101,201301,M,DT_1DA9003S,산업별 계절조정 취업자,천명,Thousand Person
45,G 도매 및 소매업,G.Wholesale and retail trade,산업별,By industry,3636.7,T30,취업자,Employed persons,2026-01-27,101,201302,M,DT_1DA9003S,산업별 계절조정 취업자,천명,Thousand Person
45,G 도매 및 소매업,G.Wholesale and retail trade,산업별,By industry,3626.3,T30,취업자,Employed persons,2026-01-27,101,201303,M,DT_1DA9003S,산업별 계절조정 취업자,천명,Thousand Person
45,G 도매 및 소매업,G.Wholesale and retail trade,산업별,By industry,3617.9,T30,취업자,Employed persons,2026-01-27,101,201304,M,DT_1DA9003S,산업별 계절조정 취업자,천명,Thousand Person
45,G 도매 및 소매업,G.Wholesale and retail trade,산업별,By industry,3726.7,T30,취업자,Employed persons,2026-01-27,101,201305,M,DT_1DA9003S,산업별 계절조정 취업자,천명,Thousand Person
45,G 도매 및 소매업,G.Wholesale and retail trade,산업별,By industry,3747.5,T30,취업자,Employed persons,2026-01-27,101,201306,M,DT_1DA9003S,산업별 계절조정 취업자,천명,Thousand Person
45,G 도매 및 소매업,G.Wholesale and retail trade,산업별,By industry,3676.8,T30,취업자,Employed persons,2026-01-27,101,201307,M,DT_1DA9003S,산업별 계절조정 취업자,천명,Thousand Person
45,G 도매 및 소매업,G.Wholesale and retail trade,산업별,By industry,3668.1,T30,취업자,Employed persons,2026-01-27,101,201308,M,DT_1DA9003S,산업별 계절조정 취업자,천명,Thousand Person
45,G 도매 및 소매업,G.Wholesale and retail trade,산업별,By industry,3686.2,T30,취업자,Employed persons,2026-01-27,101,201309,M,DT_1DA9003S,산업별 계절조정 취업자,천명,Thousand Person
45,G 도매 및 소매업,G.Wholesale and retail trade,산업별,By industry,3738.5,T30,취업자,Employed persons,2026-01-27,101,201310,M,DT_1DA9003S,산업별 계절조정 취업자,천명,Thousand Person
45,G 도매 및 소매업,G.Wholesale and retail trade,산업별,By industry,3758.5,T30,취업자,Employed persons,2026-01-27,101,201311,M,DT_1DA9003S,산업별 계절조정 취업자,천명,Thousand Person
45,G 도매 및 소매업,G.Wholesale and retail trade,산업별,By industry,3778.1,T30,취업자,Employed persons,2026-01-27,101,201312,M,DT_1DA9003S,산업별 계절조정 취업자,천명,Thousand Person
45,G 도매 및 소매업,G.Wholesale and retail trade,산업별,By industry,3799.1,T30,취업자,Employed persons,2026-01-27,101,201401,M,DT_1DA9003S,산업별 계절조정 취업자,천명,Thousand Person
45,G 도매 및 소매업,G.Wholesale and retail trade,산업별,By industry,3829.2,T30,취업자,Employed persons,2026-01-27,101,201402,M,DT_1DA9003S,산업별 계절조정 취업자,천명,Thousand Person
45,G 도매 및 소매업,G.Wholesale and retail trade,산업별,By industry,3807.8,T30,취업자,Employed persons,2026-01-27,101,201403,M,DT_1DA9003S,산업별 계절조정 취업자,천명,Thousand Person
45,G 도매 및 소매업,G.Wholesale and retail trade,산업별,By industry,3809.9,T30,취업자,Employed persons,2026-01-27,101,201404,M,DT_1DA9003S,산업별 계절조정 취업자,천명,Thousand Person
45,G 도매 및 소매업,G.Wholesale and retail trade,산업별,By industry,3804.1,T30,취업자,Employed persons,2026-01-27,101,201405,M,DT_1DA9003S,산업별 계절조정 취업자,천명,Thousand Person
45,G 도매 및 소매업,G.Wholesale and retail trade,산업별,By industry,3794.6,T30,취업자,Employed persons,2026-01-27,101,201406,M,DT_1DA9003S,산업별 계절조정 취업자,천명,Thousand Person
45,G 도매 및 소매업,G.Wholesale and retail trade,산업별,By industry,3825.2,T30,취업자,Employed persons,2026-01-27,101,201407,M,DT_1DA9003S,산업별 계절조정 취업자,천명,Thousand Person
45,G 도매 및 소매업,G.Wholesale and retail trade,산업별,By industry,3836.3,T30,취업자,Employed persons,2026-01-27,101,201408,M,DT_1DA9003S,산업별 계절조정 취업자,천명,Thousand Person
45,G 도매 및 소매업,G.Wholesale and retail trade,산업별,By industry,3843.6,T30,취업자,Employed persons,2026-01-27,101,201409,M,DT_1DA9003S,산업별 계절조정 취업자,천명,Thousand Person
45,G 도매 및 소매업,G.Wholesale and retail trade,산업별,By industry,3870.8,T30,취업자,Employed persons,2026-01-27,101,201410,M,DT_1DA9003S,산업별 계절조정 취업자,천명,Thousand Person
45,G 도매 및 소매업,G.Wholesale and retail trade,산업별,By industry,3895.6,T30,취업자,Employed persons,2026-01-27,101,201411,M,DT_1DA9003S,산업별 계절조정 취업자,천명,Thousand Person
45,G 도매 및 소매업,G.Wholesale and retail trade,산업별,By industry,3889.2,T30,취업자,Employed persons,2026-01-27,101,201412,M,DT_1DA9003S,산업별 계절조정 취업자,천명,Thousand Person
45,G 도매 및 소매업,G.Wholesale and retail trade,산업별,By industry,3882.3,T30,취업자,Employed persons,2026-01-27,101,201501,M,DT_1DA9003S,산업별 계절조정 취업자,천명,Thousand Person
45,G 도매 및 소매업,G.Wholesale and retail trade,산업별,By industry,3887.1,T30,취업자,Employed persons,2026-01-27,101,201502,M,DT_1DA9003S,산업별 계절조정 취업자,천명,Thousand Person
45,G 도매 및 소매업,G.Wholesale and retail trade,산업별,By industry,3875.7,T30,취업자,Employed persons,2026-01-27,101,201503,M,DT_1DA9003S,산업별 계절조정 취업자,천명,Thousand Person
45,G 도매 및 소매업,G.Wholesale and retail trade,산업별,By industry,3814.3,T30,취업자,Employed persons,2026-01-27,101,201504,M,DT_1DA9003S,산업별 계절조정 취업자,천명,Thousand Person
45,G 도매 및 소매업,G.Wholesale and retail trade,산업별,By industry,3826.9,T30,취업자,Employed persons,2026-01-27,101,201505,M,DT_1DA9003S,산업별 계절조정 취업자,천명,Thousand Person
45,G 도매 및 소매업,G.Wholesale and retail trade,산업별,By industry,3826.8,T30,취업자,Employed persons,2026-01-27,101,201506,M,DT_1DA9003S,산업별 계절조정 취업자,천명,Thousand Person
45,G 도매 및 소매업,G.Wholesale and retail trade,산업별,By industry,3824.9,T30,취업자,Employed persons,2026-01-27,101,201507,M,DT_1DA9003S,산업별 계절조정 취업자,천명,Thousand Person
45,G 도매 및 소매업,G.Wholesale and retail trade,산업별,By industry,3750.8,T30,취업자,Employed persons,2026-01-27,101,201508,M,DT_1DA9003S,산업별 계절조정 취업자,천명,Thousand Person
45,G 도매 및 소매업,G.Wholesale and retail trade,산업별,By industry,3787.5,T30,취업자,Employed persons,2026-01-27,101,201509,M,DT_1DA9003S,산업별 계절조정 취업자,천명,Thousand Person
45,G 도매 및 소매업,G.Wholesale and retail trade,산업별,By industry,3766.9,T30,취업자,Employed persons,2026-01-27,101,201510,M,DT_1DA9003S,산업별 계절조정 취업자,천명,Thousand Person
45,G 도매 및 소매업,G.Wholesale and retail trade,산업별,By industry,3758.3,T30,취업자,Employed persons,2026-01-27,101,201511,M,DT_1DA9003S,산업별 계절조정 취업자,천명,Thousand Person
45,G 도매 및 소매업,G.Wholesale and retail trade,산업별,By industry,3794,T30,취업자,Employed persons,2026-01-27,101,201512,M,DT_1DA9003S,산업별 계절조정 취업자,천명,Thousand Person
45,G 도매 및 소매업,G.Wholesale and retail trade,산업별,By industry,3750.4,T30,취업자,Employed persons,2026-01-27,101,201601,M,DT_1DA9003S,산업별 계절조정 취업자,천명,Thousand Person
45,G 도매 및 소매업,G.Wholesale and retail trade,산업별,By industry,3759,T30,취업자,Employed persons,2026-01-27,101,201602,M,DT_1DA9003S,산업별 계절조정 취업자,천명,Thousand Person
45,G 도매 및 소매업,G.Wholesale and retail trade,산업별,By industry,3722.3,T30,취업자,Employed persons,2026-01-27,101,201603,M,DT_1DA9003S,산업별 계절조정 취업자,천명,Thousand Person
45,G 도매 및 소매업,G.Wholesale and retail trade,산업별,By industry,3721.6,T30,취업자,Employed persons,2026-01-27,101,201604,M,DT_1DA9003S,산업별 계절조정 취업자,천명,Thousand Person
45,G 도매 및 소매업,G.Wholesale and retail trade,산업별,By industry,3729.8,T30,취업자,Employed persons,2026-01-27,101,201605,M,DT_1DA9003S,산업별 계절조정 취업자,천명,Thousand Person
45,G 도매 및 소매업,G.Wholesale and retail trade,산업별,By industry,3758.8,T30,취업자,Employed persons,2026-01-27,101,201606,M,DT_1DA9003S,산업별 계절조정 취업자,천명,Thousand Person
45,G 도매 및 소매업,G.Wholesale and retail trade,산업별,By industry,3779.4,T30,취업자,Employed persons,2026-01-27,101,201607,M,DT_1DA9003S,산업별 계절조정 취업자,천명,Thousand Person
45,G 도매 및 소매업,G.Wholesale and retail trade,산업별,By industry,3783.2,T30,취업자,Employed persons,2026-01-27,101,201608,M,DT_1DA9003S,산업별 계절조정 취업자,천명,Thousand Person
45,G 도매 및 소매업,G.Wholesale and retail trade,산업별,By industry,3768.4,T30,취업자,Employed persons,2026-01-27,101,201609,M,DT_1DA9003S,산업별 계절조정 취업자,천명,Thousand Person
45,G 도매 및 소매업,G.Wholesale and retail trade,산업별,By industry,3766.9,T30,취업자,Employed persons,2026-01-27,101,201610,M,DT_1DA9003S,산업별 계절조정 취업자,천명,Thousand Person
45,G 도매 및 소매업,G.Wholesale and retail trade,산업별,By industry,3735.5,T30,취업자,Employed persons,2026-01-27,101,201611,M,DT_1DA9003S,산업별 계절조정 취업자,천명,Thousand Person
45,G 도매 및 소매업,G.Wholesale and retail trade,산업별,By industry,3769.1,T30,취업자,Employed persons,2026-01-27,101,201612,M,DT_1DA9003S,산업별 계절조정 취업자,천명,Thousand Person
45,G 도매 및 소매업,G.Wholesale and retail trade,산업별,By industry,3781.5,T30,취업자,Employed persons,2026-01-27,101,201701,M,DT_1DA9003S,산업별 계절조정 취업자,천명,Thousand Person
45,G 도매 및 소매업,G.Wholesale and retail trade,산업별,By industry,3827.6,T30,취업자,Employed persons,2026-01-27,101,201702,M,DT_1DA9003S,산업별 계절조정 취업자,천명,Thousand Person
45,G 도매 및 소매업,G.Wholesale and retail trade,산업별,By industry,3837.5,T30,취업자,Employed persons,2026-01-27,101,201703,M,DT_1DA9003S,산업별 계절조정 취업자,천명,Thousand Person
45,G 도매 및 소매업,G.Wholesale and retail trade,산업별,By industry,3797,T30,취업자,Employed persons,2026-01-27,101,201704,M,DT_1DA9003S,산업별 계절조정 취업자,천명,Thousand Person
45,G 도매 및 소매업,G.Wholesale and retail trade,산업별,By industry,3778.8,T30,취업자,Employed persons,2026-01-27,101,201705,M,DT_1DA9003S,산업별 계절조정 취업자,천명,Thousand Person
45,G 도매 및 소매업,G.Wholesale and retail trade,산업별,By industry,3767,T30,취업자,Employed persons,2026-01-27,101,201706,M,DT_1DA9003S,산업별 계절조정 취업자,천명,Thousand Person
45,G 도매 및 소매업,G.Wholesale and retail trade,산업별,By industry,3767.3,T30,취업자,Employed persons,2026-01-27,101,201707,M,DT_1DA9003S,산업별 계절조정 취업자,천명,Thousand Person
45,G 도매 및 소매업,G.Wholesale and retail trade,산업별,By industry,3806.5,T30,취업자,Employed persons,2026-01-27,101,201708,M,DT_1DA9003S,산업별 계절조정 취업자,천명,Thousand Person
45,G 도매 및 소매업,G.Wholesale and retail trade,산업별,By industry,3817,T30,취업자,Employed persons,2026-01-27,101,201709,M,DT_1DA9003S,산업별 계절조정 취업자,천명,Thousand Person
45,G 도매 및 소매업,G.Wholesale and retail trade,산업별,By industry,3811,T30,취업자,Employed persons,2026-01-27,101,201710,M,DT_1DA9003S,산업별 계절조정 취업자,천명,Thousand Person
45,G 도매 및 소매업,G.Wholesale and retail trade,산업별,By industry,3782.3,T30,취업자,Employed persons,2026-01-27,101,201711,M,DT_1DA9003S,산업별 계절조정 취업자,천명,Thousand Person
45,G 도매 및 소매업,G.Wholesale and retail trade,산업별,By industry,3764,T30,취업자,Employed persons,2026-01-27,101,201712,M,DT_1DA9003S,산업별 계절조정 취업자,천명,Thousand Person
45,G 도매 및 소매업,G.Wholesale and retail trade,산업별,By industry,3752.9,T30,취업자,Employed persons,2026-01-27,101,201801,M,DT_1DA9003S,산업별 계절조정 취업자,천명,Thousand Person
45,G 도매 및 소매업,G.Wholesale and retail trade,산업별,By industry,3736.6,T30,취업자,Employed persons,2026-01-27,101,201802,M,DT_1DA9003S,산업별 계절조정 취업자,천명,Thousand Person
45,G 도매 및 소매업,G.Wholesale and retail trade,산업별,By industry,3739.7,T30,취업자,Employed persons,2026-01-27,101,201803,M,DT_1DA9003S,산업별 계절조정 취업자,천명,Thousand Person
45,G 도매 및 소매업,G.Wholesale and retail trade,산업별,By industry,3735.1,T30,취업자,Employed persons,2026-01-27,101,201804,M,DT_1DA9003S,산업별 계절조정 취업자,천명,Thousand Person
45,G 도매 및 소매업,G.Wholesale and retail trade,산업별,By industry,3715.7,T30,취업자,Employed persons,2026-01-27,101,201805,M,DT_1DA9003S,산업별 계절조정 취업자,천명,Thousand Person
45,G 도매 및 소매업,G.Wholesale and retail trade,산업별,By industry,3734.2,T30,취업자,Employed persons,2026-01-27,101,201806,M,DT_1DA9003S,산업별 계절조정 취업자,천명,Thousand Person
45,G 도매 및 소매업,G.Wholesale and retail trade,산업별,By industry,3730.5,T30,취업자,Employed persons,2026-01-27,101,201807,M,DT_1DA9003S,산업별 계절조정 취업자,천명,Thousand Person
45,G 도매 및 소매업,G.Wholesale and retail trade,산업별,By industry,3682.8,T30,취업자,Employed persons,2026-01-27,101,201808,M,DT_1DA9003S,산업별 계절조정 취업자,천명,Thousand Person
45,G 도매 및 소매업,G.Wholesale and retail trade,산업별,By industry,3719,T30,취업자,Employed persons,2026-01-27,101,201809,M,DT_1DA9003S,산업별 계절조정 취업자,천명,Thousand Person
45,G 도매 및 소매업,G.Wholesale and retail trade,산업별,By industry,3710.8,T30,취업자,Employed persons,2026-01-27,101,201810,M,DT_1DA9003S,산업별 계절조정 취업자,천명,Thousand Person
45,G 도매 및 소매업,G.Wholesale and retail trade,산업별,By industry,3715.6,T30,취업자,Employed persons,2026-01-27,101,201811,M,DT_1DA9003S,산업별 계절조정 취업자,천명,Thousand Person
45,G 도매 및 소매업,G.Wholesale and retail trade,산업별,By industry,3702.7,T30,취업자,Employed persons,2026-01-27,101,201812,M,DT_1DA9003S,산업별 계절조정 취업자,천명,Thousand Person
45,G 도매 및 소매업,G.Wholesale and retail trade,산업별,By industry,3688.5,T30,취업자,Employed persons,2026-01-27,101,201901,M,DT_1DA9003S,산업별 계절조정 취업자,천명,Thousand Person
45,G 도매 및 소매업,G.Wholesale and retail trade,산업별,By industry,3677.8,T30,취업자,Employed persons,2026-01-27,101,201902,M,DT_1DA9003S,산업별 계절조정 취업자,천명,Thousand Person
45,G 도매 및 소매업,G.Wholesale and retail trade,산업별,By industry,3710.6,T30,취업자,Employed persons,2026-01-27,101,201903,M,DT_1DA9003S,산업별 계절조정 취업자,천명,Thousand Person
45,G 도매 및 소매업,G.Wholesale and retail trade,산업별,By industry,3657.4,T30,취업자,Employed persons,2026-01-27,101,201904,M,DT_1DA9003S,산업별 계절조정 취업자,천명,Thousand Person
45,G 도매 및 소매업,G.Wholesale and retail trade,산업별,By industry,3712.2,T30,취업자,Employed persons,2026-01-27,101,201905,M,DT_1DA9003S,산업별 계절조정 취업자,천명,Thousand Person
45,G 도매 및 소매업,G.Wholesale and retail trade,산업별,By industry,3691.9,T30,취업자,Employed persons,2026-01-27,101,201906,M,DT_1DA9003S,산업별 계절조정 취업자,천명,Thousand Person
45,G 도매 및 소매업,G.Wholesale and retail trade,산업별,By industry,3645.1,T30,취업자,Employed persons,2026-01-27,101,201907,M,DT_1DA9003S,산업별 계절조정 취업자,천명,Thousand Person
45,G 도매 및 소매업,G.Wholesale and retail trade,산업별,By industry,3628.7,T30,취업자,Employed persons,2026-01-27,101,201908,M,DT_1DA9003S,산업별 계절조정 취업자,천명,Thousand Person
45,G 도매 및 소매업,G.Wholesale and retail trade,산업별,By industry,3656.9,T30,취업자,Employed persons,2026-01-27,101,201909,M,DT_1DA9003S,산업별 계절조정 취업자,천명,Thousand Person
45,G 도매 및 소매업,G.Wholesale and retail trade,산업별,By industry,3643.8,T30,취업자,Employed persons,2026-01-27,101,201910,M,DT_1DA9003S,산업별 계절조정 취업자,천명,Thousand Person
45,G 도매 및 소매업,G.Wholesale and retail trade,산업별,By industry,3629.8,T30,취업자,Employed persons,2026-01-27,101,201911,M,DT_1DA9003S,산업별 계절조정 취업자,천명,Thousand Person
45,G 도매 및 소매업,G.Wholesale and retail trade,산업별,By industry,3611.1,T30,취업자,Employed persons,2026-01-27,101,201912,M,DT_1DA9003S,산업별 계절조정 취업자,천명,Thousand Person
45,G 도매 및 소매업,G.Wholesale and retail trade,산업별,By industry,3597.4,T30,취업자,Employed persons,2026-01-27,101,202001,M,DT_1DA9003S,산업별 계절조정 취업자,천명,Thousand Person
45,G 도매 및 소매업,G.Wholesale and retail trade,산업별,By industry,3573,T30,취업자,Employed persons,2026-01-27,101,202002,M,DT_1DA9003S,산업별 계절조정 취업자,천명,Thousand Person
45,G 도매 및 소매업,G.Wholesale and retail trade,산업별,By industry,3539.8,T30,취업자,Employed persons,2026-01-27,101,202003,M,DT_1DA9003S,산업별 계절조정 취업자,천명,Thousand Person
45,G 도매 및 소매업,G.Wholesale and retail trade,산업별,By industry,3533.5,T30,취업자,Employed persons,2026-01-27,101,202004,M,DT_1DA9003S,산업별 계절조정 취업자,천명,Thousand Person
45,G 도매 및 소매업,G.Wholesale and retail trade,산업별,By industry,3519.6,T30,취업자,Employed persons,2026-01-27,101,202005,M,DT_1DA9003S,산업별 계절조정 취업자,천명,Thousand Person
45,G 도매 및 소매업,G.Wholesale and retail trade,산업별,By industry,3512.7,T30,취업자,Employed persons,2026-01-27,101,202006,M,DT_1DA9003S,산업별 계절조정 취업자,천명,Thousand Person
45,G 도매 및 소매업,G.Wholesale and retail trade,산업별,By industry,3519.3,T30,취업자,Employed persons,2026-01-27,101,202007,M,DT_1DA9003S,산업별 계절조정 취업자,천명,Thousand Person
45,G 도매 및 소매업,G.Wholesale and retail trade,산업별,By industry,3453,T30,취업자,Employed persons,2026-01-27,101,202008,M,DT_1DA9003S,산업별 계절조정 취업자,천명,Thousand Person
45,G 도매 및 소매업,G.Wholesale and retail trade,산업별,By industry,3450.7,T30,취업자,Employed persons,2026-01-27,101,202009,M,DT_1DA9003S,산업별 계절조정 취업자,천명,Thousand Person
45,G 도매 및 소매업,G.Wholesale and retail trade,산업별,By industry,3456.5,T30,취업자,Employed persons,2026-01-27,101,202010,M,DT_1DA9003S,산업별 계절조정 취업자,천명,Thousand Person
45,G 도매 및 소매업,G.Wholesale and retail trade,산업별,By industry,3465.3,T30,취업자,Employed persons,2026-01-27,101,202011,M,DT_1DA9003S,산업별 계절조정 취업자,천명,Thousand Person
45,G 도매 및 소매업,G.Wholesale and retail trade,산업별,By industry,3416.2,T30,취업자,Employed persons,2026-01-27,101,202012,M,DT_1DA9003S,산업별 계절조정 취업자,천명,Thousand Person
45,G 도매 및 소매업,G.Wholesale and retail trade,산업별,By industry,3382.1,T30,취업자,Employed persons,2026-01-27,101,202101,M,DT_1DA9003S,산업별 계절조정 취업자,천명,Thousand Person
45,G 도매 및 소매업,G.Wholesale and retail trade,산업별,By industry,3379.4,T30,취업자,Employed persons,2026-01-27,101,202102,M,DT_1DA9003S,산업별 계절조정 취업자,천명,Thousand Person
45,G 도매 및 소매업,G.Wholesale and retail trade,산업별,By industry,3370,T30,취업자,Employed persons,2026-01-27,101,202103,M,DT_1DA9003S,산업별 계절조정 취업자,천명,Thousand Person
45,G 도매 및 소매업,G.Wholesale and retail trade,산업별,By industry,3350.2,T30,취업자,Employed persons,2026-01-27,101,202104,M,DT_1DA9003S,산업별 계절조정 취업자,천명,Thousand Person
45,G 도매 및 소매업,G.Wholesale and retail trade,산업별,By industry,3380.3,T30,취업자,Employed persons,2026-01-27,101,202105,M,DT_1DA9003S,산업별 계절조정 취업자,천명,Thousand Person
45,G 도매 및 소매업,G.Wholesale and retail trade,산업별,By industry,3345.1,T30,취업자,Employed persons,2026-01-27,101,202106,M,DT_1DA9003S,산업별 계절조정 취업자,천명,Thousand Person
45,G 도매 및 소매업,G.Wholesale and retail trade,산업별,By industry,3334,T30,취업자,Employed persons,2026-01-27,101,202107,M,DT_1DA9003S,산업별 계절조정 취업자,천명,Thousand Person
45,G 도매 및 소매업,G.Wholesale and retail trade,산업별,By industry,3340,T30,취업자,Employed persons,2026-01-27,101,202108,M,DT_1DA9003S,산업별 계절조정 취업자,천명,Thousand Person
45,G 도매 및 소매업,G.Wholesale and retail trade,산업별,By industry,3330.3,T30,취업자,Employed persons,2026-01-27,101,202109,M,DT_1DA9003S,산업별 계절조정 취업자,천명,Thousand Person
45,G 도매 및 소매업,G.Wholesale and retail trade,산업별,By industry,3344.6,T30,취업자,Employed persons,2026-01-27,101,202110,M,DT_1DA9003S,산업별 계절조정 취업자,천명,Thousand Person
45,G 도매 및 소매업,G.Wholesale and retail trade,산업별,By industry,3343.6,T30,취업자,Employed persons,2026-01-27,101,202111,M,DT_1DA9003S,산업별 계절조정 취업자,천명,Thousand Person
45,G 도매 및 소매업,G.Wholesale and retail trade,산업별,By industry,3338,T30,취업자,Employed persons,2026-01-27,101,202112,M,DT_1DA9003S,산업별 계절조정 취업자,천명,Thousand Person
45,G 도매 및 소매업,G.Wholesale and retail trade,산업별,By industry,3329,T30,취업자,Employed persons,2026-01-27,101,202201,M,DT_1DA9003S,산업별 계절조정 취업자,천명,Thousand Person
45,G 도매 및 소매업,G.Wholesale and retail trade,산업별,By industry,3332.3,T30,취업자,Employed persons,2026-01-27,101,202202,M,DT_1DA9003S,산업별 계절조정 취업자,천명,Thousand Person
45,G 도매 및 소매업,G.Wholesale and retail trade,산업별,By industry,3337,T30,취업자,Employed persons,2026-01-27,101,202203,M,DT_1DA9003S,산업별 계절조정 취업자,천명,Thousand Person
45,G 도매 및 소매업,G.Wholesale and retail trade,산업별,By industry,3338.1,T30,취업자,Employed persons,2026-01-27,101,202204,M,DT_1DA9003S,산업별 계절조정 취업자,천명,Thousand Person
45,G 도매 및 소매업,G.Wholesale and retail trade,산업별,By industry,3331.7,T30,취업자,Employed persons,2026-01-27,101,202205,M,DT_1DA9003S,산업별 계절조정 취업자,천명,Thousand Person
45,G 도매 및 소매업,G.Wholesale and retail trade,산업별,By industry,3305.1,T30,취업자,Employed persons,2026-01-27,101,202206,M,DT_1DA9003S,산업별 계절조정 취업자,천명,Thousand Person
45,G 도매 및 소매업,G.Wholesale and retail trade,산업별,By industry,3324.2,T30,취업자,Employed persons,2026-01-27,101,202207,M,DT_1DA9003S,산업별 계절조정 취업자,천명,Thousand Person
45,G 도매 및 소매업,G.Wholesale and retail trade,산업별,By industry,3327.2,T30,취업자,Employed persons,2026-01-27,101,202208,M,DT_1DA9003S,산업별 계절조정 취업자,천명,Thousand Person
45,G 도매 및 소매업,G.Wholesale and retail trade,산업별,By industry,3307.2,T30,취업자,Employed persons,2026-01-27,101,202209,M,DT_1DA9003S,산업별 계절조정 취업자,천명,Thousand Person
45,G 도매 및 소매업,G.Wholesale and retail trade,산업별,By industry,3286.4,T30,취업자,Employed persons,2026-01-27,101,202210,M,DT_1DA9003S,산업별 계절조정 취업자,천명,Thousand Person
45,G 도매 및 소매업,G.Wholesale and retail trade,산업별,By industry,3267.8,T30,취업자,Employed persons,2026-01-27,101,202211,M,DT_1DA9003S,산업별 계절조정 취업자,천명,Thousand Person
45,G 도매 및 소매업,G.Wholesale and retail trade,산업별,By industry,3266.5,T30,취업자,Employed persons,2026-01-27,101,202212,M,DT_1DA9003S,산업별 계절조정 취업자,천명,Thousand Person
45,G 도매 및 소매업,G.Wholesale and retail trade,산업별,By industry,3269.9,T30,취업자,Employed persons,2026-01-27,101,202301,M,DT_1DA9003S,산업별 계절조정 취업자,천명,Thousand Person
45,G 도매 및 소매업,G.Wholesale and retail trade,산업별,By industry,3255.8,T30,취업자,Employed persons,2026-01-27,101,202302,M,DT_1DA9003S,산업별 계절조정 취업자,천명,Thousand Person
45,G 도매 및 소매업,G.Wholesale and retail trade,산업별,By industry,3270.2,T30,취업자,Employed persons,2026-01-27,101,202303,M,DT_1DA9003S,산업별 계절조정 취업자,천명,Thousand Person
45,G 도매 및 소매업,G.Wholesale and retail trade,산업별,By industry,3276.1,T30,취업자,Employed persons,2026-01-27,101,202304,M,DT_1DA9003S,산업별 계절조정 취업자,천명,Thousand Person
45,G 도매 및 소매업,G.Wholesale and retail trade,산업별,By industry,3297.1,T30,취업자,Employed persons,2026-01-27,101,202305,M,DT_1DA9003S,산업별 계절조정 취업자,천명,Thousand Person
45,G 도매 및 소매업,G.Wholesale and retail trade,산업별,By industry,3276.5,T30,취업자,Employed persons,2026-01-27,101,202306,M,DT_1DA9003S,산업별 계절조정 취업자,천명,Thousand Person
45,G 도매 및 소매업,G.Wholesale and retail trade,산업별,By industry,3269.2,T30,취업자,Employed persons,2026-01-27,101,202307,M,DT_1DA9003S,산업별 계절조정 취업자,천명,Thousand Person
45,G 도매 및 소매업,G.Wholesale and retail trade,산업별,By industry,3257.9,T30,취업자,Employed persons,2026-01-27,101,202308,M,DT_1DA9003S,산업별 계절조정 취업자,천명,Thousand Person
45,G 도매 및 소매업,G.Wholesale and retail trade,산업별,By industry,3292,T30,취업자,Employed persons,2026-01-27,101,202309,M,DT_1DA9003S,산업별 계절조정 취업자,천명,Thousand Person
45,G 도매 및 소매업,G.Wholesale and retail trade,산업별,By industry,3298.7,T30,취업자,Employed persons,2026-01-27,101,202310,M,DT_1DA9003S,산업별 계절조정 취업자,천명,Thousand Person
45,G 도매 및 소매업,G.Wholesale and retail trade,산업별,By industry,3277,T30,취업자,Employed persons,2026-01-27,101,202311,M,DT_1DA9003S,산업별 계절조정 취업자,천명,Thousand Person
45,G 도매 및 소매업,G.Wholesale and retail trade,산업별,By industry,3267.8,T30,취업자,Employed persons,2026-01-27,101,202312,M,DT_1DA9003S,산업별 계절조정 취업자,천명,Thousand Person
45,G 도매 및 소매업,G.Wholesale and retail trade,산업별,By industry,3270.5,T30,취업자,Employed persons,2026-01-27,101,202401,M,DT_1DA9003S,산업별 계절조정 취업자,천명,Thousand Person
45,G 도매 및 소매업,G.Wholesale and retail trade,산업별,By industry,3257.3,T30,취업자,Employed persons,2026-01-27,101,202402,M,DT_1DA9003S,산업별 계절조정 취업자,천명,Thousand Person
45,G 도매 및 소매업,G.Wholesale and retail trade,산업별,By industry,3255.5,T30,취업자,Employed persons,2026-01-27,101,202403,M,DT_1DA9003S,산업별 계절조정 취업자,천명,Thousand Person
45,G 도매 및 소매업,G.Wholesale and retail trade,산업별,By industry,3237.4,T30,취업자,Employed persons,2026-01-27,101,202404,M,DT_1DA9003S,산업별 계절조정 취업자,천명,Thousand Person
45,G 도매 및 소매업,G.Wholesale and retail trade,산업별,By industry,3221.7,T30,취업자,Employed persons,2026-01-27,101,202405,M,DT_1DA9003S,산업별 계절조정 취업자,천명,Thousand Person
45,G 도매 및 소매업,G.Wholesale and retail trade,산업별,By industry,3223.9,T30,취업자,Employed persons,2026-01-27,101,202406,M,DT_1DA9003S,산업별 계절조정 취업자,천명,Thousand Person
45,G 도매 및 소매업,G.Wholesale and retail trade,산업별,By industry,3205.9,T30,취업자,Employed persons,2026-01-27,101,202407,M,DT_1DA9003S,산업별 계절조정 취업자,천명,Thousand Person
45,G 도매 및 소매업,G.Wholesale and retail trade,산업별,By industry,3202.9,T30,취업자,Employed persons,2026-01-27,101,202408,M,DT_1DA9003S,산업별 계절조정 취업자,천명,Thousand Person
45,G 도매 및 소매업,G.Wholesale and retail trade,산업별,By industry,3188.7,T30,취업자,Employed persons,2026-01-27,101,202409,M,DT_1DA9003S,산업별 계절조정 취업자,천명,Thousand Person
45,G 도매 및 소매업,G.Wholesale and retail trade,산업별,By industry,3151.5,T30,취업자,Employed persons,2026-01-27,101,202410,M,DT_1DA9003S,산업별 계절조정 취업자,천명,Thousand Person
45,G 도매 및 소매업,G.Wholesale and retail trade,산업별,By industry,3189.5,T30,취업자,Employed persons,2026-01-27,101,202411,M,DT_1DA9003S,산업별 계절조정 취업자,천명,Thousand Person
45,G 도매 및 소매업,G.Wholesale and retail trade,산업별,By industry,3173,T30,취업자,Employed persons,2026-01-27,101,202412,M,DT_1DA9003S,산업별 계절조정 취업자,천명,Thousand Person
45,G 도매 및 소매업,G.Wholesale and retail trade,산업별,By industry,3179.8,T30,취업자,Employed persons,2026-01-27,101,202501,M,DT_1DA9003S,산업별 계절조정 취업자,천명,Thousand Person
45,G 도매 및 소매업,G.Wholesale and retail trade,산업별,By industry,3192.3,T30,취업자,Employed persons,2026-01-27,101,202502,M,DT_1DA9003S,산업별 계절조정 취업자,천명,Thousand Person
45,G 도매 및 소매업,G.Wholesale and retail trade,산업별,By industry,3228.7,T30,취업자,Employed persons,2026-01-27,101,202503,M,DT_1DA9003S,산업별 계절조정 취업자,천명,Thousand Person
45,G 도매 및 소매업,G.Wholesale and retail trade,산업별,By industry,3234.4,T30,취업자,Employed persons,2026-01-27,101,202504,M,DT_1DA9003S,산업별 계절조정 취업자,천명,Thousand Person
45,G 도매 및 소매업,G.Wholesale and retail trade,산업별,By industry,3237.7,T30,취업자,Employed persons,2026-01-27,101,202505,M,DT_1DA9003S,산업별 계절조정 취업자,천명,Thousand Person
45,G 도매 및 소매업,G.Wholesale and retail trade,산업별,By industry,3232.4,T30,취업자,Employed persons,2026-01-27,101,202506,M,DT_1DA9003S,산업별 계절조정 취업자,천명,Thousand Person
45,G 도매 및 소매업,G.Wholesale and retail trade,산업별,By industry,3218.8,T30,취업자,Employed persons,2026-01-27,101,202507,M,DT_1DA9003S,산업별 계절조정 취업자,천명,Thousand Person
45,G 도매 및 소매업,G.Wholesale and retail trade,산업별,By industry,3202.9,T30,취업자,Employed persons,2026-01-27,101,202508,M,DT_1DA9003S,산업별 계절조정 취업자,천명,Thousand Person
45,G 도매 및 소매업,G.Wholesale and retail trade,산업별,By industry,3216.7,T30,취업자,Employed persons,2026-01-27,101,202509,M,DT_1DA9003S,산업별 계절조정 취업자,천명,Thousand Person
45,G 도매 및 소매업,G.Wholesale and retail trade,산업별,By industry,3199,T30,취업자,Employed persons,2026-01-27,101,202510,M,DT_1DA9003S,산업별 계절조정 취업자,천명,Thousand Person
45,G 도매 및 소매업,G.Wholesale and retail trade,산업별,By industry,3202.1,T30,취업자,Employed persons,2026-01-27,101,202511,M,DT_1DA9003S,산업별 계절조정 취업자,천명,Thousand Person
45,G 도매 및 소매업,G.Wholesale and retail trade,산업별,By industry,3217.4,T30,취업자,Employed persons,2026-01-27,101,202512,M,DT_1DA9003S,산업별 계절조정 취업자,천명,Thousand Person
49,H 운수 및 창고업,H Transportation and storage,산업별,By industry,1398.8,T30,취업자,Employed persons,2026-01-27,101,201301,M,DT_1DA9003S,산업별 계절조정 취업자,천명,Thousand Person
49,H 운수 및 창고업,H Transportation and storage,산업별,By industry,1396.7,T30,취업자,Employed persons,2026-01-27,101,201302,M,DT_1DA9003S,산업별 계절조정 취업자,천명,Thousand Person
49,H 운수 및 창고업,H Transportation and storage,산업별,By industry,1409.7,T30,취업자,Employed persons,2026-01-27,101,201303,M,DT_1DA9003S,산업별 계절조정 취업자,천명,Thousand Person
49,H 운수 및 창고업,H Transportation and storage,산업별,By industry,1426.7,T30,취업자,Employed persons,2026-01-27,101,201304,M,DT_1DA9003S,산업별 계절조정 취업자,천명,Thousand Person
49,H 운수 및 창고업,H Transportation and storage,산업별,By industry,1423.7,T30,취업자,Employed persons,2026-01-27,101,201305,M,DT_1DA9003S,산업별 계절조정 취업자,천명,Thousand Person
49,H 운수 및 창고업,H Transportation and storage,산업별,By industry,1432.3,T30,취업자,Employed persons,2026-01-27,101,201306,M,DT_1DA9003S,산업별 계절조정 취업자,천명,Thousand Person
49,H 운수 및 창고업,H Transportation and storage,산업별,By industry,1439.2,T30,취업자,Employed persons,2026-01-27,101,201307,M,DT_1DA9003S,산업별 계절조정 취업자,천명,Thousand Person
49,H 운수 및 창고업,H Transportation and storage,산업별,By industry,1455.2,T30,취업자,Employed persons,2026-01-27,101,201308,M,DT_1DA9003S,산업별 계절조정 취업자,천명,Thousand Person
49,H 운수 및 창고업,H Transportation and storage,산업별,By industry,1444.9,T30,취업자,Employed persons,2026-01-27,101,201309,M,DT_1DA9003S,산업별 계절조정 취업자,천명,Thousand Person
49,H 운수 및 창고업,H Transportation and storage,산업별,By industry,1428.8,T30,취업자,Employed persons,2026-01-27,101,201310,M,DT_1DA9003S,산업별 계절조정 취업자,천명,Thousand Person
49,H 운수 및 창고업,H Transportation and storage,산업별,By industry,1440,T30,취업자,Employed persons,2026-01-27,101,201311,M,DT_1DA9003S,산업별 계절조정 취업자,천명,Thousand Person
49,H 운수 및 창고업,H Transportation and storage,산업별,By industry,1445.4,T30,취업자,Employed persons,2026-01-27,101,201312,M,DT_1DA9003S,산업별 계절조정 취업자,천명,Thousand Person
49,H 운수 및 창고업,H Transportation and storage,산업별,By industry,1441.5,T30,취업자,Employed persons,2026-01-27,101,201401,M,DT_1DA9003S,산업별 계절조정 취업자,천명,Thousand Person
49,H 운수 및 창고업,H Transportation and storage,산업별,By industry,1440.9,T30,취업자,Employed persons,2026-01-27,101,201402,M,DT_1DA9003S,산업별 계절조정 취업자,천명,Thousand Person
49,H 운수 및 창고업,H Transportation and storage,산업별,By industry,1425.7,T30,취업자,Employed persons,2026-01-27,101,201403,M,DT_1DA9003S,산업별 계절조정 취업자,천명,Thousand Person
49,H 운수 및 창고업,H Transportation and storage,산업별,By industry,1427.6,T30,취업자,Employed persons,2026-01-27,101,201404,M,DT_1DA9003S,산업별 계절조정 취업자,천명,Thousand Person
49,H 운수 및 창고업,H Transportation and storage,산업별,By industry,1431.2,T30,취업자,Employed persons,2026-01-27,101,201405,M,DT_1DA9003S,산업별 계절조정 취업자,천명,Thousand Person
49,H 운수 및 창고업,H Transportation and storage,산업별,By industry,1433,T30,취업자,Employed persons,2026-01-27,101,201406,M,DT_1DA9003S,산업별 계절조정 취업자,천명,Thousand Person
49,H 운수 및 창고업,H Transportation and storage,산업별,By industry,1430.8,T30,취업자,Employed persons,2026-01-27,101,201407,M,DT_1DA9003S,산업별 계절조정 취업자,천명,Thousand Person
49,H 운수 및 창고업,H Transportation and storage,산업별,By industry,1427,T30,취업자,Employed persons,2026-01-27,101,201408,M,DT_1DA9003S,산업별 계절조정 취업자,천명,Thousand Person
49,H 운수 및 창고업,H Transportation and storage,산업별,By industry,1424.2,T30,취업자,Employed persons,2026-01-27,101,201409,M,DT_1DA9003S,산업별 계절조정 취업자,천명,Thousand Person
49,H 운수 및 창고업,H Transportation and storage,산업별,By industry,1422,T30,취업자,Employed persons,2026-01-27,101,201410,M,DT_1DA9003S,산업별 계절조정 취업자,천명,Thousand Person
49,H 운수 및 창고업,H Transportation and storage,산업별,By industry,1416.2,T30,취업자,Employed persons,2026-01-27,101,201411,M,DT_1DA9003S,산업별 계절조정 취업자,천명,Thousand Person
49,H 운수 및 창고업,H Transportation and storage,산업별,By industry,1427.2,T30,취업자,Employed persons,2026-01-27,101,201412,M,DT_1DA9003S,산업별 계절조정 취업자,천명,Thousand Person
49,H 운수 및 창고업,H Transportation and storage,산업별,By industry,1416.9,T30,취업자,Employed persons,2026-01-27,101,201501,M,DT_1DA9003S,산업별 계절조정 취업자,천명,Thousand Person
49,H 운수 및 창고업,H Transportation and storage,산업별,By industry,1430.4,T30,취업자,Employed persons,2026-01-27,101,201502,M,DT_1DA9003S,산업별 계절조정 취업자,천명,Thousand Person
49,H 운수 및 창고업,H Transportation and storage,산업별,By industry,1410.9,T30,취업자,Employed persons,2026-01-27,101,201503,M,DT_1DA9003S,산업별 계절조정 취업자,천명,Thousand Person
49,H 운수 및 창고업,H Transportation and storage,산업별,By industry,1430.4,T30,취업자,Employed persons,2026-01-27,101,201504,M,DT_1DA9003S,산업별 계절조정 취업자,천명,Thousand Person
49,H 운수 및 창고업,H Transportation and storage,산업별,By industry,1430.1,T30,취업자,Employed persons,2026-01-27,101,201505,M,DT_1DA9003S,산업별 계절조정 취업자,천명,Thousand Person
49,H 운수 및 창고업,H Transportation and storage,산업별,By industry,1429.9,T30,취업자,Employed persons,2026-01-27,101,201506,M,DT_1DA9003S,산업별 계절조정 취업자,천명,Thousand Person
49,H 운수 및 창고업,H Transportation and storage,산업별,By industry,1431.8,T30,취업자,Employed persons,2026-01-27,101,201507,M,DT_1DA9003S,산업별 계절조정 취업자,천명,Thousand Person
49,H 운수 및 창고업,H Transportation and storage,산업별,By industry,1446.1,T30,취업자,Employed persons,2026-01-27,101,201508,M,DT_1DA9003S,산업별 계절조정 취업자,천명,Thousand Person
49,H 운수 및 창고업,H Transportation and storage,산업별,By industry,1437.2,T30,취업자,Employed persons,2026-01-27,101,201509,M,DT_1DA9003S,산업별 계절조정 취업자,천명,Thousand Person
49,H 운수 및 창고업,H Transportation and storage,산업별,By industry,1433.2,T30,취업자,Employed persons,2026-01-27,101,201510,M,DT_1DA9003S,산업별 계절조정 취업자,천명,Thousand Person
49,H 운수 및 창고업,H Transportation and storage,산업별,By industry,1425.5,T30,취업자,Employed persons,2026-01-27,101,201511,M,DT_1DA9003S,산업별 계절조정 취업자,천명,Thousand Person
49,H 운수 및 창고업,H Transportation and storage,산업별,By industry,1420.6,T30,취업자,Employed persons,2026-01-27,101,201512,M,DT_1DA9003S,산업별 계절조정 취업자,천명,Thousand Person
49,H 운수 및 창고업,H Transportation and storage,산업별,By industry,1441.7,T30,취업자,Employed persons,2026-01-27,101,201601,M,DT_1DA9003S,산업별 계절조정 취업자,천명,Thousand Person
49,H 운수 및 창고업,H Transportation and storage,산업별,By industry,1438,T30,취업자,Employed persons,2026-01-27,101,201602,M,DT_1DA9003S,산업별 계절조정 취업자,천명,Thousand Person
49,H 운수 및 창고업,H Transportation and storage,산업별,By industry,1446.5,T30,취업자,Employed persons,2026-01-27,101,201603,M,DT_1DA9003S,산업별 계절조정 취업자,천명,Thousand Person
49,H 운수 및 창고업,H Transportation and storage,산업별,By industry,1434.4,T30,취업자,Employed persons,2026-01-27,101,201604,M,DT_1DA9003S,산업별 계절조정 취업자,천명,Thousand Person
49,H 운수 및 창고업,H Transportation and storage,산업별,By industry,1440,T30,취업자,Employed persons,2026-01-27,101,201605,M,DT_1DA9003S,산업별 계절조정 취업자,천명,Thousand Person
49,H 운수 및 창고업,H Transportation and storage,산업별,By industry,1424.6,T30,취업자,Employed persons,2026-01-27,101,201606,M,DT_1DA9003S,산업별 계절조정 취업자,천명,Thousand Person
49,H 운수 및 창고업,H Transportation and storage,산업별,By industry,1416.3,T30,취업자,Employed persons,2026-01-27,101,201607,M,DT_1DA9003S,산업별 계절조정 취업자,천명,Thousand Person
49,H 운수 및 창고업,H Transportation and storage,산업별,By industry,1416.8,T30,취업자,Employed persons,2026-01-27,101,201608,M,DT_1DA9003S,산업별 계절조정 취업자,천명,Thousand Person
49,H 운수 및 창고업,H Transportation and storage,산업별,By industry,1418.7,T30,취업자,Employed persons,2026-01-27,101,201609,M,DT_1DA9003S,산업별 계절조정 취업자,천명,Thousand Person
49,H 운수 및 창고업,H Transportation and storage,산업별,By industry,1419,T30,취업자,Employed persons,2026-01-27,101,201610,M,DT_1DA9003S,산업별 계절조정 취업자,천명,Thousand Person
49,H 운수 및 창고업,H Transportation and storage,산업별,By industry,1407,T30,취업자,Employed persons,2026-01-27,101,201611,M,DT_1DA9003S,산업별 계절조정 취업자,천명,Thousand Person
49,H 운수 및 창고업,H Transportation and storage,산업별,By industry,1413,T30,취업자,Employed persons,2026-01-27,101,201612,M,DT_1DA9003S,산업별 계절조정 취업자,천명,Thousand Person
49,H 운수 및 창고업,H Transportation and storage,산업별,By industry,1405.5,T30,취업자,Employed persons,2026-01-27,101,201701,M,DT_1DA9003S,산업별 계절조정 취업자,천명,Thousand Person
49,H 운수 및 창고업,H Transportation and storage,산업별,By industry,1404.5,T30,취업자,Employed persons,2026-01-27,101,201702,M,DT_1DA9003S,산업별 계절조정 취업자,천명,Thousand Person
49,H 운수 및 창고업,H Transportation and storage,산업별,By industry,1411.3,T30,취업자,Employed persons,2026-01-27,101,201703,M,DT_1DA9003S,산업별 계절조정 취업자,천명,Thousand Person
49,H 운수 및 창고업,H Transportation and storage,산업별,By industry,1405.2,T30,취업자,Employed persons,2026-01-27,101,201704,M,DT_1DA9003S,산업별 계절조정 취업자,천명,Thousand Person
49,H 운수 및 창고업,H Transportation and storage,산업별,By industry,1393.9,T30,취업자,Employed persons,2026-01-27,101,201705,M,DT_1DA9003S,산업별 계절조정 취업자,천명,Thousand Person
49,H 운수 및 창고업,H Transportation and storage,산업별,By industry,1394.7,T30,취업자,Employed persons,2026-01-27,101,201706,M,DT_1DA9003S,산업별 계절조정 취업자,천명,Thousand Person
49,H 운수 및 창고업,H Transportation and storage,산업별,By industry,1400,T30,취업자,Employed persons,2026-01-27,101,201707,M,DT_1DA9003S,산업별 계절조정 취업자,천명,Thousand Person
49,H 운수 및 창고업,H Transportation and storage,산업별,By industry,1402.1,T30,취업자,Employed persons,2026-01-27,101,201708,M,DT_1DA9003S,산업별 계절조정 취업자,천명,Thousand Person
49,H 운수 및 창고업,H Transportation and storage,산업별,By industry,1408.9,T30,취업자,Employed persons,2026-01-27,101,201709,M,DT_1DA9003S,산업별 계절조정 취업자,천명,Thousand Person
49,H 운수 및 창고업,H Transportation and storage,산업별,By industry,1411.3,T30,취업자,Employed persons,2026-01-27,101,201710,M,DT_1DA9003S,산업별 계절조정 취업자,천명,Thousand Person
49,H 운수 및 창고업,H Transportation and storage,산업별,By industry,1413.7,T30,취업자,Employed persons,2026-01-27,101,201711,M,DT_1DA9003S,산업별 계절조정 취업자,천명,Thousand Person
49,H 운수 및 창고업,H Transportation and storage,산업별,By industry,1403.9,T30,취업자,Employed persons,2026-01-27,101,201712,M,DT_1DA9003S,산업별 계절조정 취업자,천명,Thousand Person
49,H 운수 및 창고업,H Transportation and storage,산업별,By industry,1416.5,T30,취업자,Employed persons,2026-01-27,101,201801,M,DT_1DA9003S,산업별 계절조정 취업자,천명,Thousand Person
49,H 운수 및 창고업,H Transportation and storage,산업별,By industry,1405.2,T30,취업자,Employed persons,2026-01-27,101,201802,M,DT_1DA9003S,산업별 계절조정 취업자,천명,Thousand Person
49,H 운수 및 창고업,H Transportation and storage,산업별,By industry,1415.7,T30,취업자,Employed persons,2026-01-27,101,201803,M,DT_1DA9003S,산업별 계절조정 취업자,천명,Thousand Person
49,H 운수 및 창고업,H Transportation and storage,산업별,By industry,1405.4,T30,취업자,Employed persons,2026-01-27,101,201804,M,DT_1DA9003S,산업별 계절조정 취업자,천명,Thousand Person
49,H 운수 및 창고업,H Transportation and storage,산업별,By industry,1396,T30,취업자,Employed persons,2026-01-27,101,201805,M,DT_1DA9003S,산업별 계절조정 취업자,천명,Thousand Person
49,H 운수 및 창고업,H Transportation and storage,산업별,By industry,1384.7,T30,취업자,Employed persons,2026-01-27,101,201806,M,DT_1DA9003S,산업별 계절조정 취업자,천명,Thousand Person
49,H 운수 및 창고업,H Transportation and storage,산업별,By industry,1390,T30,취업자,Employed persons,2026-01-27,101,201807,M,DT_1DA9003S,산업별 계절조정 취업자,천명,Thousand Person
49,H 운수 및 창고업,H Transportation and storage,산업별,By industry,1404.5,T30,취업자,Employed persons,2026-01-27,101,201808,M,DT_1DA9003S,산업별 계절조정 취업자,천명,Thousand Person
49,H 운수 및 창고업,H Transportation and storage,산업별,By industry,1411.6,T30,취업자,Employed persons,2026-01-27,101,201809,M,DT_1DA9003S,산업별 계절조정 취업자,천명,Thousand Person
49,H 운수 및 창고업,H Transportation and storage,산업별,By industry,1416.8,T30,취업자,Employed persons,2026-01-27,101,201810,M,DT_1DA9003S,산업별 계절조정 취업자,천명,Thousand Person
49,H 운수 및 창고업,H Transportation and storage,산업별,By industry,1414.2,T30,취업자,Employed persons,2026-01-27,101,201811,M,DT_1DA9003S,산업별 계절조정 취업자,천명,Thousand Person
49,H 운수 및 창고업,H Transportation and storage,산업별,By industry,1417.6,T30,취업자,Employed persons,2026-01-27,101,201812,M,DT_1DA9003S,산업별 계절조정 취업자,천명,Thousand Person
49,H 운수 및 창고업,H Transportation and storage,산업별,By industry,1407.6,T30,취업자,Employed persons,2026-01-27,101,201901,M,DT_1DA9003S,산업별 계절조정 취업자,천명,Thousand Person
49,H 운수 및 창고업,H Transportation and storage,산업별,By industry,1406.8,T30,취업자,Employed persons,2026-01-27,101,201902,M,DT_1DA9003S,산업별 계절조정 취업자,천명,Thousand Person
49,H 운수 및 창고업,H Transportation and storage,산업별,By industry,1411.5,T30,취업자,Employed persons,2026-01-27,101,201903,M,DT_1DA9003S,산업별 계절조정 취업자,천명,Thousand Person
49,H 운수 및 창고업,H Transportation and storage,산업별,By industry,1420.6,T30,취업자,Employed persons,2026-01-27,101,201904,M,DT_1DA9003S,산업별 계절조정 취업자,천명,Thousand Person
49,H 운수 및 창고업,H Transportation and storage,산업별,By industry,1414.3,T30,취업자,Employed persons,2026-01-27,101,201905,M,DT_1DA9003S,산업별 계절조정 취업자,천명,Thousand Person
49,H 운수 및 창고업,H Transportation and storage,산업별,By industry,1429.8,T30,취업자,Employed persons,2026-01-27,101,201906,M,DT_1DA9003S,산업별 계절조정 취업자,천명,Thousand Person
49,H 운수 및 창고업,H Transportation and storage,산업별,By industry,1418.8,T30,취업자,Employed persons,2026-01-27,101,201907,M,DT_1DA9003S,산업별 계절조정 취업자,천명,Thousand Person
49,H 운수 및 창고업,H Transportation and storage,산업별,By industry,1424.8,T30,취업자,Employed persons,2026-01-27,101,201908,M,DT_1DA9003S,산업별 계절조정 취업자,천명,Thousand Person
49,H 운수 및 창고업,H Transportation and storage,산업별,By industry,1437.8,T30,취업자,Employed persons,2026-01-27,101,201909,M,DT_1DA9003S,산업별 계절조정 취업자,천명,Thousand Person
49,H 운수 및 창고업,H Transportation and storage,산업별,By industry,1445.5,T30,취업자,Employed persons,2026-01-27,101,201910,M,DT_1DA9003S,산업별 계절조정 취업자,천명,Thousand Person
49,H 운수 및 창고업,H Transportation and storage,산업별,By industry,1471.7,T30,취업자,Employed persons,2026-01-27,101,201911,M,DT_1DA9003S,산업별 계절조정 취업자,천명,Thousand Person
49,H 운수 및 창고업,H Transportation and storage,산업별,By industry,1487.2,T30,취업자,Employed persons,2026-01-27,101,201912,M,DT_1DA9003S,산업별 계절조정 취업자,천명,Thousand Person
49,H 운수 및 창고업,H Transportation and storage,산업별,By industry,1499.5,T30,취업자,Employed persons,2026-01-27,101,202001,M,DT_1DA9003S,산업별 계절조정 취업자,천명,Thousand Person
49,H 운수 및 창고업,H Transportation and storage,산업별,By industry,1506.4,T30,취업자,Employed persons,2026-01-27,101,202002,M,DT_1DA9003S,산업별 계절조정 취업자,천명,Thousand Person
49,H 운수 및 창고업,H Transportation and storage,산업별,By industry,1483,T30,취업자,Employed persons,2026-01-27,101,202003,M,DT_1DA9003S,산업별 계절조정 취업자,천명,Thousand Person
49,H 운수 및 창고업,H Transportation and storage,산업별,By industry,1454.1,T30,취업자,Employed persons,2026-01-27,101,202004,M,DT_1DA9003S,산업별 계절조정 취업자,천명,Thousand Person
49,H 운수 및 창고업,H Transportation and storage,산업별,By industry,1463.5,T30,취업자,Employed persons,2026-01-27,101,202005,M,DT_1DA9003S,산업별 계절조정 취업자,천명,Thousand Person
49,H 운수 및 창고업,H Transportation and storage,산업별,By industry,1478,T30,취업자,Employed persons,2026-01-27,101,202006,M,DT_1DA9003S,산업별 계절조정 취업자,천명,Thousand Person
49,H 운수 및 창고업,H Transportation and storage,산업별,By industry,1474.8,T30,취업자,Employed persons,2026-01-27,101,202007,M,DT_1DA9003S,산업별 계절조정 취업자,천명,Thousand Person
49,H 운수 및 창고업,H Transportation and storage,산업별,By industry,1481.1,T30,취업자,Employed persons,2026-01-27,101,202008,M,DT_1DA9003S,산업별 계절조정 취업자,천명,Thousand Person
49,H 운수 및 창고업,H Transportation and storage,산업별,By industry,1461,T30,취업자,Employed persons,2026-01-27,101,202009,M,DT_1DA9003S,산업별 계절조정 취업자,천명,Thousand Person
49,H 운수 및 창고업,H Transportation and storage,산업별,By industry,1473.6,T30,취업자,Employed persons,2026-01-27,101,202010,M,DT_1DA9003S,산업별 계절조정 취업자,천명,Thousand Person
49,H 운수 및 창고업,H Transportation and storage,산업별,By industry,1496.1,T30,취업자,Employed persons,2026-01-27,101,202011,M,DT_1DA9003S,산업별 계절조정 취업자,천명,Thousand Person
49,H 운수 및 창고업,H Transportation and storage,산업별,By industry,1517.2,T30,취업자,Employed persons,2026-01-27,101,202012,M,DT_1DA9003S,산업별 계절조정 취업자,천명,Thousand Person
49,H 운수 및 창고업,H Transportation and storage,산업별,By industry,1529.9,T30,취업자,Employed persons,2026-01-27,101,202101,M,DT_1DA9003S,산업별 계절조정 취업자,천명,Thousand Person
49,H 운수 및 창고업,H Transportation and storage,산업별,By industry,1532.4,T30,취업자,Employed persons,2026-01-27,101,202102,M,DT_1DA9003S,산업별 계절조정 취업자,천명,Thousand Person
49,H 운수 및 창고업,H Transportation and storage,산업별,By industry,1555.9,T30,취업자,Employed persons,2026-01-27,101,202103,M,DT_1DA9003S,산업별 계절조정 취업자,천명,Thousand Person
49,H 운수 및 창고업,H Transportation and storage,산업별,By industry,1560.5,T30,취업자,Employed persons,2026-01-27,101,202104,M,DT_1DA9003S,산업별 계절조정 취업자,천명,Thousand Person
49,H 운수 및 창고업,H Transportation and storage,산업별,By industry,1553.1,T30,취업자,Employed persons,2026-01-27,101,202105,M,DT_1DA9003S,산업별 계절조정 취업자,천명,Thousand Person
49,H 운수 및 창고업,H Transportation and storage,산업별,By industry,1565.6,T30,취업자,Employed persons,2026-01-27,101,202106,M,DT_1DA9003S,산업별 계절조정 취업자,천명,Thousand Person
49,H 운수 및 창고업,H Transportation and storage,산업별,By industry,1594,T30,취업자,Employed persons,2026-01-27,101,202107,M,DT_1DA9003S,산업별 계절조정 취업자,천명,Thousand Person
49,H 운수 및 창고업,H Transportation and storage,산업별,By industry,1588.3,T30,취업자,Employed persons,2026-01-27,101,202108,M,DT_1DA9003S,산업별 계절조정 취업자,천명,Thousand Person
49,H 운수 및 창고업,H Transportation and storage,산업별,By industry,1625.2,T30,취업자,Employed persons,2026-01-27,101,202109,M,DT_1DA9003S,산업별 계절조정 취업자,천명,Thousand Person
49,H 운수 및 창고업,H Transportation and storage,산업별,By industry,1637.1,T30,취업자,Employed persons,2026-01-27,101,202110,M,DT_1DA9003S,산업별 계절조정 취업자,천명,Thousand Person
49,H 운수 및 창고업,H Transportation and storage,산업별,By industry,1643.6,T30,취업자,Employed persons,2026-01-27,101,202111,M,DT_1DA9003S,산업별 계절조정 취업자,천명,Thousand Person
49,H 운수 및 창고업,H Transportation and storage,산업별,By industry,1644.6,T30,취업자,Employed persons,2026-01-27,101,202112,M,DT_1DA9003S,산업별 계절조정 취업자,천명,Thousand Person
49,H 운수 및 창고업,H Transportation and storage,산업별,By industry,1651.3,T30,취업자,Employed persons,2026-01-27,101,202201,M,DT_1DA9003S,산업별 계절조정 취업자,천명,Thousand Person
49,H 운수 및 창고업,H Transportation and storage,산업별,By industry,1667.9,T30,취업자,Employed persons,2026-01-27,101,202202,M,DT_1DA9003S,산업별 계절조정 취업자,천명,Thousand Person
49,H 운수 및 창고업,H Transportation and storage,산업별,By industry,1637.9,T30,취업자,Employed persons,2026-01-27,101,202203,M,DT_1DA9003S,산업별 계절조정 취업자,천명,Thousand Person
49,H 운수 및 창고업,H Transportation and storage,산업별,By industry,1646.9,T30,취업자,Employed persons,2026-01-27,101,202204,M,DT_1DA9003S,산업별 계절조정 취업자,천명,Thousand Person
49,H 운수 및 창고업,H Transportation and storage,산업별,By industry,1672,T30,취업자,Employed persons,2026-01-27,101,202205,M,DT_1DA9003S,산업별 계절조정 취업자,천명,Thousand Person
49,H 운수 및 창고업,H Transportation and storage,산업별,By industry,1689.8,T30,취업자,Employed persons,2026-01-27,101,202206,M,DT_1DA9003S,산업별 계절조정 취업자,천명,Thousand Person
49,H 운수 및 창고업,H Transportation and storage,산업별,By industry,1675.4,T30,취업자,Employed persons,2026-01-27,101,202207,M,DT_1DA9003S,산업별 계절조정 취업자,천명,Thousand Person
49,H 운수 및 창고업,H Transportation and storage,산업별,By industry,1663,T30,취업자,Employed persons,2026-01-27,101,202208,M,DT_1DA9003S,산업별 계절조정 취업자,천명,Thousand Person
49,H 운수 및 창고업,H Transportation and storage,산업별,By industry,1651.5,T30,취업자,Employed persons,2026-01-27,101,202209,M,DT_1DA9003S,산업별 계절조정 취업자,천명,Thousand Person
49,H 운수 및 창고업,H Transportation and storage,산업별,By industry,1642.2,T30,취업자,Employed persons,2026-01-27,101,202210,M,DT_1DA9003S,산업별 계절조정 취업자,천명,Thousand Person
49,H 운수 및 창고업,H Transportation and storage,산업별,By industry,1632.4,T30,취업자,Employed persons,2026-01-27,101,202211,M,DT_1DA9003S,산업별 계절조정 취업자,천명,Thousand Person
49,H 운수 및 창고업,H Transportation and storage,산업별,By industry,1632.2,T30,취업자,Employed persons,2026-01-27,101,202212,M,DT_1DA9003S,산업별 계절조정 취업자,천명,Thousand Person
49,H 운수 및 창고업,H Transportation and storage,산업별,By industry,1602.1,T30,취업자,Employed persons,2026-01-27,101,202301,M,DT_1DA9003S,산업별 계절조정 취업자,천명,Thousand Person
49,H 운수 및 창고업,H Transportation and storage,산업별,By industry,1624.9,T30,취업자,Employed persons,2026-01-27,101,202302,M,DT_1DA9003S,산업별 계절조정 취업자,천명,Thousand Person
49,H 운수 및 창고업,H Transportation and storage,산업별,By industry,1628.1,T30,취업자,Employed persons,2026-01-27,101,202303,M,DT_1DA9003S,산업별 계절조정 취업자,천명,Thousand Person
49,H 운수 및 창고업,H Transportation and storage,산업별,By industry,1634.1,T30,취업자,Employed persons,2026-01-27,101,202304,M,DT_1DA9003S,산업별 계절조정 취업자,천명,Thousand Person
49,H 운수 및 창고업,H Transportation and storage,산업별,By industry,1646.1,T30,취업자,Employed persons,2026-01-27,101,202305,M,DT_1DA9003S,산업별 계절조정 취업자,천명,Thousand Person
49,H 운수 및 창고업,H Transportation and storage,산업별,By industry,1649.8,T30,취업자,Employed persons,2026-01-27,101,202306,M,DT_1DA9003S,산업별 계절조정 취업자,천명,Thousand Person
49,H 운수 및 창고업,H Transportation and storage,산업별,By industry,1647.9,T30,취업자,Employed persons,2026-01-27,101,202307,M,DT_1DA9003S,산업별 계절조정 취업자,천명,Thousand Person
49,H 운수 및 창고업,H Transportation and storage,산업별,By industry,1646.3,T30,취업자,Employed persons,2026-01-27,101,202308,M,DT_1DA9003S,산업별 계절조정 취업자,천명,Thousand Person
49,H 운수 및 창고업,H Transportation and storage,산업별,By industry,1653.6,T30,취업자,Employed persons,2026-01-27,101,202309,M,DT_1DA9003S,산업별 계절조정 취업자,천명,Thousand Person
49,H 운수 및 창고업,H Transportation and storage,산업별,By industry,1671.7,T30,취업자,Employed persons,2026-01-27,101,202310,M,DT_1DA9003S,산업별 계절조정 취업자,천명,Thousand Person
49,H 운수 및 창고업,H Transportation and storage,산업별,By industry,1668.5,T30,취업자,Employed persons,2026-01-27,101,202311,M,DT_1DA9003S,산업별 계절조정 취업자,천명,Thousand Person
49,H 운수 및 창고업,H Transportation and storage,산업별,By industry,1659.6,T30,취업자,Employed persons,2026-01-27,101,202312,M,DT_1DA9003S,산업별 계절조정 취업자,천명,Thousand Person
49,H 운수 및 창고업,H Transportation and storage,산업별,By industry,1669.3,T30,취업자,Employed persons,2026-01-27,101,202401,M,DT_1DA9003S,산업별 계절조정 취업자,천명,Thousand Person
49,H 운수 및 창고업,H Transportation and storage,산업별,By industry,1680.1,T30,취업자,Employed persons,2026-01-27,101,202402,M,DT_1DA9003S,산업별 계절조정 취업자,천명,Thousand Person
49,H 운수 및 창고업,H Transportation and storage,산업별,By industry,1686.8,T30,취업자,Employed persons,2026-01-27,101,202403,M,DT_1DA9003S,산업별 계절조정 취업자,천명,Thousand Person
49,H 운수 및 창고업,H Transportation and storage,산업별,By industry,1685.8,T30,취업자,Employed persons,2026-01-27,101,202404,M,DT_1DA9003S,산업별 계절조정 취업자,천명,Thousand Person
49,H 운수 및 창고업,H Transportation and storage,산업별,By industry,1694.1,T30,취업자,Employed persons,2026-01-27,101,202405,M,DT_1DA9003S,산업별 계절조정 취업자,천명,Thousand Person
49,H 운수 및 창고업,H Transportation and storage,산업별,By industry,1695.8,T30,취업자,Employed persons,2026-01-27,101,202406,M,DT_1DA9003S,산업별 계절조정 취업자,천명,Thousand Person
49,H 운수 및 창고업,H Transportation and storage,산업별,By industry,1711.3,T30,취업자,Employed persons,2026-01-27,101,202407,M,DT_1DA9003S,산업별 계절조정 취업자,천명,Thousand Person
49,H 운수 및 창고업,H Transportation and storage,산업별,By industry,1739.9,T30,취업자,Employed persons,2026-01-27,101,202408,M,DT_1DA9003S,산업별 계절조정 취업자,천명,Thousand Person
49,H 운수 및 창고업,H Transportation and storage,산업별,By industry,1733.2,T30,취업자,Employed persons,2026-01-27,101,202409,M,DT_1DA9003S,산업별 계절조정 취업자,천명,Thousand Person
49,H 운수 및 창고업,H Transportation and storage,산업별,By industry,1724,T30,취업자,Employed persons,2026-01-27,101,202410,M,DT_1DA9003S,산업별 계절조정 취업자,천명,Thousand Person
49,H 운수 및 창고업,H Transportation and storage,산업별,By industry,1710.8,T30,취업자,Employed persons,2026-01-27,101,202411,M,DT_1DA9003S,산업별 계절조정 취업자,천명,Thousand Person
49,H 운수 및 창고업,H Transportation and storage,산업별,By industry,1679,T30,취업자,Employed persons,2026-01-27,101,202412,M,DT_1DA9003S,산업별 계절조정 취업자,천명,Thousand Person
49,H 운수 및 창고업,H Transportation and storage,산업별,By industry,1666.4,T30,취업자,Employed persons,2026-01-27,101,202501,M,DT_1DA9003S,산업별 계절조정 취업자,천명,Thousand Person
49,H 운수 및 창고업,H Transportation and storage,산업별,By industry,1672.4,T30,취업자,Employed persons,2026-01-27,101,202502,M,DT_1DA9003S,산업별 계절조정 취업자,천명,Thousand Person
49,H 운수 및 창고업,H Transportation and storage,산업별,By industry,1691.6,T30,취업자,Employed persons,2026-01-27,101,202503,M,DT_1DA9003S,산업별 계절조정 취업자,천명,Thousand Person
49,H 운수 및 창고업,H Transportation and storage,산업별,By industry,1712,T30,취업자,Employed persons,2026-01-27,101,202504,M,DT_1DA9003S,산업별 계절조정 취업자,천명,Thousand Person
49,H 운수 및 창고업,H Transportation and storage,산업별,By industry,1699.6,T30,취업자,Employed persons,2026-01-27,101,202505,M,DT_1DA9003S,산업별 계절조정 취업자,천명,Thousand Person
49,H 운수 및 창고업,H Transportation and storage,산업별,By industry,1694.2,T30,취업자,Employed persons,2026-01-27,101,202506,M,DT_1DA9003S,산업별 계절조정 취업자,천명,Thousand Person
49,H 운수 및 창고업,H Transportation and storage,산업별,By industry,1737.5,T30,취업자,Employed persons,2026-01-27,101,202507,M,DT_1DA9003S,산업별 계절조정 취업자,천명,Thousand Person
49,H 운수 및 창고업,H Transportation and storage,산업별,By industry,1743.8,T30,취업자,Employed persons,2026-01-27,101,202508,M,DT_1DA9003S,산업별 계절조정 취업자,천명,Thousand Person
49,H 운수 및 창고업,H Transportation and storage,산업별,By industry,1742.8,T30,취업자,Employed persons,2026-01-27,101,202509,M,DT_1DA9003S,산업별 계절조정 취업자,천명,Thousand Person
49,H 운수 및 창고업,H Transportation and storage,산업별,By industry,1738.2,T30,취업자,Employed persons,2026-01-27,101,202510,M,DT_1DA9003S,산업별 계절조정 취업자,천명,Thousand Person
49,H 운수 및 창고업,H Transportation and storage,산업별,By industry,1752.4,T30,취업자,Employed persons,2026-01-27,101,202511,M,DT_1DA9003S,산업별 계절조정 취업자,천명,Thousand Person
49,H 운수 및 창고업,H Transportation and storage,산업별,By industry,1751.7,T30,취업자,Employed persons,2026-01-27,101,202512,M,DT_1DA9003S,산업별 계절조정 취업자,천명,Thousand Person
55,I 숙박 및 음식점업,I Accommodation and food service activities,산업별,By industry,1957,T30,취업자,Employed persons,2026-01-27,101,201301,M,DT_1DA9003S,산업별 계절조정 취업자,천명,Thousand Person
55,I 숙박 및 음식점업,I Accommodation and food service activities,산업별,By industry,1948.4,T30,취업자,Employed persons,2026-01-27,101,201302,M,DT_1DA9003S,산업별 계절조정 취업자,천명,Thousand Person
55,I 숙박 및 음식점업,I Accommodation and food service activities,산업별,By industry,1929.7,T30,취업자,Employed persons,2026-01-27,101,201303,M,DT_1DA9003S,산업별 계절조정 취업자,천명,Thousand Person
55,I 숙박 및 음식점업,I Accommodation and food service activities,산업별,By industry,1959.4,T30,취업자,Employed persons,2026-01-27,101,201304,M,DT_1DA9003S,산업별 계절조정 취업자,천명,Thousand Person
55,I 숙박 및 음식점업,I Accommodation and food service activities,산업별,By industry,1941,T30,취업자,Employed persons,2026-01-27,101,201305,M,DT_1DA9003S,산업별 계절조정 취업자,천명,Thousand Person
55,I 숙박 및 음식점업,I Accommodation and food service activities,산업별,By industry,1950.4,T30,취업자,Employed persons,2026-01-27,101,201306,M,DT_1DA9003S,산업별 계절조정 취업자,천명,Thousand Person
55,I 숙박 및 음식점업,I Accommodation and food service activities,산업별,By industry,1972.2,T30,취업자,Employed persons,2026-01-27,101,201307,M,DT_1DA9003S,산업별 계절조정 취업자,천명,Thousand Person
55,I 숙박 및 음식점업,I Accommodation and food service activities,산업별,By industry,2003.4,T30,취업자,Employed persons,2026-01-27,101,201308,M,DT_1DA9003S,산업별 계절조정 취업자,천명,Thousand Person
55,I 숙박 및 음식점업,I Accommodation and food service activities,산업별,By industry,2013.8,T30,취업자,Employed persons,2026-01-27,101,201309,M,DT_1DA9003S,산업별 계절조정 취업자,천명,Thousand Person
55,I 숙박 및 음식점업,I Accommodation and food service activities,산업별,By industry,2021.6,T30,취업자,Employed persons,2026-01-27,101,201310,M,DT_1DA9003S,산업별 계절조정 취업자,천명,Thousand Person
55,I 숙박 및 음식점업,I Accommodation and food service activities,산업별,By industry,2060.9,T30,취업자,Employed persons,2026-01-27,101,201311,M,DT_1DA9003S,산업별 계절조정 취업자,천명,Thousand Person
55,I 숙박 및 음식점업,I Accommodation and food service activities,산업별,By industry,2054.5,T30,취업자,Employed persons,2026-01-27,101,201312,M,DT_1DA9003S,산업별 계절조정 취업자,천명,Thousand Person
55,I 숙박 및 음식점업,I Accommodation and food service activities,산업별,By industry,2082,T30,취업자,Employed persons,2026-01-27,101,201401,M,DT_1DA9003S,산업별 계절조정 취업자,천명,Thousand Person
55,I 숙박 및 음식점업,I Accommodation and food service activities,산업별,By industry,2102,T30,취업자,Employed persons,2026-01-27,101,201402,M,DT_1DA9003S,산업별 계절조정 취업자,천명,Thousand Person
55,I 숙박 및 음식점업,I Accommodation and food service activities,산업별,By industry,2107.7,T30,취업자,Employed persons,2026-01-27,101,201403,M,DT_1DA9003S,산업별 계절조정 취업자,천명,Thousand Person
55,I 숙박 및 음식점업,I Accommodation and food service activities,산업별,By industry,2088.5,T30,취업자,Employed persons,2026-01-27,101,201404,M,DT_1DA9003S,산업별 계절조정 취업자,천명,Thousand Person
55,I 숙박 및 음식점업,I Accommodation and food service activities,산업별,By industry,2055.9,T30,취업자,Employed persons,2026-01-27,101,201405,M,DT_1DA9003S,산업별 계절조정 취업자,천명,Thousand Person
55,I 숙박 및 음식점업,I Accommodation and food service activities,산업별,By industry,2088.3,T30,취업자,Employed persons,2026-01-27,101,201406,M,DT_1DA9003S,산업별 계절조정 취업자,천명,Thousand Person
55,I 숙박 및 음식점업,I Accommodation and food service activities,산업별,By industry,2121.2,T30,취업자,Employed persons,2026-01-27,101,201407,M,DT_1DA9003S,산업별 계절조정 취업자,천명,Thousand Person
55,I 숙박 및 음식점업,I Accommodation and food service activities,산업별,By industry,2135.8,T30,취업자,Employed persons,2026-01-27,101,201408,M,DT_1DA9003S,산업별 계절조정 취업자,천명,Thousand Person
55,I 숙박 및 음식점업,I Accommodation and food service activities,산업별,By industry,2143.5,T30,취업자,Employed persons,2026-01-27,101,201409,M,DT_1DA9003S,산업별 계절조정 취업자,천명,Thousand Person
55,I 숙박 및 음식점업,I Accommodation and food service activities,산업별,By industry,2175.9,T30,취업자,Employed persons,2026-01-27,101,201410,M,DT_1DA9003S,산업별 계절조정 취업자,천명,Thousand Person
55,I 숙박 및 음식점업,I Accommodation and food service activities,산업별,By industry,2141.6,T30,취업자,Employed persons,2026-01-27,101,201411,M,DT_1DA9003S,산업별 계절조정 취업자,천명,Thousand Person
55,I 숙박 및 음식점업,I Accommodation and food service activities,산업별,By industry,2176.7,T30,취업자,Employed persons,2026-01-27,101,201412,M,DT_1DA9003S,산업별 계절조정 취업자,천명,Thousand Person
55,I 숙박 및 음식점업,I Accommodation and food service activities,산업별,By industry,2159.9,T30,취업자,Employed persons,2026-01-27,101,201501,M,DT_1DA9003S,산업별 계절조정 취업자,천명,Thousand Person
55,I 숙박 및 음식점업,I Accommodation and food service activities,산업별,By industry,2179.6,T30,취업자,Employed persons,2026-01-27,101,201502,M,DT_1DA9003S,산업별 계절조정 취업자,천명,Thousand Person
55,I 숙박 및 음식점업,I Accommodation and food service activities,산업별,By industry,2164.4,T30,취업자,Employed persons,2026-01-27,101,201503,M,DT_1DA9003S,산업별 계절조정 취업자,천명,Thousand Person
55,I 숙박 및 음식점업,I Accommodation and food service activities,산업별,By industry,2138.4,T30,취업자,Employed persons,2026-01-27,101,201504,M,DT_1DA9003S,산업별 계절조정 취업자,천명,Thousand Person
55,I 숙박 및 음식점업,I Accommodation and food service activities,산업별,By industry,2191.6,T30,취업자,Employed persons,2026-01-27,101,201505,M,DT_1DA9003S,산업별 계절조정 취업자,천명,Thousand Person
55,I 숙박 및 음식점업,I Accommodation and food service activities,산업별,By industry,2178.4,T30,취업자,Employed persons,2026-01-27,101,201506,M,DT_1DA9003S,산업별 계절조정 취업자,천명,Thousand Person
55,I 숙박 및 음식점업,I Accommodation and food service activities,산업별,By industry,2189.2,T30,취업자,Employed persons,2026-01-27,101,201507,M,DT_1DA9003S,산업별 계절조정 취업자,천명,Thousand Person
55,I 숙박 및 음식점업,I Accommodation and food service activities,산업별,By industry,2234,T30,취업자,Employed persons,2026-01-27,101,201508,M,DT_1DA9003S,산업별 계절조정 취업자,천명,Thousand Person
55,I 숙박 및 음식점업,I Accommodation and food service activities,산업별,By industry,2220.3,T30,취업자,Employed persons,2026-01-27,101,201509,M,DT_1DA9003S,산업별 계절조정 취업자,천명,Thousand Person
55,I 숙박 및 음식점업,I Accommodation and food service activities,산업별,By industry,2219.5,T30,취업자,Employed persons,2026-01-27,101,201510,M,DT_1DA9003S,산업별 계절조정 취업자,천명,Thousand Person
55,I 숙박 및 음식점업,I Accommodation and food service activities,산업별,By industry,2251.2,T30,취업자,Employed persons,2026-01-27,101,201511,M,DT_1DA9003S,산업별 계절조정 취업자,천명,Thousand Person
55,I 숙박 및 음식점업,I Accommodation and food service activities,산업별,By industry,2213.7,T30,취업자,Employed persons,2026-01-27,101,201512,M,DT_1DA9003S,산업별 계절조정 취업자,천명,Thousand Person
55,I 숙박 및 음식점업,I Accommodation and food service activities,산업별,By industry,2238.6,T30,취업자,Employed persons,2026-01-27,101,201601,M,DT_1DA9003S,산업별 계절조정 취업자,천명,Thousand Person
55,I 숙박 및 음식점업,I Accommodation and food service activities,산업별,By industry,2233.4,T30,취업자,Employed persons,2026-01-27,101,201602,M,DT_1DA9003S,산업별 계절조정 취업자,천명,Thousand Person
55,I 숙박 및 음식점업,I Accommodation and food service activities,산업별,By industry,2245.1,T30,취업자,Employed persons,2026-01-27,101,201603,M,DT_1DA9003S,산업별 계절조정 취업자,천명,Thousand Person
55,I 숙박 및 음식점업,I Accommodation and food service activities,산업별,By industry,2258.3,T30,취업자,Employed persons,2026-01-27,101,201604,M,DT_1DA9003S,산업별 계절조정 취업자,천명,Thousand Person
55,I 숙박 및 음식점업,I Accommodation and food service activities,산업별,By industry,2273.2,T30,취업자,Employed persons,2026-01-27,101,201605,M,DT_1DA9003S,산업별 계절조정 취업자,천명,Thousand Person
55,I 숙박 및 음식점업,I Accommodation and food service activities,산업별,By industry,2302.7,T30,취업자,Employed persons,2026-01-27,101,201606,M,DT_1DA9003S,산업별 계절조정 취업자,천명,Thousand Person
55,I 숙박 및 음식점업,I Accommodation and food service activities,산업별,By industry,2306.9,T30,취업자,Employed persons,2026-01-27,101,201607,M,DT_1DA9003S,산업별 계절조정 취업자,천명,Thousand Person
55,I 숙박 및 음식점업,I Accommodation and food service activities,산업별,By industry,2336,T30,취업자,Employed persons,2026-01-27,101,201608,M,DT_1DA9003S,산업별 계절조정 취업자,천명,Thousand Person
55,I 숙박 및 음식점업,I Accommodation and food service activities,산업별,By industry,2323,T30,취업자,Employed persons,2026-01-27,101,201609,M,DT_1DA9003S,산업별 계절조정 취업자,천명,Thousand Person
55,I 숙박 및 음식점업,I Accommodation and food service activities,산업별,By industry,2324.3,T30,취업자,Employed persons,2026-01-27,101,201610,M,DT_1DA9003S,산업별 계절조정 취업자,천명,Thousand Person
55,I 숙박 및 음식점업,I Accommodation and food service activities,산업별,By industry,2322.8,T30,취업자,Employed persons,2026-01-27,101,201611,M,DT_1DA9003S,산업별 계절조정 취업자,천명,Thousand Person
55,I 숙박 및 음식점업,I Accommodation and food service activities,산업별,By industry,2324.4,T30,취업자,Employed persons,2026-01-27,101,201612,M,DT_1DA9003S,산업별 계절조정 취업자,천명,Thousand Person
55,I 숙박 및 음식점업,I Accommodation and food service activities,산업별,By industry,2311.2,T30,취업자,Employed persons,2026-01-27,101,201701,M,DT_1DA9003S,산업별 계절조정 취업자,천명,Thousand Person
55,I 숙박 및 음식점업,I Accommodation and food service activities,산업별,By industry,2291.4,T30,취업자,Employed persons,2026-01-27,101,201702,M,DT_1DA9003S,산업별 계절조정 취업자,천명,Thousand Person
55,I 숙박 및 음식점업,I Accommodation and food service activities,산업별,By industry,2281.8,T30,취업자,Employed persons,2026-01-27,101,201703,M,DT_1DA9003S,산업별 계절조정 취업자,천명,Thousand Person
55,I 숙박 및 음식점업,I Accommodation and food service activities,산업별,By industry,2286.1,T30,취업자,Employed persons,2026-01-27,101,201704,M,DT_1DA9003S,산업별 계절조정 취업자,천명,Thousand Person
55,I 숙박 및 음식점업,I Accommodation and food service activities,산업별,By industry,2300,T30,취업자,Employed persons,2026-01-27,101,201705,M,DT_1DA9003S,산업별 계절조정 취업자,천명,Thousand Person
55,I 숙박 및 음식점업,I Accommodation and food service activities,산업별,By industry,2256.5,T30,취업자,Employed persons,2026-01-27,101,201706,M,DT_1DA9003S,산업별 계절조정 취업자,천명,Thousand Person
55,I 숙박 및 음식점업,I Accommodation and food service activities,산업별,By industry,2283.7,T30,취업자,Employed persons,2026-01-27,101,201707,M,DT_1DA9003S,산업별 계절조정 취업자,천명,Thousand Person
55,I 숙박 및 음식점업,I Accommodation and food service activities,산업별,By industry,2290.5,T30,취업자,Employed persons,2026-01-27,101,201708,M,DT_1DA9003S,산업별 계절조정 취업자,천명,Thousand Person
55,I 숙박 및 음식점업,I Accommodation and food service activities,산업별,By industry,2305,T30,취업자,Employed persons,2026-01-27,101,201709,M,DT_1DA9003S,산업별 계절조정 취업자,천명,Thousand Person
55,I 숙박 및 음식점업,I Accommodation and food service activities,산업별,By industry,2295.6,T30,취업자,Employed persons,2026-01-27,101,201710,M,DT_1DA9003S,산업별 계절조정 취업자,천명,Thousand Person
55,I 숙박 및 음식점업,I Accommodation and food service activities,산업별,By industry,2288.7,T30,취업자,Employed persons,2026-01-27,101,201711,M,DT_1DA9003S,산업별 계절조정 취업자,천명,Thousand Person
55,I 숙박 및 음식점업,I Accommodation and food service activities,산업별,By industry,2266.4,T30,취업자,Employed persons,2026-01-27,101,201712,M,DT_1DA9003S,산업별 계절조정 취업자,천명,Thousand Person
55,I 숙박 및 음식점업,I Accommodation and food service activities,산업별,By industry,2280.8,T30,취업자,Employed persons,2026-01-27,101,201801,M,DT_1DA9003S,산업별 계절조정 취업자,천명,Thousand Person
55,I 숙박 및 음식점업,I Accommodation and food service activities,산업별,By industry,2270,T30,취업자,Employed persons,2026-01-27,101,201802,M,DT_1DA9003S,산업별 계절조정 취업자,천명,Thousand Person
55,I 숙박 및 음식점업,I Accommodation and food service activities,산업별,By industry,2260.4,T30,취업자,Employed persons,2026-01-27,101,201803,M,DT_1DA9003S,산업별 계절조정 취업자,천명,Thousand Person
55,I 숙박 및 음식점업,I Accommodation and food service activities,산업별,By industry,2257.4,T30,취업자,Employed persons,2026-01-27,101,201804,M,DT_1DA9003S,산업별 계절조정 취업자,천명,Thousand Person
55,I 숙박 및 음식점업,I Accommodation and food service activities,산업별,By industry,2254.9,T30,취업자,Employed persons,2026-01-27,101,201805,M,DT_1DA9003S,산업별 계절조정 취업자,천명,Thousand Person
55,I 숙박 및 음식점업,I Accommodation and food service activities,산업별,By industry,2253.6,T30,취업자,Employed persons,2026-01-27,101,201806,M,DT_1DA9003S,산업별 계절조정 취업자,천명,Thousand Person
55,I 숙박 및 음식점업,I Accommodation and food service activities,산업별,By industry,2243.2,T30,취업자,Employed persons,2026-01-27,101,201807,M,DT_1DA9003S,산업별 계절조정 취업자,천명,Thousand Person
55,I 숙박 및 음식점업,I Accommodation and food service activities,산업별,By industry,2215,T30,취업자,Employed persons,2026-01-27,101,201808,M,DT_1DA9003S,산업별 계절조정 취업자,천명,Thousand Person
55,I 숙박 및 음식점업,I Accommodation and food service activities,산업별,By industry,2220.3,T30,취업자,Employed persons,2026-01-27,101,201809,M,DT_1DA9003S,산업별 계절조정 취업자,천명,Thousand Person
55,I 숙박 및 음식점업,I Accommodation and food service activities,산업별,By industry,2197.9,T30,취업자,Employed persons,2026-01-27,101,201810,M,DT_1DA9003S,산업별 계절조정 취업자,천명,Thousand Person
55,I 숙박 및 음식점업,I Accommodation and food service activities,산업별,By industry,2230.2,T30,취업자,Employed persons,2026-01-27,101,201811,M,DT_1DA9003S,산업별 계절조정 취업자,천명,Thousand Person
55,I 숙박 및 음식점업,I Accommodation and food service activities,산업별,By industry,2227.2,T30,취업자,Employed persons,2026-01-27,101,201812,M,DT_1DA9003S,산업별 계절조정 취업자,천명,Thousand Person
55,I 숙박 및 음식점업,I Accommodation and food service activities,산업별,By industry,2240.8,T30,취업자,Employed persons,2026-01-27,101,201901,M,DT_1DA9003S,산업별 계절조정 취업자,천명,Thousand Person
55,I 숙박 및 음식점업,I Accommodation and food service activities,산업별,By industry,2272.6,T30,취업자,Employed persons,2026-01-27,101,201902,M,DT_1DA9003S,산업별 계절조정 취업자,천명,Thousand Person
55,I 숙박 및 음식점업,I Accommodation and food service activities,산업별,By industry,2283.4,T30,취업자,Employed persons,2026-01-27,101,201903,M,DT_1DA9003S,산업별 계절조정 취업자,천명,Thousand Person
55,I 숙박 및 음식점업,I Accommodation and food service activities,산업별,By industry,2298.3,T30,취업자,Employed persons,2026-01-27,101,201904,M,DT_1DA9003S,산업별 계절조정 취업자,천명,Thousand Person
55,I 숙박 및 음식점업,I Accommodation and food service activities,산업별,By industry,2311.8,T30,취업자,Employed persons,2026-01-27,101,201905,M,DT_1DA9003S,산업별 계절조정 취업자,천명,Thousand Person
55,I 숙박 및 음식점업,I Accommodation and food service activities,산업별,By industry,2316.8,T30,취업자,Employed persons,2026-01-27,101,201906,M,DT_1DA9003S,산업별 계절조정 취업자,천명,Thousand Person
55,I 숙박 및 음식점업,I Accommodation and food service activities,산업별,By industry,2344,T30,취업자,Employed persons,2026-01-27,101,201907,M,DT_1DA9003S,산업별 계절조정 취업자,천명,Thousand Person
55,I 숙박 및 음식점업,I Accommodation and food service activities,산업별,By industry,2322,T30,취업자,Employed persons,2026-01-27,101,201908,M,DT_1DA9003S,산업별 계절조정 취업자,천명,Thousand Person
55,I 숙박 및 음식점업,I Accommodation and food service activities,산업별,By industry,2301.9,T30,취업자,Employed persons,2026-01-27,101,201909,M,DT_1DA9003S,산업별 계절조정 취업자,천명,Thousand Person
55,I 숙박 및 음식점업,I Accommodation and food service activities,산업별,By industry,2309.6,T30,취업자,Employed persons,2026-01-27,101,201910,M,DT_1DA9003S,산업별 계절조정 취업자,천명,Thousand Person
55,I 숙박 및 음식점업,I Accommodation and food service activities,산업별,By industry,2313.1,T30,취업자,Employed persons,2026-01-27,101,201911,M,DT_1DA9003S,산업별 계절조정 취업자,천명,Thousand Person
55,I 숙박 및 음식점업,I Accommodation and food service activities,산업별,By industry,2326.6,T30,취업자,Employed persons,2026-01-27,101,201912,M,DT_1DA9003S,산업별 계절조정 취업자,천명,Thousand Person
55,I 숙박 및 음식점업,I Accommodation and food service activities,산업별,By industry,2327.3,T30,취업자,Employed persons,2026-01-27,101,202001,M,DT_1DA9003S,산업별 계절조정 취업자,천명,Thousand Person
55,I 숙박 및 음식점업,I Accommodation and food service activities,산업별,By industry,2287.6,T30,취업자,Employed persons,2026-01-27,101,202002,M,DT_1DA9003S,산업별 계절조정 취업자,천명,Thousand Person
55,I 숙박 및 음식점업,I Accommodation and food service activities,산업별,By industry,2170.5,T30,취업자,Employed persons,2026-01-27,101,202003,M,DT_1DA9003S,산업별 계절조정 취업자,천명,Thousand Person
55,I 숙박 및 음식점업,I Accommodation and food service activities,산업별,By industry,2084.9,T30,취업자,Employed persons,2026-01-27,101,202004,M,DT_1DA9003S,산업별 계절조정 취업자,천명,Thousand Person
55,I 숙박 및 음식점업,I Accommodation and food service activities,산업별,By industry,2127.5,T30,취업자,Employed persons,2026-01-27,101,202005,M,DT_1DA9003S,산업별 계절조정 취업자,천명,Thousand Person
55,I 숙박 및 음식점업,I Accommodation and food service activities,산업별,By industry,2131.6,T30,취업자,Employed persons,2026-01-27,101,202006,M,DT_1DA9003S,산업별 계절조정 취업자,천명,Thousand Person
55,I 숙박 및 음식점업,I Accommodation and food service activities,산업별,By industry,2123.4,T30,취업자,Employed persons,2026-01-27,101,202007,M,DT_1DA9003S,산업별 계절조정 취업자,천명,Thousand Person
55,I 숙박 및 음식점업,I Accommodation and food service activities,산업별,By industry,2156.7,T30,취업자,Employed persons,2026-01-27,101,202008,M,DT_1DA9003S,산업별 계절조정 취업자,천명,Thousand Person
55,I 숙박 및 음식점업,I Accommodation and food service activities,산업별,By industry,2076.8,T30,취업자,Employed persons,2026-01-27,101,202009,M,DT_1DA9003S,산업별 계절조정 취업자,천명,Thousand Person
55,I 숙박 및 음식점업,I Accommodation and food service activities,산업별,By industry,2080.7,T30,취업자,Employed persons,2026-01-27,101,202010,M,DT_1DA9003S,산업별 계절조정 취업자,천명,Thousand Person
55,I 숙박 및 음식점업,I Accommodation and food service activities,산업별,By industry,2151.4,T30,취업자,Employed persons,2026-01-27,101,202011,M,DT_1DA9003S,산업별 계절조정 취업자,천명,Thousand Person
55,I 숙박 및 음식점업,I Accommodation and food service activities,산업별,By industry,2014.8,T30,취업자,Employed persons,2026-01-27,101,202012,M,DT_1DA9003S,산업별 계절조정 취업자,천명,Thousand Person
55,I 숙박 및 음식점업,I Accommodation and food service activities,산업별,By industry,1961.4,T30,취업자,Employed persons,2026-01-27,101,202101,M,DT_1DA9003S,산업별 계절조정 취업자,천명,Thousand Person
55,I 숙박 및 음식점업,I Accommodation and food service activities,산업별,By industry,2055.3,T30,취업자,Employed persons,2026-01-27,101,202102,M,DT_1DA9003S,산업별 계절조정 취업자,천명,Thousand Person
55,I 숙박 및 음식점업,I Accommodation and food service activities,산업별,By industry,2140.3,T30,취업자,Employed persons,2026-01-27,101,202103,M,DT_1DA9003S,산업별 계절조정 취업자,천명,Thousand Person
55,I 숙박 및 음식점업,I Accommodation and food service activities,산업별,By industry,2146.1,T30,취업자,Employed persons,2026-01-27,101,202104,M,DT_1DA9003S,산업별 계절조정 취업자,천명,Thousand Person
55,I 숙박 및 음식점업,I Accommodation and food service activities,산업별,By industry,2129.4,T30,취업자,Employed persons,2026-01-27,101,202105,M,DT_1DA9003S,산업별 계절조정 취업자,천명,Thousand Person
55,I 숙박 및 음식점업,I Accommodation and food service activities,산업별,By industry,2142.9,T30,취업자,Employed persons,2026-01-27,101,202106,M,DT_1DA9003S,산업별 계절조정 취업자,천명,Thousand Person
55,I 숙박 및 음식점업,I Accommodation and food service activities,산업별,By industry,2113.4,T30,취업자,Employed persons,2026-01-27,101,202107,M,DT_1DA9003S,산업별 계절조정 취업자,천명,Thousand Person
55,I 숙박 및 음식점업,I Accommodation and food service activities,산업별,By industry,2121,T30,취업자,Employed persons,2026-01-27,101,202108,M,DT_1DA9003S,산업별 계절조정 취업자,천명,Thousand Person
55,I 숙박 및 음식점업,I Accommodation and food service activities,산업별,By industry,2116.4,T30,취업자,Employed persons,2026-01-27,101,202109,M,DT_1DA9003S,산업별 계절조정 취업자,천명,Thousand Person
55,I 숙박 및 음식점업,I Accommodation and food service activities,산업별,By industry,2100.3,T30,취업자,Employed persons,2026-01-27,101,202110,M,DT_1DA9003S,산업별 계절조정 취업자,천명,Thousand Person
55,I 숙박 및 음식점업,I Accommodation and food service activities,산업별,By industry,2065.1,T30,취업자,Employed persons,2026-01-27,101,202111,M,DT_1DA9003S,산업별 계절조정 취업자,천명,Thousand Person
55,I 숙박 및 음식점업,I Accommodation and food service activities,산업별,By industry,2080.5,T30,취업자,Employed persons,2026-01-27,101,202112,M,DT_1DA9003S,산업별 계절조정 취업자,천명,Thousand Person
55,I 숙박 및 음식점업,I Accommodation and food service activities,산업별,By industry,2090.1,T30,취업자,Employed persons,2026-01-27,101,202201,M,DT_1DA9003S,산업별 계절조정 취업자,천명,Thousand Person
55,I 숙박 및 음식점업,I Accommodation and food service activities,산업별,By industry,2110.8,T30,취업자,Employed persons,2026-01-27,101,202202,M,DT_1DA9003S,산업별 계절조정 취업자,천명,Thousand Person
55,I 숙박 및 음식점업,I Accommodation and food service activities,산업별,By industry,2117.9,T30,취업자,Employed persons,2026-01-27,101,202203,M,DT_1DA9003S,산업별 계절조정 취업자,천명,Thousand Person
55,I 숙박 및 음식점업,I Accommodation and food service activities,산업별,By industry,2118.7,T30,취업자,Employed persons,2026-01-27,101,202204,M,DT_1DA9003S,산업별 계절조정 취업자,천명,Thousand Person
55,I 숙박 및 음식점업,I Accommodation and food service activities,산업별,By industry,2161.8,T30,취업자,Employed persons,2026-01-27,101,202205,M,DT_1DA9003S,산업별 계절조정 취업자,천명,Thousand Person
55,I 숙박 및 음식점업,I Accommodation and food service activities,산업별,By industry,2170.2,T30,취업자,Employed persons,2026-01-27,101,202206,M,DT_1DA9003S,산업별 계절조정 취업자,천명,Thousand Person
55,I 숙박 및 음식점업,I Accommodation and food service activities,산업별,By industry,2169.3,T30,취업자,Employed persons,2026-01-27,101,202207,M,DT_1DA9003S,산업별 계절조정 취업자,천명,Thousand Person
55,I 숙박 및 음식점업,I Accommodation and food service activities,산업별,By industry,2189.7,T30,취업자,Employed persons,2026-01-27,101,202208,M,DT_1DA9003S,산업별 계절조정 취업자,천명,Thousand Person
55,I 숙박 및 음식점업,I Accommodation and food service activities,산업별,By industry,2210.9,T30,취업자,Employed persons,2026-01-27,101,202209,M,DT_1DA9003S,산업별 계절조정 취업자,천명,Thousand Person
55,I 숙박 및 음식점업,I Accommodation and food service activities,산업별,By industry,2251.4,T30,취업자,Employed persons,2026-01-27,101,202210,M,DT_1DA9003S,산업별 계절조정 취업자,천명,Thousand Person
55,I 숙박 및 음식점업,I Accommodation and food service activities,산업별,By industry,2296.9,T30,취업자,Employed persons,2026-01-27,101,202211,M,DT_1DA9003S,산업별 계절조정 취업자,천명,Thousand Person
55,I 숙박 및 음식점업,I Accommodation and food service activities,산업별,By industry,2294.6,T30,취업자,Employed persons,2026-01-27,101,202212,M,DT_1DA9003S,산업별 계절조정 취업자,천명,Thousand Person
55,I 숙박 및 음식점업,I Accommodation and food service activities,산업별,By industry,2304.1,T30,취업자,Employed persons,2026-01-27,101,202301,M,DT_1DA9003S,산업별 계절조정 취업자,천명,Thousand Person
55,I 숙박 및 음식점업,I Accommodation and food service activities,산업별,By industry,2289,T30,취업자,Employed persons,2026-01-27,101,202302,M,DT_1DA9003S,산업별 계절조정 취업자,천명,Thousand Person
55,I 숙박 및 음식점업,I Accommodation and food service activities,산업별,By industry,2295.7,T30,취업자,Employed persons,2026-01-27,101,202303,M,DT_1DA9003S,산업별 계절조정 취업자,천명,Thousand Person
55,I 숙박 및 음식점업,I Accommodation and food service activities,산업별,By industry,2290.5,T30,취업자,Employed persons,2026-01-27,101,202304,M,DT_1DA9003S,산업별 계절조정 취업자,천명,Thousand Person
55,I 숙박 및 음식점업,I Accommodation and food service activities,산업별,By industry,2288.3,T30,취업자,Employed persons,2026-01-27,101,202305,M,DT_1DA9003S,산업별 계절조정 취업자,천명,Thousand Person
55,I 숙박 및 음식점업,I Accommodation and food service activities,산업별,By industry,2285.5,T30,취업자,Employed persons,2026-01-27,101,202306,M,DT_1DA9003S,산업별 계절조정 취업자,천명,Thousand Person
55,I 숙박 및 음식점업,I Accommodation and food service activities,산업별,By industry,2295.3,T30,취업자,Employed persons,2026-01-27,101,202307,M,DT_1DA9003S,산업별 계절조정 취업자,천명,Thousand Person
55,I 숙박 및 음식점업,I Accommodation and food service activities,산업별,By industry,2312.2,T30,취업자,Employed persons,2026-01-27,101,202308,M,DT_1DA9003S,산업별 계절조정 취업자,천명,Thousand Person
55,I 숙박 및 음식점업,I Accommodation and food service activities,산업별,By industry,2277.6,T30,취업자,Employed persons,2026-01-27,101,202309,M,DT_1DA9003S,산업별 계절조정 취업자,천명,Thousand Person
55,I 숙박 및 음식점업,I Accommodation and food service activities,산업별,By industry,2302,T30,취업자,Employed persons,2026-01-27,101,202310,M,DT_1DA9003S,산업별 계절조정 취업자,천명,Thousand Person
55,I 숙박 및 음식점업,I Accommodation and food service activities,산업별,By industry,2303.2,T30,취업자,Employed persons,2026-01-27,101,202311,M,DT_1DA9003S,산업별 계절조정 취업자,천명,Thousand Person
55,I 숙박 및 음식점업,I Accommodation and food service activities,산업별,By industry,2311.6,T30,취업자,Employed persons,2026-01-27,101,202312,M,DT_1DA9003S,산업별 계절조정 취업자,천명,Thousand Person
55,I 숙박 및 음식점업,I Accommodation and food service activities,산업별,By industry,2296.9,T30,취업자,Employed persons,2026-01-27,101,202401,M,DT_1DA9003S,산업별 계절조정 취업자,천명,Thousand Person
55,I 숙박 및 음식점업,I Accommodation and food service activities,산업별,By industry,2287.4,T30,취업자,Employed persons,2026-01-27,101,202402,M,DT_1DA9003S,산업별 계절조정 취업자,천명,Thousand Person
55,I 숙박 및 음식점업,I Accommodation and food service activities,산업별,By industry,2301.2,T30,취업자,Employed persons,2026-01-27,101,202403,M,DT_1DA9003S,산업별 계절조정 취업자,천명,Thousand Person
55,I 숙박 및 음식점업,I Accommodation and food service activities,산업별,By industry,2319.6,T30,취업자,Employed persons,2026-01-27,101,202404,M,DT_1DA9003S,산업별 계절조정 취업자,천명,Thousand Person
55,I 숙박 및 음식점업,I Accommodation and food service activities,산업별,By industry,2367,T30,취업자,Employed persons,2026-01-27,101,202405,M,DT_1DA9003S,산업별 계절조정 취업자,천명,Thousand Person
55,I 숙박 및 음식점업,I Accommodation and food service activities,산업별,By industry,2332.5,T30,취업자,Employed persons,2026-01-27,101,202406,M,DT_1DA9003S,산업별 계절조정 취업자,천명,Thousand Person
55,I 숙박 및 음식점업,I Accommodation and food service activities,산업별,By industry,2331.1,T30,취업자,Employed persons,2026-01-27,101,202407,M,DT_1DA9003S,산업별 계절조정 취업자,천명,Thousand Person
55,I 숙박 및 음식점업,I Accommodation and food service activities,산업별,By industry,2319.9,T30,취업자,Employed persons,2026-01-27,101,202408,M,DT_1DA9003S,산업별 계절조정 취업자,천명,Thousand Person
55,I 숙박 및 음식점업,I Accommodation and food service activities,산업별,By industry,2323,T30,취업자,Employed persons,2026-01-27,101,202409,M,DT_1DA9003S,산업별 계절조정 취업자,천명,Thousand Person
55,I 숙박 및 음식점업,I Accommodation and food service activities,산업별,By industry,2328.5,T30,취업자,Employed persons,2026-01-27,101,202410,M,DT_1DA9003S,산업별 계절조정 취업자,천명,Thousand Person
55,I 숙박 및 음식점업,I Accommodation and food service activities,산업별,By industry,2326.9,T30,취업자,Employed persons,2026-01-27,101,202411,M,DT_1DA9003S,산업별 계절조정 취업자,천명,Thousand Person
55,I 숙박 및 음식점업,I Accommodation and food service activities,산업별,By industry,2323.8,T30,취업자,Employed persons,2026-01-27,101,202412,M,DT_1DA9003S,산업별 계절조정 취업자,천명,Thousand Person
55,I 숙박 및 음식점업,I Accommodation and food service activities,산업별,By industry,2324,T30,취업자,Employed persons,2026-01-27,101,202501,M,DT_1DA9003S,산업별 계절조정 취업자,천명,Thousand Person
55,I 숙박 및 음식점업,I Accommodation and food service activities,산업별,By industry,2343.7,T30,취업자,Employed persons,2026-01-27,101,202502,M,DT_1DA9003S,산업별 계절조정 취업자,천명,Thousand Person
55,I 숙박 및 음식점업,I Accommodation and food service activities,산업별,By industry,2356.4,T30,취업자,Employed persons,2026-01-27,101,202503,M,DT_1DA9003S,산업별 계절조정 취업자,천명,Thousand Person
55,I 숙박 및 음식점업,I Accommodation and food service activities,산업별,By industry,2320.8,T30,취업자,Employed persons,2026-01-27,101,202504,M,DT_1DA9003S,산업별 계절조정 취업자,천명,Thousand Person
55,I 숙박 및 음식점업,I Accommodation and food service activities,산업별,By industry,2300.4,T30,취업자,Employed persons,2026-01-27,101,202505,M,DT_1DA9003S,산업별 계절조정 취업자,천명,Thousand Person
55,I 숙박 및 음식점업,I Accommodation and food service activities,산업별,By industry,2295.4,T30,취업자,Employed persons,2026-01-27,101,202506,M,DT_1DA9003S,산업별 계절조정 취업자,천명,Thousand Person
55,I 숙박 및 음식점업,I Accommodation and food service activities,산업별,By industry,2263.2,T30,취업자,Employed persons,2026-01-27,101,202507,M,DT_1DA9003S,산업별 계절조정 취업자,천명,Thousand Person
55,I 숙박 및 음식점업,I Accommodation and food service activities,산업별,By industry,2320.4,T30,취업자,Employed persons,2026-01-27,101,202508,M,DT_1DA9003S,산업별 계절조정 취업자,천명,Thousand Person
55,I 숙박 및 음식점업,I Accommodation and food service activities,산업별,By industry,2348.2,T30,취업자,Employed persons,2026-01-27,101,202509,M,DT_1DA9003S,산업별 계절조정 취업자,천명,Thousand Person
55,I 숙박 및 음식점업,I Accommodation and food service activities,산업별,By industry,2349.1,T30,취업자,Employed persons,2026-01-27,101,202510,M,DT_1DA9003S,산업별 계절조정 취업자,천명,Thousand Person
55,I 숙박 및 음식점업,I Accommodation and food service activities,산업별,By industry,2304.3,T30,취업자,Employed persons,2026-01-27,101,202511,M,DT_1DA9003S,산업별 계절조정 취업자,천명,Thousand Person
55,I 숙박 및 음식점업,I Accommodation and food service activities,산업별,By industry,2302.2,T30,취업자,Employed persons,2026-01-27,101,202512,M,DT_1DA9003S,산업별 계절조정 취업자,천명,Thousand Person
58,J 정보통신업,J Information and communication,산업별,By industry,686.1,T30,취업자,Employed persons,2026-01-27,101,201301,M,DT_1DA9003S,산업별 계절조정 취업자,천명,Thousand Person
58,J 정보통신업,J Information and communication,산업별,By industry,685,T30,취업자,Employed persons,2026-01-27,101,201302,M,DT_1DA9003S,산업별 계절조정 취업자,천명,Thousand Person
58,J 정보통신업,J Information and communication,산업별,By industry,695.5,T30,취업자,Employed persons,2026-01-27,101,201303,M,DT_1DA9003S,산업별 계절조정 취업자,천명,Thousand Person
58,J 정보통신업,J Information and communication,산업별,By industry,703.5,T30,취업자,Employed persons,2026-01-27,101,201304,M,DT_1DA9003S,산업별 계절조정 취업자,천명,Thousand Person
58,J 정보통신업,J Information and communication,산업별,By industry,697.5,T30,취업자,Employed persons,2026-01-27,101,201305,M,DT_1DA9003S,산업별 계절조정 취업자,천명,Thousand Person
58,J 정보통신업,J Information and communication,산업별,By industry,703.7,T30,취업자,Employed persons,2026-01-27,101,201306,M,DT_1DA9003S,산업별 계절조정 취업자,천명,Thousand Person
58,J 정보통신업,J Information and communication,산업별,By industry,714.2,T30,취업자,Employed persons,2026-01-27,101,201307,M,DT_1DA9003S,산업별 계절조정 취업자,천명,Thousand Person
58,J 정보통신업,J Information and communication,산업별,By industry,699.4,T30,취업자,Employed persons,2026-01-27,101,201308,M,DT_1DA9003S,산업별 계절조정 취업자,천명,Thousand Person
58,J 정보통신업,J Information and communication,산업별,By industry,697.2,T30,취업자,Employed persons,2026-01-27,101,201309,M,DT_1DA9003S,산업별 계절조정 취업자,천명,Thousand Person
58,J 정보통신업,J Information and communication,산업별,By industry,682.5,T30,취업자,Employed persons,2026-01-27,101,201310,M,DT_1DA9003S,산업별 계절조정 취업자,천명,Thousand Person
58,J 정보통신업,J Information and communication,산업별,By industry,695.3,T30,취업자,Employed persons,2026-01-27,101,201311,M,DT_1DA9003S,산업별 계절조정 취업자,천명,Thousand Person
58,J 정보통신업,J Information and communication,산업별,By industry,700.6,T30,취업자,Employed persons,2026-01-27,101,201312,M,DT_1DA9003S,산업별 계절조정 취업자,천명,Thousand Person
58,J 정보통신업,J Information and communication,산업별,By industry,697.8,T30,취업자,Employed persons,2026-01-27,101,201401,M,DT_1DA9003S,산업별 계절조정 취업자,천명,Thousand Person
58,J 정보통신업,J Information and communication,산업별,By industry,716.7,T30,취업자,Employed persons,2026-01-27,101,201402,M,DT_1DA9003S,산업별 계절조정 취업자,천명,Thousand Person
58,J 정보통신업,J Information and communication,산업별,By industry,710.2,T30,취업자,Employed persons,2026-01-27,101,201403,M,DT_1DA9003S,산업별 계절조정 취업자,천명,Thousand Person
58,J 정보통신업,J Information and communication,산업별,By industry,737.8,T30,취업자,Employed persons,2026-01-27,101,201404,M,DT_1DA9003S,산업별 계절조정 취업자,천명,Thousand Person
58,J 정보통신업,J Information and communication,산업별,By industry,734.3,T30,취업자,Employed persons,2026-01-27,101,201405,M,DT_1DA9003S,산업별 계절조정 취업자,천명,Thousand Person
58,J 정보통신업,J Information and communication,산업별,By industry,739.1,T30,취업자,Employed persons,2026-01-27,101,201406,M,DT_1DA9003S,산업별 계절조정 취업자,천명,Thousand Person
58,J 정보통신업,J Information and communication,산업별,By industry,722.4,T30,취업자,Employed persons,2026-01-27,101,201407,M,DT_1DA9003S,산업별 계절조정 취업자,천명,Thousand Person
58,J 정보통신업,J Information and communication,산업별,By industry,703.9,T30,취업자,Employed persons,2026-01-27,101,201408,M,DT_1DA9003S,산업별 계절조정 취업자,천명,Thousand Person
58,J 정보통신업,J Information and communication,산업별,By industry,704.6,T30,취업자,Employed persons,2026-01-27,101,201409,M,DT_1DA9003S,산업별 계절조정 취업자,천명,Thousand Person
58,J 정보통신업,J Information and communication,산업별,By industry,706.5,T30,취업자,Employed persons,2026-01-27,101,201410,M,DT_1DA9003S,산업별 계절조정 취업자,천명,Thousand Person
58,J 정보통신업,J Information and communication,산업별,By industry,722.9,T30,취업자,Employed persons,2026-01-27,101,201411,M,DT_1DA9003S,산업별 계절조정 취업자,천명,Thousand Person
58,J 정보통신업,J Information and communication,산업별,By industry,722.7,T30,취업자,Employed persons,2026-01-27,101,201412,M,DT_1DA9003S,산업별 계절조정 취업자,천명,Thousand Person
58,J 정보통신업,J Information and communication,산업별,By industry,740.5,T30,취업자,Employed persons,2026-01-27,101,201501,M,DT_1DA9003S,산업별 계절조정 취업자,천명,Thousand Person
58,J 정보통신업,J Information and communication,산업별,By industry,753.8,T30,취업자,Employed persons,2026-01-27,101,201502,M,DT_1DA9003S,산업별 계절조정 취업자,천명,Thousand Person
58,J 정보통신업,J Information and communication,산업별,By industry,763.8,T30,취업자,Employed persons,2026-01-27,101,201503,M,DT_1DA9003S,산업별 계절조정 취업자,천명,Thousand Person
58,J 정보통신업,J Information and communication,산업별,By industry,773,T30,취업자,Employed persons,2026-01-27,101,201504,M,DT_1DA9003S,산업별 계절조정 취업자,천명,Thousand Person
58,J 정보통신업,J Information and communication,산업별,By industry,772.9,T30,취업자,Employed persons,2026-01-27,101,201505,M,DT_1DA9003S,산업별 계절조정 취업자,천명,Thousand Person
58,J 정보통신업,J Information and communication,산업별,By industry,782.3,T30,취업자,Employed persons,2026-01-27,101,201506,M,DT_1DA9003S,산업별 계절조정 취업자,천명,Thousand Person
58,J 정보통신업,J Information and communication,산업별,By industry,786.4,T30,취업자,Employed persons,2026-01-27,101,201507,M,DT_1DA9003S,산업별 계절조정 취업자,천명,Thousand Person
58,J 정보통신업,J Information and communication,산업별,By industry,782.2,T30,취업자,Employed persons,2026-01-27,101,201508,M,DT_1DA9003S,산업별 계절조정 취업자,천명,Thousand Person
58,J 정보통신업,J Information and communication,산업별,By industry,781.4,T30,취업자,Employed persons,2026-01-27,101,201509,M,DT_1DA9003S,산업별 계절조정 취업자,천명,Thousand Person
58,J 정보통신업,J Information and communication,산업별,By industry,781.4,T30,취업자,Employed persons,2026-01-27,101,201510,M,DT_1DA9003S,산업별 계절조정 취업자,천명,Thousand Person
58,J 정보통신업,J Information and communication,산업별,By industry,786.8,T30,취업자,Employed persons,2026-01-27,101,201511,M,DT_1DA9003S,산업별 계절조정 취업자,천명,Thousand Person
58,J 정보통신업,J Information and communication,산업별,By industry,777.9,T30,취업자,Employed persons,2026-01-27,101,201512,M,DT_1DA9003S,산업별 계절조정 취업자,천명,Thousand Person
58,J 정보통신업,J Information and communication,산업별,By industry,780.3,T30,취업자,Employed persons,2026-01-27,101,201601,M,DT_1DA9003S,산업별 계절조정 취업자,천명,Thousand Person
58,J 정보통신업,J Information and communication,산업별,By industry,754.6,T30,취업자,Employed persons,2026-01-27,101,201602,M,DT_1DA9003S,산업별 계절조정 취업자,천명,Thousand Person
58,J 정보통신업,J Information and communication,산업별,By industry,754.3,T30,취업자,Employed persons,2026-01-27,101,201603,M,DT_1DA9003S,산업별 계절조정 취업자,천명,Thousand Person
58,J 정보통신업,J Information and communication,산업별,By industry,754.5,T30,취업자,Employed persons,2026-01-27,101,201604,M,DT_1DA9003S,산업별 계절조정 취업자,천명,Thousand Person
58,J 정보통신업,J Information and communication,산업별,By industry,769.5,T30,취업자,Employed persons,2026-01-27,101,201605,M,DT_1DA9003S,산업별 계절조정 취업자,천명,Thousand Person
58,J 정보통신업,J Information and communication,산업별,By industry,787.2,T30,취업자,Employed persons,2026-01-27,101,201606,M,DT_1DA9003S,산업별 계절조정 취업자,천명,Thousand Person
58,J 정보통신업,J Information and communication,산업별,By industry,807.5,T30,취업자,Employed persons,2026-01-27,101,201607,M,DT_1DA9003S,산업별 계절조정 취업자,천명,Thousand Person
58,J 정보통신업,J Information and communication,산업별,By industry,800.2,T30,취업자,Employed persons,2026-01-27,101,201608,M,DT_1DA9003S,산업별 계절조정 취업자,천명,Thousand Person
58,J 정보통신업,J Information and communication,산업별,By industry,789.7,T30,취업자,Employed persons,2026-01-27,101,201609,M,DT_1DA9003S,산업별 계절조정 취업자,천명,Thousand Person
58,J 정보통신업,J Information and communication,산업별,By industry,790.3,T30,취업자,Employed persons,2026-01-27,101,201610,M,DT_1DA9003S,산업별 계절조정 취업자,천명,Thousand Person
58,J 정보통신업,J Information and communication,산업별,By industry,817.1,T30,취업자,Employed persons,2026-01-27,101,201611,M,DT_1DA9003S,산업별 계절조정 취업자,천명,Thousand Person
58,J 정보통신업,J Information and communication,산업별,By industry,796.5,T30,취업자,Employed persons,2026-01-27,101,201612,M,DT_1DA9003S,산업별 계절조정 취업자,천명,Thousand Person
58,J 정보통신업,J Information and communication,산업별,By industry,779.8,T30,취업자,Employed persons,2026-01-27,101,201701,M,DT_1DA9003S,산업별 계절조정 취업자,천명,Thousand Person
58,J 정보통신업,J Information and communication,산업별,By industry,770.9,T30,취업자,Employed persons,2026-01-27,101,201702,M,DT_1DA9003S,산업별 계절조정 취업자,천명,Thousand Person
58,J 정보통신업,J Information and communication,산업별,By industry,794.2,T30,취업자,Employed persons,2026-01-27,101,201703,M,DT_1DA9003S,산업별 계절조정 취업자,천명,Thousand Person
58,J 정보통신업,J Information and communication,산업별,By industry,784.8,T30,취업자,Employed persons,2026-01-27,101,201704,M,DT_1DA9003S,산업별 계절조정 취업자,천명,Thousand Person
58,J 정보통신업,J Information and communication,산업별,By industry,783.6,T30,취업자,Employed persons,2026-01-27,101,201705,M,DT_1DA9003S,산업별 계절조정 취업자,천명,Thousand Person
58,J 정보통신업,J Information and communication,산업별,By industry,786.7,T30,취업자,Employed persons,2026-01-27,101,201706,M,DT_1DA9003S,산업별 계절조정 취업자,천명,Thousand Person
58,J 정보통신업,J Information and communication,산업별,By industry,769.7,T30,취업자,Employed persons,2026-01-27,101,201707,M,DT_1DA9003S,산업별 계절조정 취업자,천명,Thousand Person
58,J 정보통신업,J Information and communication,산업별,By industry,793.8,T30,취업자,Employed persons,2026-01-27,101,201708,M,DT_1DA9003S,산업별 계절조정 취업자,천명,Thousand Person
58,J 정보통신업,J Information and communication,산업별,By industry,781.9,T30,취업자,Employed persons,2026-01-27,101,201709,M,DT_1DA9003S,산업별 계절조정 취업자,천명,Thousand Person
58,J 정보통신업,J Information and communication,산업별,By industry,781.9,T30,취업자,Employed persons,2026-01-27,101,201710,M,DT_1DA9003S,산업별 계절조정 취업자,천명,Thousand Person
58,J 정보통신업,J Information and communication,산업별,By industry,779.1,T30,취업자,Employed persons,2026-01-27,101,201711,M,DT_1DA9003S,산업별 계절조정 취업자,천명,Thousand Person
58,J 정보통신업,J Information and communication,산업별,By industry,786.1,T30,취업자,Employed persons,2026-01-27,101,201712,M,DT_1DA9003S,산업별 계절조정 취업자,천명,Thousand Person
58,J 정보통신업,J Information and communication,산업별,By industry,789,T30,취업자,Employed persons,2026-01-27,101,201801,M,DT_1DA9003S,산업별 계절조정 취업자,천명,Thousand Person
58,J 정보통신업,J Information and communication,산업별,By industry,801.9,T30,취업자,Employed persons,2026-01-27,101,201802,M,DT_1DA9003S,산업별 계절조정 취업자,천명,Thousand Person
58,J 정보통신업,J Information and communication,산업별,By industry,810.1,T30,취업자,Employed persons,2026-01-27,101,201803,M,DT_1DA9003S,산업별 계절조정 취업자,천명,Thousand Person
58,J 정보통신업,J Information and communication,산업별,By industry,814.8,T30,취업자,Employed persons,2026-01-27,101,201804,M,DT_1DA9003S,산업별 계절조정 취업자,천명,Thousand Person
58,J 정보통신업,J Information and communication,산업별,By industry,835.1,T30,취업자,Employed persons,2026-01-27,101,201805,M,DT_1DA9003S,산업별 계절조정 취업자,천명,Thousand Person
58,J 정보통신업,J Information and communication,산업별,By industry,829.4,T30,취업자,Employed persons,2026-01-27,101,201806,M,DT_1DA9003S,산업별 계절조정 취업자,천명,Thousand Person
58,J 정보통신업,J Information and communication,산업별,By industry,837.8,T30,취업자,Employed persons,2026-01-27,101,201807,M,DT_1DA9003S,산업별 계절조정 취업자,천명,Thousand Person
58,J 정보통신업,J Information and communication,산업별,By industry,866.2,T30,취업자,Employed persons,2026-01-27,101,201808,M,DT_1DA9003S,산업별 계절조정 취업자,천명,Thousand Person
58,J 정보통신업,J Information and communication,산업별,By industry,854.4,T30,취업자,Employed persons,2026-01-27,101,201809,M,DT_1DA9003S,산업별 계절조정 취업자,천명,Thousand Person
58,J 정보통신업,J Information and communication,산업별,By industry,863.1,T30,취업자,Employed persons,2026-01-27,101,201810,M,DT_1DA9003S,산업별 계절조정 취업자,천명,Thousand Person
58,J 정보통신업,J Information and communication,산업별,By industry,866.5,T30,취업자,Employed persons,2026-01-27,101,201811,M,DT_1DA9003S,산업별 계절조정 취업자,천명,Thousand Person
58,J 정보통신업,J Information and communication,산업별,By industry,880.1,T30,취업자,Employed persons,2026-01-27,101,201812,M,DT_1DA9003S,산업별 계절조정 취업자,천명,Thousand Person
58,J 정보통신업,J Information and communication,산업별,By industry,883.2,T30,취업자,Employed persons,2026-01-27,101,201901,M,DT_1DA9003S,산업별 계절조정 취업자,천명,Thousand Person
58,J 정보통신업,J Information and communication,산업별,By industry,873.9,T30,취업자,Employed persons,2026-01-27,101,201902,M,DT_1DA9003S,산업별 계절조정 취업자,천명,Thousand Person
58,J 정보통신업,J Information and communication,산업별,By industry,865.5,T30,취업자,Employed persons,2026-01-27,101,201903,M,DT_1DA9003S,산업별 계절조정 취업자,천명,Thousand Person
58,J 정보통신업,J Information and communication,산업별,By industry,858.8,T30,취업자,Employed persons,2026-01-27,101,201904,M,DT_1DA9003S,산업별 계절조정 취업자,천명,Thousand Person
58,J 정보통신업,J Information and communication,산업별,By industry,853.9,T30,취업자,Employed persons,2026-01-27,101,201905,M,DT_1DA9003S,산업별 계절조정 취업자,천명,Thousand Person
58,J 정보통신업,J Information and communication,산업별,By industry,869.4,T30,취업자,Employed persons,2026-01-27,101,201906,M,DT_1DA9003S,산업별 계절조정 취업자,천명,Thousand Person
58,J 정보통신업,J Information and communication,산업별,By industry,858.3,T30,취업자,Employed persons,2026-01-27,101,201907,M,DT_1DA9003S,산업별 계절조정 취업자,천명,Thousand Person
58,J 정보통신업,J Information and communication,산업별,By industry,847.4,T30,취업자,Employed persons,2026-01-27,101,201908,M,DT_1DA9003S,산업별 계절조정 취업자,천명,Thousand Person
58,J 정보통신업,J Information and communication,산업별,By industry,847.1,T30,취업자,Employed persons,2026-01-27,101,201909,M,DT_1DA9003S,산업별 계절조정 취업자,천명,Thousand Person
58,J 정보통신업,J Information and communication,산업별,By industry,859.4,T30,취업자,Employed persons,2026-01-27,101,201910,M,DT_1DA9003S,산업별 계절조정 취업자,천명,Thousand Person
58,J 정보통신업,J Information and communication,산업별,By industry,855.8,T30,취업자,Employed persons,2026-01-27,101,201911,M,DT_1DA9003S,산업별 계절조정 취업자,천명,Thousand Person
58,J 정보통신업,J Information and communication,산업별,By industry,853.2,T30,취업자,Employed persons,2026-01-27,101,201912,M,DT_1DA9003S,산업별 계절조정 취업자,천명,Thousand Person
58,J 정보통신업,J Information and communication,산업별,By industry,848.7,T30,취업자,Employed persons,2026-01-27,101,202001,M,DT_1DA9003S,산업별 계절조정 취업자,천명,Thousand Person
58,J 정보통신업,J Information and communication,산업별,By industry,848.9,T30,취업자,Employed persons,2026-01-27,101,202002,M,DT_1DA9003S,산업별 계절조정 취업자,천명,Thousand Person
58,J 정보통신업,J Information and communication,산업별,By industry,846.2,T30,취업자,Employed persons,2026-01-27,101,202003,M,DT_1DA9003S,산업별 계절조정 취업자,천명,Thousand Person
58,J 정보통신업,J Information and communication,산업별,By industry,851.9,T30,취업자,Employed persons,2026-01-27,101,202004,M,DT_1DA9003S,산업별 계절조정 취업자,천명,Thousand Person
58,J 정보통신업,J Information and communication,산업별,By industry,863.5,T30,취업자,Employed persons,2026-01-27,101,202005,M,DT_1DA9003S,산업별 계절조정 취업자,천명,Thousand Person
58,J 정보통신업,J Information and communication,산업별,By industry,859.3,T30,취업자,Employed persons,2026-01-27,101,202006,M,DT_1DA9003S,산업별 계절조정 취업자,천명,Thousand Person
58,J 정보통신업,J Information and communication,산업별,By industry,851.2,T30,취업자,Employed persons,2026-01-27,101,202007,M,DT_1DA9003S,산업별 계절조정 취업자,천명,Thousand Person
58,J 정보통신업,J Information and communication,산업별,By industry,842.5,T30,취업자,Employed persons,2026-01-27,101,202008,M,DT_1DA9003S,산업별 계절조정 취업자,천명,Thousand Person
58,J 정보통신업,J Information and communication,산업별,By industry,833.1,T30,취업자,Employed persons,2026-01-27,101,202009,M,DT_1DA9003S,산업별 계절조정 취업자,천명,Thousand Person
58,J 정보통신업,J Information and communication,산업별,By industry,826.1,T30,취업자,Employed persons,2026-01-27,101,202010,M,DT_1DA9003S,산업별 계절조정 취업자,천명,Thousand Person
58,J 정보통신업,J Information and communication,산업별,By industry,837.1,T30,취업자,Employed persons,2026-01-27,101,202011,M,DT_1DA9003S,산업별 계절조정 취업자,천명,Thousand Person
58,J 정보통신업,J Information and communication,산업별,By industry,851.1,T30,취업자,Employed persons,2026-01-27,101,202012,M,DT_1DA9003S,산업별 계절조정 취업자,천명,Thousand Person
58,J 정보통신업,J Information and communication,산업별,By industry,834.7,T30,취업자,Employed persons,2026-01-27,101,202101,M,DT_1DA9003S,산업별 계절조정 취업자,천명,Thousand Person
58,J 정보통신업,J Information and communication,산업별,By industry,844.4,T30,취업자,Employed persons,2026-01-27,101,202102,M,DT_1DA9003S,산업별 계절조정 취업자,천명,Thousand Person
58,J 정보통신업,J Information and communication,산업별,By industry,877.1,T30,취업자,Employed persons,2026-01-27,101,202103,M,DT_1DA9003S,산업별 계절조정 취업자,천명,Thousand Person
58,J 정보통신업,J Information and communication,산업별,By industry,892.8,T30,취업자,Employed persons,2026-01-27,101,202104,M,DT_1DA9003S,산업별 계절조정 취업자,천명,Thousand Person
58,J 정보통신업,J Information and communication,산업별,By industry,892.5,T30,취업자,Employed persons,2026-01-27,101,202105,M,DT_1DA9003S,산업별 계절조정 취업자,천명,Thousand Person
58,J 정보통신업,J Information and communication,산업별,By industry,915.8,T30,취업자,Employed persons,2026-01-27,101,202106,M,DT_1DA9003S,산업별 계절조정 취업자,천명,Thousand Person
58,J 정보통신업,J Information and communication,산업별,By industry,896.9,T30,취업자,Employed persons,2026-01-27,101,202107,M,DT_1DA9003S,산업별 계절조정 취업자,천명,Thousand Person
58,J 정보통신업,J Information and communication,산업별,By industry,917.1,T30,취업자,Employed persons,2026-01-27,101,202108,M,DT_1DA9003S,산업별 계절조정 취업자,천명,Thousand Person
58,J 정보통신업,J Information and communication,산업별,By industry,929.8,T30,취업자,Employed persons,2026-01-27,101,202109,M,DT_1DA9003S,산업별 계절조정 취업자,천명,Thousand Person
58,J 정보통신업,J Information and communication,산업별,By industry,928.9,T30,취업자,Employed persons,2026-01-27,101,202110,M,DT_1DA9003S,산업별 계절조정 취업자,천명,Thousand Person
58,J 정보통신업,J Information and communication,산업별,By industry,942.8,T30,취업자,Employed persons,2026-01-27,101,202111,M,DT_1DA9003S,산업별 계절조정 취업자,천명,Thousand Person
58,J 정보통신업,J Information and communication,산업별,By industry,932.7,T30,취업자,Employed persons,2026-01-27,101,202112,M,DT_1DA9003S,산업별 계절조정 취업자,천명,Thousand Person
58,J 정보통신업,J Information and communication,산업별,By industry,941.1,T30,취업자,Employed persons,2026-01-27,101,202201,M,DT_1DA9003S,산업별 계절조정 취업자,천명,Thousand Person
58,J 정보통신업,J Information and communication,산업별,By industry,972.3,T30,취업자,Employed persons,2026-01-27,101,202202,M,DT_1DA9003S,산업별 계절조정 취업자,천명,Thousand Person
58,J 정보통신업,J Information and communication,산업별,By industry,958.2,T30,취업자,Employed persons,2026-01-27,101,202203,M,DT_1DA9003S,산업별 계절조정 취업자,천명,Thousand Person
58,J 정보통신업,J Information and communication,산업별,By industry,981.3,T30,취업자,Employed persons,2026-01-27,101,202204,M,DT_1DA9003S,산업별 계절조정 취업자,천명,Thousand Person
58,J 정보통신업,J Information and communication,산업별,By industry,985.4,T30,취업자,Employed persons,2026-01-27,101,202205,M,DT_1DA9003S,산업별 계절조정 취업자,천명,Thousand Person
58,J 정보통신업,J Information and communication,산업별,By industry,991.5,T30,취업자,Employed persons,2026-01-27,101,202206,M,DT_1DA9003S,산업별 계절조정 취업자,천명,Thousand Person
58,J 정보통신업,J Information and communication,산업별,By industry,992.2,T30,취업자,Employed persons,2026-01-27,101,202207,M,DT_1DA9003S,산업별 계절조정 취업자,천명,Thousand Person
58,J 정보통신업,J Information and communication,산업별,By industry,989.5,T30,취업자,Employed persons,2026-01-27,101,202208,M,DT_1DA9003S,산업별 계절조정 취업자,천명,Thousand Person
58,J 정보통신업,J Information and communication,산업별,By industry,992,T30,취업자,Employed persons,2026-01-27,101,202209,M,DT_1DA9003S,산업별 계절조정 취업자,천명,Thousand Person
58,J 정보통신업,J Information and communication,산업별,By industry,988.4,T30,취업자,Employed persons,2026-01-27,101,202210,M,DT_1DA9003S,산업별 계절조정 취업자,천명,Thousand Person
58,J 정보통신업,J Information and communication,산업별,By industry,994.3,T30,취업자,Employed persons,2026-01-27,101,202211,M,DT_1DA9003S,산업별 계절조정 취업자,천명,Thousand Person
58,J 정보통신업,J Information and communication,산업별,By industry,982.3,T30,취업자,Employed persons,2026-01-27,101,202212,M,DT_1DA9003S,산업별 계절조정 취업자,천명,Thousand Person
58,J 정보통신업,J Information and communication,산업별,By industry,1013.4,T30,취업자,Employed persons,2026-01-27,101,202301,M,DT_1DA9003S,산업별 계절조정 취업자,천명,Thousand Person
58,J 정보통신업,J Information and communication,산업별,By industry,1015.7,T30,취업자,Employed persons,2026-01-27,101,202302,M,DT_1DA9003S,산업별 계절조정 취업자,천명,Thousand Person
58,J 정보통신업,J Information and communication,산업별,By industry,1023.3,T30,취업자,Employed persons,2026-01-27,101,202303,M,DT_1DA9003S,산업별 계절조정 취업자,천명,Thousand Person
58,J 정보통신업,J Information and communication,산업별,By industry,1011.3,T30,취업자,Employed persons,2026-01-27,101,202304,M,DT_1DA9003S,산업별 계절조정 취업자,천명,Thousand Person
58,J 정보통신업,J Information and communication,산업별,By industry,1046.5,T30,취업자,Employed persons,2026-01-27,101,202305,M,DT_1DA9003S,산업별 계절조정 취업자,천명,Thousand Person
58,J 정보통신업,J Information and communication,산업별,By industry,1044.7,T30,취업자,Employed persons,2026-01-27,101,202306,M,DT_1DA9003S,산업별 계절조정 취업자,천명,Thousand Person
58,J 정보통신업,J Information and communication,산업별,By industry,1040.5,T30,취업자,Employed persons,2026-01-27,101,202307,M,DT_1DA9003S,산업별 계절조정 취업자,천명,Thousand Person
58,J 정보통신업,J Information and communication,산업별,By industry,1034.2,T30,취업자,Employed persons,2026-01-27,101,202308,M,DT_1DA9003S,산업별 계절조정 취업자,천명,Thousand Person
58,J 정보통신업,J Information and communication,산업별,By industry,1038.7,T30,취업자,Employed persons,2026-01-27,101,202309,M,DT_1DA9003S,산업별 계절조정 취업자,천명,Thousand Person
58,J 정보통신업,J Information and communication,산업별,By industry,1063.5,T30,취업자,Employed persons,2026-01-27,101,202310,M,DT_1DA9003S,산업별 계절조정 취업자,천명,Thousand Person
58,J 정보통신업,J Information and communication,산업별,By industry,1048.1,T30,취업자,Employed persons,2026-01-27,101,202311,M,DT_1DA9003S,산업별 계절조정 취업자,천명,Thousand Person
58,J 정보통신업,J Information and communication,산업별,By industry,1068.9,T30,취업자,Employed persons,2026-01-27,101,202312,M,DT_1DA9003S,산업별 계절조정 취업자,천명,Thousand Person
58,J 정보통신업,J Information and communication,산업별,By industry,1062.1,T30,취업자,Employed persons,2026-01-27,101,202401,M,DT_1DA9003S,산업별 계절조정 취업자,천명,Thousand Person
58,J 정보통신업,J Information and communication,산업별,By industry,1096.1,T30,취업자,Employed persons,2026-01-27,101,202402,M,DT_1DA9003S,산업별 계절조정 취업자,천명,Thousand Person
58,J 정보통신업,J Information and communication,산업별,By industry,1090.1,T30,취업자,Employed persons,2026-01-27,101,202403,M,DT_1DA9003S,산업별 계절조정 취업자,천명,Thousand Person
58,J 정보통신업,J Information and communication,산업별,By industry,1079.1,T30,취업자,Employed persons,2026-01-27,101,202404,M,DT_1DA9003S,산업별 계절조정 취업자,천명,Thousand Person
58,J 정보통신업,J Information and communication,산업별,By industry,1093.9,T30,취업자,Employed persons,2026-01-27,101,202405,M,DT_1DA9003S,산업별 계절조정 취업자,천명,Thousand Person
58,J 정보통신업,J Information and communication,산업별,By industry,1120.1,T30,취업자,Employed persons,2026-01-27,101,202406,M,DT_1DA9003S,산업별 계절조정 취업자,천명,Thousand Person
58,J 정보통신업,J Information and communication,산업별,By industry,1122.1,T30,취업자,Employed persons,2026-01-27,101,202407,M,DT_1DA9003S,산업별 계절조정 취업자,천명,Thousand Person
58,J 정보통신업,J Information and communication,산업별,By industry,1134.9,T30,취업자,Employed persons,2026-01-27,101,202408,M,DT_1DA9003S,산업별 계절조정 취업자,천명,Thousand Person
58,J 정보통신업,J Information and communication,산업별,By industry,1143.5,T30,취업자,Employed persons,2026-01-27,101,202409,M,DT_1DA9003S,산업별 계절조정 취업자,천명,Thousand Person
58,J 정보통신업,J Information and communication,산업별,By industry,1131.6,T30,취업자,Employed persons,2026-01-27,101,202410,M,DT_1DA9003S,산업별 계절조정 취업자,천명,Thousand Person
58,J 정보통신업,J Information and communication,산업별,By industry,1118.7,T30,취업자,Employed persons,2026-01-27,101,202411,M,DT_1DA9003S,산업별 계절조정 취업자,천명,Thousand Person
58,J 정보통신업,J Information and communication,산업별,By industry,1121,T30,취업자,Employed persons,2026-01-27,101,202412,M,DT_1DA9003S,산업별 계절조정 취업자,천명,Thousand Person
58,J 정보통신업,J Information and communication,산업별,By industry,1143.3,T30,취업자,Employed persons,2026-01-27,101,202501,M,DT_1DA9003S,산업별 계절조정 취업자,천명,Thousand Person
58,J 정보통신업,J Information and communication,산업별,By industry,1160.6,T30,취업자,Employed persons,2026-01-27,101,202502,M,DT_1DA9003S,산업별 계절조정 취업자,천명,Thousand Person
58,J 정보통신업,J Information and communication,산업별,By industry,1151.2,T30,취업자,Employed persons,2026-01-27,101,202503,M,DT_1DA9003S,산업별 계절조정 취업자,천명,Thousand Person
58,J 정보통신업,J Information and communication,산업별,By industry,1150.7,T30,취업자,Employed persons,2026-01-27,101,202504,M,DT_1DA9003S,산업별 계절조정 취업자,천명,Thousand Person
58,J 정보통신업,J Information and communication,산업별,By industry,1143.2,T30,취업자,Employed persons,2026-01-27,101,202505,M,DT_1DA9003S,산업별 계절조정 취업자,천명,Thousand Person
58,J 정보통신업,J Information and communication,산업별,By industry,1138.7,T30,취업자,Employed persons,2026-01-27,101,202506,M,DT_1DA9003S,산업별 계절조정 취업자,천명,Thousand Person
58,J 정보통신업,J Information and communication,산업별,By industry,1137.6,T30,취업자,Employed persons,2026-01-27,101,202507,M,DT_1DA9003S,산업별 계절조정 취업자,천명,Thousand Person
58,J 정보통신업,J Information and communication,산업별,By industry,1118.7,T30,취업자,Employed persons,2026-01-27,101,202508,M,DT_1DA9003S,산업별 계절조정 취업자,천명,Thousand Person
58,J 정보통신업,J Information and communication,산업별,By industry,1131,T30,취업자,Employed persons,2026-01-27,101,202509,M,DT_1DA9003S,산업별 계절조정 취업자,천명,Thousand Person
58,J 정보통신업,J Information and communication,산업별,By industry,1128,T30,취업자,Employed persons,2026-01-27,101,202510,M,DT_1DA9003S,산업별 계절조정 취업자,천명,Thousand Person
58,J 정보통신업,J Information and communication,산업별,By industry,1141.1,T30,취업자,Employed persons,2026-01-27,101,202511,M,DT_1DA9003S,산업별 계절조정 취업자,천명,Thousand Person
58,J 정보통신업,J Information and communication,산업별,By industry,1128.1,T30,취업자,Employed persons,2026-01-27,101,202512,M,DT_1DA9003S,산업별 계절조정 취업자,천명,Thousand Person
64,K 금융 및 보험업,K Financial and insurance activities,산업별,By industry,824,T30,취업자,Employed persons,2026-01-27,101,201301,M,DT_1DA9003S,산업별 계절조정 취업자,천명,Thousand Person
64,K 금융 및 보험업,K Financial and insurance activities,산업별,By industry,844.4,T30,취업자,Employed persons,2026-01-27,101,201302,M,DT_1DA9003S,산업별 계절조정 취업자,천명,Thousand Person
64,K 금융 및 보험업,K Financial and insurance activities,산업별,By industry,832.9,T30,취업자,Employed persons,2026-01-27,101,201303,M,DT_1DA9003S,산업별 계절조정 취업자,천명,Thousand Person
64,K 금융 및 보험업,K Financial and insurance activities,산업별,By industry,855.2,T30,취업자,Employed persons,2026-01-27,101,201304,M,DT_1DA9003S,산업별 계절조정 취업자,천명,Thousand Person
64,K 금융 및 보험업,K Financial and insurance activities,산업별,By industry,864.4,T30,취업자,Employed persons,2026-01-27,101,201305,M,DT_1DA9003S,산업별 계절조정 취업자,천명,Thousand Person
64,K 금융 및 보험업,K Financial and insurance activities,산업별,By industry,878.3,T30,취업자,Employed persons,2026-01-27,101,201306,M,DT_1DA9003S,산업별 계절조정 취업자,천명,Thousand Person
64,K 금융 및 보험업,K Financial and insurance activities,산업별,By industry,876.5,T30,취업자,Employed persons,2026-01-27,101,201307,M,DT_1DA9003S,산업별 계절조정 취업자,천명,Thousand Person
64,K 금융 및 보험업,K Financial and insurance activities,산업별,By industry,867.6,T30,취업자,Employed persons,2026-01-27,101,201308,M,DT_1DA9003S,산업별 계절조정 취업자,천명,Thousand Person
64,K 금융 및 보험업,K Financial and insurance activities,산업별,By industry,848,T30,취업자,Employed persons,2026-01-27,101,201309,M,DT_1DA9003S,산업별 계절조정 취업자,천명,Thousand Person
64,K 금융 및 보험업,K Financial and insurance activities,산업별,By industry,847.6,T30,취업자,Employed persons,2026-01-27,101,201310,M,DT_1DA9003S,산업별 계절조정 취업자,천명,Thousand Person
64,K 금융 및 보험업,K Financial and insurance activities,산업별,By industry,838,T30,취업자,Employed persons,2026-01-27,101,201311,M,DT_1DA9003S,산업별 계절조정 취업자,천명,Thousand Person
64,K 금융 및 보험업,K Financial and insurance activities,산업별,By industry,845.7,T30,취업자,Employed persons,2026-01-27,101,201312,M,DT_1DA9003S,산업별 계절조정 취업자,천명,Thousand Person
64,K 금융 및 보험업,K Financial and insurance activities,산업별,By industry,852.1,T30,취업자,Employed persons,2026-01-27,101,201401,M,DT_1DA9003S,산업별 계절조정 취업자,천명,Thousand Person
64,K 금융 및 보험업,K Financial and insurance activities,산업별,By industry,852.2,T30,취업자,Employed persons,2026-01-27,101,201402,M,DT_1DA9003S,산업별 계절조정 취업자,천명,Thousand Person
64,K 금융 및 보험업,K Financial and insurance activities,산업별,By industry,858.1,T30,취업자,Employed persons,2026-01-27,101,201403,M,DT_1DA9003S,산업별 계절조정 취업자,천명,Thousand Person
64,K 금융 및 보험업,K Financial and insurance activities,산업별,By industry,852.2,T30,취업자,Employed persons,2026-01-27,101,201404,M,DT_1DA9003S,산업별 계절조정 취업자,천명,Thousand Person
64,K 금융 및 보험업,K Financial and insurance activities,산업별,By industry,842.6,T30,취업자,Employed persons,2026-01-27,101,201405,M,DT_1DA9003S,산업별 계절조정 취업자,천명,Thousand Person
64,K 금융 및 보험업,K Financial and insurance activities,산업별,By industry,835.1,T30,취업자,Employed persons,2026-01-27,101,201406,M,DT_1DA9003S,산업별 계절조정 취업자,천명,Thousand Person
64,K 금융 및 보험업,K Financial and insurance activities,산업별,By industry,831.8,T30,취업자,Employed persons,2026-01-27,101,201407,M,DT_1DA9003S,산업별 계절조정 취업자,천명,Thousand Person
64,K 금융 및 보험업,K Financial and insurance activities,산업별,By industry,823,T30,취업자,Employed persons,2026-01-27,101,201408,M,DT_1DA9003S,산업별 계절조정 취업자,천명,Thousand Person
64,K 금융 및 보험업,K Financial and insurance activities,산업별,By industry,813.2,T30,취업자,Employed persons,2026-01-27,101,201409,M,DT_1DA9003S,산업별 계절조정 취업자,천명,Thousand Person
64,K 금융 및 보험업,K Financial and insurance activities,산업별,By industry,804.3,T30,취업자,Employed persons,2026-01-27,101,201410,M,DT_1DA9003S,산업별 계절조정 취업자,천명,Thousand Person
64,K 금융 및 보험업,K Financial and insurance activities,산업별,By industry,796.3,T30,취업자,Employed persons,2026-01-27,101,201411,M,DT_1DA9003S,산업별 계절조정 취업자,천명,Thousand Person
64,K 금융 및 보험업,K Financial and insurance activities,산업별,By industry,790,T30,취업자,Employed persons,2026-01-27,101,201412,M,DT_1DA9003S,산업별 계절조정 취업자,천명,Thousand Person
64,K 금융 및 보험업,K Financial and insurance activities,산업별,By industry,781.8,T30,취업자,Employed persons,2026-01-27,101,201501,M,DT_1DA9003S,산업별 계절조정 취업자,천명,Thousand Person
64,K 금융 및 보험업,K Financial and insurance activities,산업별,By industry,776.1,T30,취업자,Employed persons,2026-01-27,101,201502,M,DT_1DA9003S,산업별 계절조정 취업자,천명,Thousand Person
64,K 금융 및 보험업,K Financial and insurance activities,산업별,By industry,780,T30,취업자,Employed persons,2026-01-27,101,201503,M,DT_1DA9003S,산업별 계절조정 취업자,천명,Thousand Person
64,K 금융 및 보험업,K Financial and insurance activities,산업별,By industry,772.6,T30,취업자,Employed persons,2026-01-27,101,201504,M,DT_1DA9003S,산업별 계절조정 취업자,천명,Thousand Person
64,K 금융 및 보험업,K Financial and insurance activities,산업별,By industry,785.6,T30,취업자,Employed persons,2026-01-27,101,201505,M,DT_1DA9003S,산업별 계절조정 취업자,천명,Thousand Person
64,K 금융 및 보험업,K Financial and insurance activities,산업별,By industry,769.4,T30,취업자,Employed persons,2026-01-27,101,201506,M,DT_1DA9003S,산업별 계절조정 취업자,천명,Thousand Person
64,K 금융 및 보험업,K Financial and insurance activities,산업별,By industry,762.3,T30,취업자,Employed persons,2026-01-27,101,201507,M,DT_1DA9003S,산업별 계절조정 취업자,천명,Thousand Person
64,K 금융 및 보험업,K Financial and insurance activities,산업별,By industry,765.4,T30,취업자,Employed persons,2026-01-27,101,201508,M,DT_1DA9003S,산업별 계절조정 취업자,천명,Thousand Person
64,K 금융 및 보험업,K Financial and insurance activities,산업별,By industry,769.4,T30,취업자,Employed persons,2026-01-27,101,201509,M,DT_1DA9003S,산업별 계절조정 취업자,천명,Thousand Person
64,K 금융 및 보험업,K Financial and insurance activities,산업별,By industry,765.8,T30,취업자,Employed persons,2026-01-27,101,201510,M,DT_1DA9003S,산업별 계절조정 취업자,천명,Thousand Person
64,K 금융 및 보험업,K Financial and insurance activities,산업별,By industry,771.9,T30,취업자,Employed persons,2026-01-27,101,201511,M,DT_1DA9003S,산업별 계절조정 취업자,천명,Thousand Person
64,K 금융 및 보험업,K Financial and insurance activities,산업별,By industry,769.7,T30,취업자,Employed persons,2026-01-27,101,201512,M,DT_1DA9003S,산업별 계절조정 취업자,천명,Thousand Person
64,K 금융 및 보험업,K Financial and insurance activities,산업별,By industry,776.3,T30,취업자,Employed persons,2026-01-27,101,201601,M,DT_1DA9003S,산업별 계절조정 취업자,천명,Thousand Person
64,K 금융 및 보험업,K Financial and insurance activities,산업별,By industry,769.9,T30,취업자,Employed persons,2026-01-27,101,201602,M,DT_1DA9003S,산업별 계절조정 취업자,천명,Thousand Person
64,K 금융 및 보험업,K Financial and insurance activities,산업별,By industry,770.2,T30,취업자,Employed persons,2026-01-27,101,201603,M,DT_1DA9003S,산업별 계절조정 취업자,천명,Thousand Person
64,K 금융 및 보험업,K Financial and insurance activities,산업별,By industry,764.8,T30,취업자,Employed persons,2026-01-27,101,201604,M,DT_1DA9003S,산업별 계절조정 취업자,천명,Thousand Person
64,K 금융 및 보험업,K Financial and insurance activities,산업별,By industry,777.9,T30,취업자,Employed persons,2026-01-27,101,201605,M,DT_1DA9003S,산업별 계절조정 취업자,천명,Thousand Person
64,K 금융 및 보험업,K Financial and insurance activities,산업별,By industry,774.5,T30,취업자,Employed persons,2026-01-27,101,201606,M,DT_1DA9003S,산업별 계절조정 취업자,천명,Thousand Person
64,K 금융 및 보험업,K Financial and insurance activities,산업별,By industry,786.6,T30,취업자,Employed persons,2026-01-27,101,201607,M,DT_1DA9003S,산업별 계절조정 취업자,천명,Thousand Person
64,K 금융 및 보험업,K Financial and insurance activities,산업별,By industry,777.8,T30,취업자,Employed persons,2026-01-27,101,201608,M,DT_1DA9003S,산업별 계절조정 취업자,천명,Thousand Person
64,K 금융 및 보험업,K Financial and insurance activities,산업별,By industry,782.3,T30,취업자,Employed persons,2026-01-27,101,201609,M,DT_1DA9003S,산업별 계절조정 취업자,천명,Thousand Person
64,K 금융 및 보험업,K Financial and insurance activities,산업별,By industry,788.3,T30,취업자,Employed persons,2026-01-27,101,201610,M,DT_1DA9003S,산업별 계절조정 취업자,천명,Thousand Person
64,K 금융 및 보험업,K Financial and insurance activities,산업별,By industry,794.8,T30,취업자,Employed persons,2026-01-27,101,201611,M,DT_1DA9003S,산업별 계절조정 취업자,천명,Thousand Person
64,K 금융 및 보험업,K Financial and insurance activities,산업별,By industry,779.7,T30,취업자,Employed persons,2026-01-27,101,201612,M,DT_1DA9003S,산업별 계절조정 취업자,천명,Thousand Person
64,K 금융 및 보험업,K Financial and insurance activities,산업별,By industry,777.1,T30,취업자,Employed persons,2026-01-27,101,201701,M,DT_1DA9003S,산업별 계절조정 취업자,천명,Thousand Person
64,K 금융 및 보험업,K Financial and insurance activities,산업별,By industry,774,T30,취업자,Employed persons,2026-01-27,101,201702,M,DT_1DA9003S,산업별 계절조정 취업자,천명,Thousand Person
64,K 금융 및 보험업,K Financial and insurance activities,산업별,By industry,784.4,T30,취업자,Employed persons,2026-01-27,101,201703,M,DT_1DA9003S,산업별 계절조정 취업자,천명,Thousand Person
64,K 금융 및 보험업,K Financial and insurance activities,산업별,By industry,764.4,T30,취업자,Employed persons,2026-01-27,101,201704,M,DT_1DA9003S,산업별 계절조정 취업자,천명,Thousand Person
64,K 금융 및 보험업,K Financial and insurance activities,산업별,By industry,762.6,T30,취업자,Employed persons,2026-01-27,101,201705,M,DT_1DA9003S,산업별 계절조정 취업자,천명,Thousand Person
64,K 금융 및 보험업,K Financial and insurance activities,산업별,By industry,756.8,T30,취업자,Employed persons,2026-01-27,101,201706,M,DT_1DA9003S,산업별 계절조정 취업자,천명,Thousand Person
64,K 금융 및 보험업,K Financial and insurance activities,산업별,By industry,755.5,T30,취업자,Employed persons,2026-01-27,101,201707,M,DT_1DA9003S,산업별 계절조정 취업자,천명,Thousand Person
64,K 금융 및 보험업,K Financial and insurance activities,산업별,By industry,769.8,T30,취업자,Employed persons,2026-01-27,101,201708,M,DT_1DA9003S,산업별 계절조정 취업자,천명,Thousand Person
64,K 금융 및 보험업,K Financial and insurance activities,산업별,By industry,769.6,T30,취업자,Employed persons,2026-01-27,101,201709,M,DT_1DA9003S,산업별 계절조정 취업자,천명,Thousand Person
64,K 금융 및 보험업,K Financial and insurance activities,산업별,By industry,775.1,T30,취업자,Employed persons,2026-01-27,101,201710,M,DT_1DA9003S,산업별 계절조정 취업자,천명,Thousand Person
64,K 금융 및 보험업,K Financial and insurance activities,산업별,By industry,775.1,T30,취업자,Employed persons,2026-01-27,101,201711,M,DT_1DA9003S,산업별 계절조정 취업자,천명,Thousand Person
64,K 금융 및 보험업,K Financial and insurance activities,산업별,By industry,782.2,T30,취업자,Employed persons,2026-01-27,101,201712,M,DT_1DA9003S,산업별 계절조정 취업자,천명,Thousand Person
64,K 금융 및 보험업,K Financial and insurance activities,산업별,By industry,783.5,T30,취업자,Employed persons,2026-01-27,101,201801,M,DT_1DA9003S,산업별 계절조정 취업자,천명,Thousand Person
64,K 금융 및 보험업,K Financial and insurance activities,산업별,By industry,813.9,T30,취업자,Employed persons,2026-01-27,101,201802,M,DT_1DA9003S,산업별 계절조정 취업자,천명,Thousand Person
64,K 금융 및 보험업,K Financial and insurance activities,산업별,By industry,807.6,T30,취업자,Employed persons,2026-01-27,101,201803,M,DT_1DA9003S,산업별 계절조정 취업자,천명,Thousand Person
64,K 금융 및 보험업,K Financial and insurance activities,산업별,By industry,811,T30,취업자,Employed persons,2026-01-27,101,201804,M,DT_1DA9003S,산업별 계절조정 취업자,천명,Thousand Person
64,K 금융 및 보험업,K Financial and insurance activities,산업별,By industry,806.1,T30,취업자,Employed persons,2026-01-27,101,201805,M,DT_1DA9003S,산업별 계절조정 취업자,천명,Thousand Person
64,K 금융 및 보험업,K Financial and insurance activities,산업별,By industry,812.5,T30,취업자,Employed persons,2026-01-27,101,201806,M,DT_1DA9003S,산업별 계절조정 취업자,천명,Thousand Person
64,K 금융 및 보험업,K Financial and insurance activities,산업별,By industry,811.7,T30,취업자,Employed persons,2026-01-27,101,201807,M,DT_1DA9003S,산업별 계절조정 취업자,천명,Thousand Person
64,K 금융 및 보험업,K Financial and insurance activities,산업별,By industry,804.5,T30,취업자,Employed persons,2026-01-27,101,201808,M,DT_1DA9003S,산업별 계절조정 취업자,천명,Thousand Person
64,K 금융 및 보험업,K Financial and insurance activities,산업별,By industry,809,T30,취업자,Employed persons,2026-01-27,101,201809,M,DT_1DA9003S,산업별 계절조정 취업자,천명,Thousand Person
64,K 금융 및 보험업,K Financial and insurance activities,산업별,By industry,811,T30,취업자,Employed persons,2026-01-27,101,201810,M,DT_1DA9003S,산업별 계절조정 취업자,천명,Thousand Person
64,K 금융 및 보험업,K Financial and insurance activities,산업별,By industry,796.5,T30,취업자,Employed persons,2026-01-27,101,201811,M,DT_1DA9003S,산업별 계절조정 취업자,천명,Thousand Person
64,K 금융 및 보험업,K Financial and insurance activities,산업별,By industry,784.6,T30,취업자,Employed persons,2026-01-27,101,201812,M,DT_1DA9003S,산업별 계절조정 취업자,천명,Thousand Person
64,K 금융 및 보험업,K Financial and insurance activities,산업별,By industry,777.1,T30,취업자,Employed persons,2026-01-27,101,201901,M,DT_1DA9003S,산업별 계절조정 취업자,천명,Thousand Person
64,K 금융 및 보험업,K Financial and insurance activities,산업별,By industry,772,T30,취업자,Employed persons,2026-01-27,101,201902,M,DT_1DA9003S,산업별 계절조정 취업자,천명,Thousand Person
64,K 금융 및 보험업,K Financial and insurance activities,산업별,By industry,771.8,T30,취업자,Employed persons,2026-01-27,101,201903,M,DT_1DA9003S,산업별 계절조정 취업자,천명,Thousand Person
64,K 금융 및 보험업,K Financial and insurance activities,산업별,By industry,766.5,T30,취업자,Employed persons,2026-01-27,101,201904,M,DT_1DA9003S,산업별 계절조정 취업자,천명,Thousand Person
64,K 금융 및 보험업,K Financial and insurance activities,산업별,By industry,764.6,T30,취업자,Employed persons,2026-01-27,101,201905,M,DT_1DA9003S,산업별 계절조정 취업자,천명,Thousand Person
64,K 금융 및 보험업,K Financial and insurance activities,산업별,By industry,765.1,T30,취업자,Employed persons,2026-01-27,101,201906,M,DT_1DA9003S,산업별 계절조정 취업자,천명,Thousand Person
64,K 금융 및 보험업,K Financial and insurance activities,산업별,By industry,762.9,T30,취업자,Employed persons,2026-01-27,101,201907,M,DT_1DA9003S,산업별 계절조정 취업자,천명,Thousand Person
64,K 금융 및 보험업,K Financial and insurance activities,산업별,By industry,764.4,T30,취업자,Employed persons,2026-01-27,101,201908,M,DT_1DA9003S,산업별 계절조정 취업자,천명,Thousand Person
64,K 금융 및 보험업,K Financial and insurance activities,산업별,By industry,767.7,T30,취업자,Employed persons,2026-01-27,101,201909,M,DT_1DA9003S,산업별 계절조정 취업자,천명,Thousand Person
64,K 금융 및 보험업,K Financial and insurance activities,산업별,By industry,762.4,T30,취업자,Employed persons,2026-01-27,101,201910,M,DT_1DA9003S,산업별 계절조정 취업자,천명,Thousand Person
64,K 금융 및 보험업,K Financial and insurance activities,산업별,By industry,770.8,T30,취업자,Employed persons,2026-01-27,101,201911,M,DT_1DA9003S,산업별 계절조정 취업자,천명,Thousand Person
64,K 금융 및 보험업,K Financial and insurance activities,산업별,By industry,761.9,T30,취업자,Employed persons,2026-01-27,101,201912,M,DT_1DA9003S,산업별 계절조정 취업자,천명,Thousand Person
64,K 금융 및 보험업,K Financial and insurance activities,산업별,By industry,750.2,T30,취업자,Employed persons,2026-01-27,101,202001,M,DT_1DA9003S,산업별 계절조정 취업자,천명,Thousand Person
64,K 금융 및 보험업,K Financial and insurance activities,산업별,By industry,758.3,T30,취업자,Employed persons,2026-01-27,101,202002,M,DT_1DA9003S,산업별 계절조정 취업자,천명,Thousand Person
64,K 금융 및 보험업,K Financial and insurance activities,산업별,By industry,754.6,T30,취업자,Employed persons,2026-01-27,101,202003,M,DT_1DA9003S,산업별 계절조정 취업자,천명,Thousand Person
64,K 금융 및 보험업,K Financial and insurance activities,산업별,By industry,755.8,T30,취업자,Employed persons,2026-01-27,101,202004,M,DT_1DA9003S,산업별 계절조정 취업자,천명,Thousand Person
64,K 금융 및 보험업,K Financial and insurance activities,산업별,By industry,750.3,T30,취업자,Employed persons,2026-01-27,101,202005,M,DT_1DA9003S,산업별 계절조정 취업자,천명,Thousand Person
64,K 금융 및 보험업,K Financial and insurance activities,산업별,By industry,739.4,T30,취업자,Employed persons,2026-01-27,101,202006,M,DT_1DA9003S,산업별 계절조정 취업자,천명,Thousand Person
64,K 금융 및 보험업,K Financial and insurance activities,산업별,By industry,730.9,T30,취업자,Employed persons,2026-01-27,101,202007,M,DT_1DA9003S,산업별 계절조정 취업자,천명,Thousand Person
64,K 금융 및 보험업,K Financial and insurance activities,산업별,By industry,736.1,T30,취업자,Employed persons,2026-01-27,101,202008,M,DT_1DA9003S,산업별 계절조정 취업자,천명,Thousand Person
64,K 금융 및 보험업,K Financial and insurance activities,산업별,By industry,746,T30,취업자,Employed persons,2026-01-27,101,202009,M,DT_1DA9003S,산업별 계절조정 취업자,천명,Thousand Person
64,K 금융 및 보험업,K Financial and insurance activities,산업별,By industry,736.4,T30,취업자,Employed persons,2026-01-27,101,202010,M,DT_1DA9003S,산업별 계절조정 취업자,천명,Thousand Person
64,K 금융 및 보험업,K Financial and insurance activities,산업별,By industry,735.2,T30,취업자,Employed persons,2026-01-27,101,202011,M,DT_1DA9003S,산업별 계절조정 취업자,천명,Thousand Person
64,K 금융 및 보험업,K Financial and insurance activities,산업별,By industry,737.1,T30,취업자,Employed persons,2026-01-27,101,202012,M,DT_1DA9003S,산업별 계절조정 취업자,천명,Thousand Person
64,K 금융 및 보험업,K Financial and insurance activities,산업별,By industry,759.3,T30,취업자,Employed persons,2026-01-27,101,202101,M,DT_1DA9003S,산업별 계절조정 취업자,천명,Thousand Person
64,K 금융 및 보험업,K Financial and insurance activities,산업별,By industry,764.2,T30,취업자,Employed persons,2026-01-27,101,202102,M,DT_1DA9003S,산업별 계절조정 취업자,천명,Thousand Person
64,K 금융 및 보험업,K Financial and insurance activities,산업별,By industry,774.8,T30,취업자,Employed persons,2026-01-27,101,202103,M,DT_1DA9003S,산업별 계절조정 취업자,천명,Thousand Person
64,K 금융 및 보험업,K Financial and insurance activities,산업별,By industry,776.1,T30,취업자,Employed persons,2026-01-27,101,202104,M,DT_1DA9003S,산업별 계절조정 취업자,천명,Thousand Person
64,K 금융 및 보험업,K Financial and insurance activities,산업별,By industry,769,T30,취업자,Employed persons,2026-01-27,101,202105,M,DT_1DA9003S,산업별 계절조정 취업자,천명,Thousand Person
64,K 금융 및 보험업,K Financial and insurance activities,산업별,By industry,771,T30,취업자,Employed persons,2026-01-27,101,202106,M,DT_1DA9003S,산업별 계절조정 취업자,천명,Thousand Person
64,K 금융 및 보험업,K Financial and insurance activities,산업별,By industry,757.7,T30,취업자,Employed persons,2026-01-27,101,202107,M,DT_1DA9003S,산업별 계절조정 취업자,천명,Thousand Person
64,K 금융 및 보험업,K Financial and insurance activities,산업별,By industry,748.4,T30,취업자,Employed persons,2026-01-27,101,202108,M,DT_1DA9003S,산업별 계절조정 취업자,천명,Thousand Person
64,K 금융 및 보험업,K Financial and insurance activities,산업별,By industry,744.5,T30,취업자,Employed persons,2026-01-27,101,202109,M,DT_1DA9003S,산업별 계절조정 취업자,천명,Thousand Person
64,K 금융 및 보험업,K Financial and insurance activities,산업별,By industry,743.7,T30,취업자,Employed persons,2026-01-27,101,202110,M,DT_1DA9003S,산업별 계절조정 취업자,천명,Thousand Person
64,K 금융 및 보험업,K Financial and insurance activities,산업별,By industry,747.9,T30,취업자,Employed persons,2026-01-27,101,202111,M,DT_1DA9003S,산업별 계절조정 취업자,천명,Thousand Person
64,K 금융 및 보험업,K Financial and insurance activities,산업별,By industry,753.9,T30,취업자,Employed persons,2026-01-27,101,202112,M,DT_1DA9003S,산업별 계절조정 취업자,천명,Thousand Person
64,K 금융 및 보험업,K Financial and insurance activities,산업별,By industry,735.2,T30,취업자,Employed persons,2026-01-27,101,202201,M,DT_1DA9003S,산업별 계절조정 취업자,천명,Thousand Person
64,K 금융 및 보험업,K Financial and insurance activities,산업별,By industry,743,T30,취업자,Employed persons,2026-01-27,101,202202,M,DT_1DA9003S,산업별 계절조정 취업자,천명,Thousand Person
64,K 금융 및 보험업,K Financial and insurance activities,산업별,By industry,734.2,T30,취업자,Employed persons,2026-01-27,101,202203,M,DT_1DA9003S,산업별 계절조정 취업자,천명,Thousand Person
64,K 금융 및 보험업,K Financial and insurance activities,산업별,By industry,715.3,T30,취업자,Employed persons,2026-01-27,101,202204,M,DT_1DA9003S,산업별 계절조정 취업자,천명,Thousand Person
64,K 금융 및 보험업,K Financial and insurance activities,산업별,By industry,721.6,T30,취업자,Employed persons,2026-01-27,101,202205,M,DT_1DA9003S,산업별 계절조정 취업자,천명,Thousand Person
64,K 금융 및 보험업,K Financial and insurance activities,산업별,By industry,708.1,T30,취업자,Employed persons,2026-01-27,101,202206,M,DT_1DA9003S,산업별 계절조정 취업자,천명,Thousand Person
64,K 금융 및 보험업,K Financial and insurance activities,산업별,By industry,734.1,T30,취업자,Employed persons,2026-01-27,101,202207,M,DT_1DA9003S,산업별 계절조정 취업자,천명,Thousand Person
64,K 금융 및 보험업,K Financial and insurance activities,산업별,By industry,735.8,T30,취업자,Employed persons,2026-01-27,101,202208,M,DT_1DA9003S,산업별 계절조정 취업자,천명,Thousand Person
64,K 금융 및 보험업,K Financial and insurance activities,산업별,By industry,721.1,T30,취업자,Employed persons,2026-01-27,101,202209,M,DT_1DA9003S,산업별 계절조정 취업자,천명,Thousand Person
64,K 금융 및 보험업,K Financial and insurance activities,산업별,By industry,731,T30,취업자,Employed persons,2026-01-27,101,202210,M,DT_1DA9003S,산업별 계절조정 취업자,천명,Thousand Person
64,K 금융 및 보험업,K Financial and insurance activities,산업별,By industry,723.1,T30,취업자,Employed persons,2026-01-27,101,202211,M,DT_1DA9003S,산업별 계절조정 취업자,천명,Thousand Person
64,K 금융 및 보험업,K Financial and insurance activities,산업별,By industry,737.7,T30,취업자,Employed persons,2026-01-27,101,202212,M,DT_1DA9003S,산업별 계절조정 취업자,천명,Thousand Person
64,K 금융 및 보험업,K Financial and insurance activities,산업별,By industry,756.7,T30,취업자,Employed persons,2026-01-27,101,202301,M,DT_1DA9003S,산업별 계절조정 취업자,천명,Thousand Person
64,K 금융 및 보험업,K Financial and insurance activities,산업별,By industry,743.6,T30,취업자,Employed persons,2026-01-27,101,202302,M,DT_1DA9003S,산업별 계절조정 취업자,천명,Thousand Person
64,K 금융 및 보험업,K Financial and insurance activities,산업별,By industry,772.5,T30,취업자,Employed persons,2026-01-27,101,202303,M,DT_1DA9003S,산업별 계절조정 취업자,천명,Thousand Person
64,K 금융 및 보험업,K Financial and insurance activities,산업별,By industry,746.5,T30,취업자,Employed persons,2026-01-27,101,202304,M,DT_1DA9003S,산업별 계절조정 취업자,천명,Thousand Person
64,K 금융 및 보험업,K Financial and insurance activities,산업별,By industry,748,T30,취업자,Employed persons,2026-01-27,101,202305,M,DT_1DA9003S,산업별 계절조정 취업자,천명,Thousand Person
64,K 금융 및 보험업,K Financial and insurance activities,산업별,By industry,741.7,T30,취업자,Employed persons,2026-01-27,101,202306,M,DT_1DA9003S,산업별 계절조정 취업자,천명,Thousand Person
64,K 금융 및 보험업,K Financial and insurance activities,산업별,By industry,746.3,T30,취업자,Employed persons,2026-01-27,101,202307,M,DT_1DA9003S,산업별 계절조정 취업자,천명,Thousand Person
64,K 금융 및 보험업,K Financial and insurance activities,산업별,By industry,750.4,T30,취업자,Employed persons,2026-01-27,101,202308,M,DT_1DA9003S,산업별 계절조정 취업자,천명,Thousand Person
64,K 금융 및 보험업,K Financial and insurance activities,산업별,By industry,749.6,T30,취업자,Employed persons,2026-01-27,101,202309,M,DT_1DA9003S,산업별 계절조정 취업자,천명,Thousand Person
64,K 금융 및 보험업,K Financial and insurance activities,산업별,By industry,756.6,T30,취업자,Employed persons,2026-01-27,101,202310,M,DT_1DA9003S,산업별 계절조정 취업자,천명,Thousand Person
64,K 금융 및 보험업,K Financial and insurance activities,산업별,By industry,745,T30,취업자,Employed persons,2026-01-27,101,202311,M,DT_1DA9003S,산업별 계절조정 취업자,천명,Thousand Person
64,K 금융 및 보험업,K Financial and insurance activities,산업별,By industry,750.5,T30,취업자,Employed persons,2026-01-27,101,202312,M,DT_1DA9003S,산업별 계절조정 취업자,천명,Thousand Person
64,K 금융 및 보험업,K Financial and insurance activities,산업별,By industry,756.8,T30,취업자,Employed persons,2026-01-27,101,202401,M,DT_1DA9003S,산업별 계절조정 취업자,천명,Thousand Person
64,K 금융 및 보험업,K Financial and insurance activities,산업별,By industry,756.8,T30,취업자,Employed persons,2026-01-27,101,202402,M,DT_1DA9003S,산업별 계절조정 취업자,천명,Thousand Person
64,K 금융 및 보험업,K Financial and insurance activities,산업별,By industry,749.6,T30,취업자,Employed persons,2026-01-27,101,202403,M,DT_1DA9003S,산업별 계절조정 취업자,천명,Thousand Person
64,K 금융 및 보험업,K Financial and insurance activities,산업별,By industry,752.4,T30,취업자,Employed persons,2026-01-27,101,202404,M,DT_1DA9003S,산업별 계절조정 취업자,천명,Thousand Person
64,K 금융 및 보험업,K Financial and insurance activities,산업별,By industry,754.9,T30,취업자,Employed persons,2026-01-27,101,202405,M,DT_1DA9003S,산업별 계절조정 취업자,천명,Thousand Person
64,K 금융 및 보험업,K Financial and insurance activities,산업별,By industry,766.7,T30,취업자,Employed persons,2026-01-27,101,202406,M,DT_1DA9003S,산업별 계절조정 취업자,천명,Thousand Person
64,K 금융 및 보험업,K Financial and insurance activities,산업별,By industry,773.4,T30,취업자,Employed persons,2026-01-27,101,202407,M,DT_1DA9003S,산업별 계절조정 취업자,천명,Thousand Person
64,K 금융 및 보험업,K Financial and insurance activities,산업별,By industry,776.8,T30,취업자,Employed persons,2026-01-27,101,202408,M,DT_1DA9003S,산업별 계절조정 취업자,천명,Thousand Person
64,K 금융 및 보험업,K Financial and insurance activities,산업별,By industry,780.5,T30,취업자,Employed persons,2026-01-27,101,202409,M,DT_1DA9003S,산업별 계절조정 취업자,천명,Thousand Person
64,K 금융 및 보험업,K Financial and insurance activities,산업별,By industry,779.4,T30,취업자,Employed persons,2026-01-27,101,202410,M,DT_1DA9003S,산업별 계절조정 취업자,천명,Thousand Person
64,K 금융 및 보험업,K Financial and insurance activities,산업별,By industry,773.2,T30,취업자,Employed persons,2026-01-27,101,202411,M,DT_1DA9003S,산업별 계절조정 취업자,천명,Thousand Person
64,K 금융 및 보험업,K Financial and insurance activities,산업별,By industry,781.7,T30,취업자,Employed persons,2026-01-27,101,202412,M,DT_1DA9003S,산업별 계절조정 취업자,천명,Thousand Person
64,K 금융 및 보험업,K Financial and insurance activities,산업별,By industry,787.8,T30,취업자,Employed persons,2026-01-27,101,202501,M,DT_1DA9003S,산업별 계절조정 취업자,천명,Thousand Person
64,K 금융 및 보험업,K Financial and insurance activities,산업별,By industry,784.9,T30,취업자,Employed persons,2026-01-27,101,202502,M,DT_1DA9003S,산업별 계절조정 취업자,천명,Thousand Person
64,K 금융 및 보험업,K Financial and insurance activities,산업별,By industry,816.9,T30,취업자,Employed persons,2026-01-27,101,202503,M,DT_1DA9003S,산업별 계절조정 취업자,천명,Thousand Person
64,K 금융 및 보험업,K Financial and insurance activities,산업별,By industry,818.4,T30,취업자,Employed persons,2026-01-27,101,202504,M,DT_1DA9003S,산업별 계절조정 취업자,천명,Thousand Person
64,K 금융 및 보험업,K Financial and insurance activities,산업별,By industry,827.2,T30,취업자,Employed persons,2026-01-27,101,202505,M,DT_1DA9003S,산업별 계절조정 취업자,천명,Thousand Person
64,K 금융 및 보험업,K Financial and insurance activities,산업별,By industry,819.6,T30,취업자,Employed persons,2026-01-27,101,202506,M,DT_1DA9003S,산업별 계절조정 취업자,천명,Thousand Person
64,K 금융 및 보험업,K Financial and insurance activities,산업별,By industry,811.4,T30,취업자,Employed persons,2026-01-27,101,202507,M,DT_1DA9003S,산업별 계절조정 취업자,천명,Thousand Person
64,K 금융 및 보험업,K Financial and insurance activities,산업별,By industry,809.2,T30,취업자,Employed persons,2026-01-27,101,202508,M,DT_1DA9003S,산업별 계절조정 취업자,천명,Thousand Person
64,K 금융 및 보험업,K Financial and insurance activities,산업별,By industry,810.8,T30,취업자,Employed persons,2026-01-27,101,202509,M,DT_1DA9003S,산업별 계절조정 취업자,천명,Thousand Person
64,K 금융 및 보험업,K Financial and insurance activities,산업별,By industry,813.6,T30,취업자,Employed persons,2026-01-27,101,202510,M,DT_1DA9003S,산업별 계절조정 취업자,천명,Thousand Person
64,K 금융 및 보험업,K Financial and insurance activities,산업별,By industry,821.9,T30,취업자,Employed persons,2026-01-27,101,202511,M,DT_1DA9003S,산업별 계절조정 취업자,천명,Thousand Person
64,K 금융 및 보험업,K Financial and insurance activities,산업별,By industry,809.5,T30,취업자,Employed persons,2026-01-27,101,202512,M,DT_1DA9003S,산업별 계절조정 취업자,천명,Thousand Person
68,L 부동산업,L Real estate activities,산업별,By industry,427.9,T30,취업자,Employed persons,2026-01-27,101,201301,M,DT_1DA9003S,산업별 계절조정 취업자,천명,Thousand Person
68,L 부동산업,L Real estate activities,산업별,By industry,422,T30,취업자,Employed persons,2026-01-27,101,201302,M,DT_1DA9003S,산업별 계절조정 취업자,천명,Thousand Person
68,L 부동산업,L Real estate activities,산업별,By industry,436.1,T30,취업자,Employed persons,2026-01-27,101,201303,M,DT_1DA9003S,산업별 계절조정 취업자,천명,Thousand Person
68,L 부동산업,L Real estate activities,산업별,By industry,427.6,T30,취업자,Employed persons,2026-01-27,101,201304,M,DT_1DA9003S,산업별 계절조정 취업자,천명,Thousand Person
68,L 부동산업,L Real estate activities,산업별,By industry,431.1,T30,취업자,Employed persons,2026-01-27,101,201305,M,DT_1DA9003S,산업별 계절조정 취업자,천명,Thousand Person
68,L 부동산업,L Real estate activities,산업별,By industry,426.6,T30,취업자,Employed persons,2026-01-27,101,201306,M,DT_1DA9003S,산업별 계절조정 취업자,천명,Thousand Person
68,L 부동산업,L Real estate activities,산업별,By industry,435.4,T30,취업자,Employed persons,2026-01-27,101,201307,M,DT_1DA9003S,산업별 계절조정 취업자,천명,Thousand Person
68,L 부동산업,L Real estate activities,산업별,By industry,438.5,T30,취업자,Employed persons,2026-01-27,101,201308,M,DT_1DA9003S,산업별 계절조정 취업자,천명,Thousand Person
68,L 부동산업,L Real estate activities,산업별,By industry,442.2,T30,취업자,Employed persons,2026-01-27,101,201309,M,DT_1DA9003S,산업별 계절조정 취업자,천명,Thousand Person
68,L 부동산업,L Real estate activities,산업별,By industry,448,T30,취업자,Employed persons,2026-01-27,101,201310,M,DT_1DA9003S,산업별 계절조정 취업자,천명,Thousand Person
68,L 부동산업,L Real estate activities,산업별,By industry,452.5,T30,취업자,Employed persons,2026-01-27,101,201311,M,DT_1DA9003S,산업별 계절조정 취업자,천명,Thousand Person
68,L 부동산업,L Real estate activities,산업별,By industry,452,T30,취업자,Employed persons,2026-01-27,101,201312,M,DT_1DA9003S,산업별 계절조정 취업자,천명,Thousand Person
68,L 부동산업,L Real estate activities,산업별,By industry,454.8,T30,취업자,Employed persons,2026-01-27,101,201401,M,DT_1DA9003S,산업별 계절조정 취업자,천명,Thousand Person
68,L 부동산업,L Real estate activities,산업별,By industry,460.5,T30,취업자,Employed persons,2026-01-27,101,201402,M,DT_1DA9003S,산업별 계절조정 취업자,천명,Thousand Person
68,L 부동산업,L Real estate activities,산업별,By industry,451.5,T30,취업자,Employed persons,2026-01-27,101,201403,M,DT_1DA9003S,산업별 계절조정 취업자,천명,Thousand Person
68,L 부동산업,L Real estate activities,산업별,By industry,446.4,T30,취업자,Employed persons,2026-01-27,101,201404,M,DT_1DA9003S,산업별 계절조정 취업자,천명,Thousand Person
68,L 부동산업,L Real estate activities,산업별,By industry,442.2,T30,취업자,Employed persons,2026-01-27,101,201405,M,DT_1DA9003S,산업별 계절조정 취업자,천명,Thousand Person
68,L 부동산업,L Real estate activities,산업별,By industry,443,T30,취업자,Employed persons,2026-01-27,101,201406,M,DT_1DA9003S,산업별 계절조정 취업자,천명,Thousand Person
68,L 부동산업,L Real estate activities,산업별,By industry,453.6,T30,취업자,Employed persons,2026-01-27,101,201407,M,DT_1DA9003S,산업별 계절조정 취업자,천명,Thousand Person
68,L 부동산업,L Real estate activities,산업별,By industry,463,T30,취업자,Employed persons,2026-01-27,101,201408,M,DT_1DA9003S,산업별 계절조정 취업자,천명,Thousand Person
68,L 부동산업,L Real estate activities,산업별,By industry,468.1,T30,취업자,Employed persons,2026-01-27,101,201409,M,DT_1DA9003S,산업별 계절조정 취업자,천명,Thousand Person
68,L 부동산업,L Real estate activities,산업별,By industry,464,T30,취업자,Employed persons,2026-01-27,101,201410,M,DT_1DA9003S,산업별 계절조정 취업자,천명,Thousand Person
68,L 부동산업,L Real estate activities,산업별,By industry,456.2,T30,취업자,Employed persons,2026-01-27,101,201411,M,DT_1DA9003S,산업별 계절조정 취업자,천명,Thousand Person
68,L 부동산업,L Real estate activities,산업별,By industry,447.8,T30,취업자,Employed persons,2026-01-27,101,201412,M,DT_1DA9003S,산업별 계절조정 취업자,천명,Thousand Person
68,L 부동산업,L Real estate activities,산업별,By industry,442.6,T30,취업자,Employed persons,2026-01-27,101,201501,M,DT_1DA9003S,산업별 계절조정 취업자,천명,Thousand Person
68,L 부동산업,L Real estate activities,산업별,By industry,463.6,T30,취업자,Employed persons,2026-01-27,101,201502,M,DT_1DA9003S,산업별 계절조정 취업자,천명,Thousand Person
68,L 부동산업,L Real estate activities,산업별,By industry,451.2,T30,취업자,Employed persons,2026-01-27,101,201503,M,DT_1DA9003S,산업별 계절조정 취업자,천명,Thousand Person
68,L 부동산업,L Real estate activities,산업별,By industry,452.3,T30,취업자,Employed persons,2026-01-27,101,201504,M,DT_1DA9003S,산업별 계절조정 취업자,천명,Thousand Person
68,L 부동산업,L Real estate activities,산업별,By industry,463,T30,취업자,Employed persons,2026-01-27,101,201505,M,DT_1DA9003S,산업별 계절조정 취업자,천명,Thousand Person
68,L 부동산업,L Real estate activities,산업별,By industry,472.7,T30,취업자,Employed persons,2026-01-27,101,201506,M,DT_1DA9003S,산업별 계절조정 취업자,천명,Thousand Person
68,L 부동산업,L Real estate activities,산업별,By industry,469.2,T30,취업자,Employed persons,2026-01-27,101,201507,M,DT_1DA9003S,산업별 계절조정 취업자,천명,Thousand Person
68,L 부동산업,L Real estate activities,산업별,By industry,455.7,T30,취업자,Employed persons,2026-01-27,101,201508,M,DT_1DA9003S,산업별 계절조정 취업자,천명,Thousand Person
68,L 부동산업,L Real estate activities,산업별,By industry,463.8,T30,취업자,Employed persons,2026-01-27,101,201509,M,DT_1DA9003S,산업별 계절조정 취업자,천명,Thousand Person
68,L 부동산업,L Real estate activities,산업별,By industry,467.9,T30,취업자,Employed persons,2026-01-27,101,201510,M,DT_1DA9003S,산업별 계절조정 취업자,천명,Thousand Person
68,L 부동산업,L Real estate activities,산업별,By industry,468.7,T30,취업자,Employed persons,2026-01-27,101,201511,M,DT_1DA9003S,산업별 계절조정 취업자,천명,Thousand Person
68,L 부동산업,L Real estate activities,산업별,By industry,470.3,T30,취업자,Employed persons,2026-01-27,101,201512,M,DT_1DA9003S,산업별 계절조정 취업자,천명,Thousand Person
68,L 부동산업,L Real estate activities,산업별,By industry,483.7,T30,취업자,Employed persons,2026-01-27,101,201601,M,DT_1DA9003S,산업별 계절조정 취업자,천명,Thousand Person
68,L 부동산업,L Real estate activities,산업별,By industry,481.2,T30,취업자,Employed persons,2026-01-27,101,201602,M,DT_1DA9003S,산업별 계절조정 취업자,천명,Thousand Person
68,L 부동산업,L Real estate activities,산업별,By industry,454.9,T30,취업자,Employed persons,2026-01-27,101,201603,M,DT_1DA9003S,산업별 계절조정 취업자,천명,Thousand Person
68,L 부동산업,L Real estate activities,산업별,By industry,453.2,T30,취업자,Employed persons,2026-01-27,101,201604,M,DT_1DA9003S,산업별 계절조정 취업자,천명,Thousand Person
68,L 부동산업,L Real estate activities,산업별,By industry,473.8,T30,취업자,Employed persons,2026-01-27,101,201605,M,DT_1DA9003S,산업별 계절조정 취업자,천명,Thousand Person
68,L 부동산업,L Real estate activities,산업별,By industry,477.1,T30,취업자,Employed persons,2026-01-27,101,201606,M,DT_1DA9003S,산업별 계절조정 취업자,천명,Thousand Person
68,L 부동산업,L Real estate activities,산업별,By industry,484,T30,취업자,Employed persons,2026-01-27,101,201607,M,DT_1DA9003S,산업별 계절조정 취업자,천명,Thousand Person
68,L 부동산업,L Real estate activities,산업별,By industry,489.8,T30,취업자,Employed persons,2026-01-27,101,201608,M,DT_1DA9003S,산업별 계절조정 취업자,천명,Thousand Person
68,L 부동산업,L Real estate activities,산업별,By industry,488.1,T30,취업자,Employed persons,2026-01-27,101,201609,M,DT_1DA9003S,산업별 계절조정 취업자,천명,Thousand Person
68,L 부동산업,L Real estate activities,산업별,By industry,497.6,T30,취업자,Employed persons,2026-01-27,101,201610,M,DT_1DA9003S,산업별 계절조정 취업자,천명,Thousand Person
68,L 부동산업,L Real estate activities,산업별,By industry,505.8,T30,취업자,Employed persons,2026-01-27,101,201611,M,DT_1DA9003S,산업별 계절조정 취업자,천명,Thousand Person
68,L 부동산업,L Real estate activities,산업별,By industry,507,T30,취업자,Employed persons,2026-01-27,101,201612,M,DT_1DA9003S,산업별 계절조정 취업자,천명,Thousand Person
68,L 부동산업,L Real estate activities,산업별,By industry,508,T30,취업자,Employed persons,2026-01-27,101,201701,M,DT_1DA9003S,산업별 계절조정 취업자,천명,Thousand Person
68,L 부동산업,L Real estate activities,산업별,By industry,523,T30,취업자,Employed persons,2026-01-27,101,201702,M,DT_1DA9003S,산업별 계절조정 취업자,천명,Thousand Person
68,L 부동산업,L Real estate activities,산업별,By industry,533.4,T30,취업자,Employed persons,2026-01-27,101,201703,M,DT_1DA9003S,산업별 계절조정 취업자,천명,Thousand Person
68,L 부동산업,L Real estate activities,산업별,By industry,547.1,T30,취업자,Employed persons,2026-01-27,101,201704,M,DT_1DA9003S,산업별 계절조정 취업자,천명,Thousand Person
68,L 부동산업,L Real estate activities,산업별,By industry,542.1,T30,취업자,Employed persons,2026-01-27,101,201705,M,DT_1DA9003S,산업별 계절조정 취업자,천명,Thousand Person
68,L 부동산업,L Real estate activities,산업별,By industry,561,T30,취업자,Employed persons,2026-01-27,101,201706,M,DT_1DA9003S,산업별 계절조정 취업자,천명,Thousand Person
68,L 부동산업,L Real estate activities,산업별,By industry,575.5,T30,취업자,Employed persons,2026-01-27,101,201707,M,DT_1DA9003S,산업별 계절조정 취업자,천명,Thousand Person
68,L 부동산업,L Real estate activities,산업별,By industry,544.7,T30,취업자,Employed persons,2026-01-27,101,201708,M,DT_1DA9003S,산업별 계절조정 취업자,천명,Thousand Person
68,L 부동산업,L Real estate activities,산업별,By industry,536,T30,취업자,Employed persons,2026-01-27,101,201709,M,DT_1DA9003S,산업별 계절조정 취업자,천명,Thousand Person
68,L 부동산업,L Real estate activities,산업별,By industry,533.8,T30,취업자,Employed persons,2026-01-27,101,201710,M,DT_1DA9003S,산업별 계절조정 취업자,천명,Thousand Person
68,L 부동산업,L Real estate activities,산업별,By industry,538.5,T30,취업자,Employed persons,2026-01-27,101,201711,M,DT_1DA9003S,산업별 계절조정 취업자,천명,Thousand Person
68,L 부동산업,L Real estate activities,산업별,By industry,536.4,T30,취업자,Employed persons,2026-01-27,101,201712,M,DT_1DA9003S,산업별 계절조정 취업자,천명,Thousand Person
68,L 부동산업,L Real estate activities,산업별,By industry,512.1,T30,취업자,Employed persons,2026-01-27,101,201801,M,DT_1DA9003S,산업별 계절조정 취업자,천명,Thousand Person
68,L 부동산업,L Real estate activities,산업별,By industry,514.8,T30,취업자,Employed persons,2026-01-27,101,201802,M,DT_1DA9003S,산업별 계절조정 취업자,천명,Thousand Person
68,L 부동산업,L Real estate activities,산업별,By industry,503,T30,취업자,Employed persons,2026-01-27,101,201803,M,DT_1DA9003S,산업별 계절조정 취업자,천명,Thousand Person
68,L 부동산업,L Real estate activities,산업별,By industry,517.6,T30,취업자,Employed persons,2026-01-27,101,201804,M,DT_1DA9003S,산업별 계절조정 취업자,천명,Thousand Person
68,L 부동산업,L Real estate activities,산업별,By industry,522.6,T30,취업자,Employed persons,2026-01-27,101,201805,M,DT_1DA9003S,산업별 계절조정 취업자,천명,Thousand Person
68,L 부동산업,L Real estate activities,산업별,By industry,526.2,T30,취업자,Employed persons,2026-01-27,101,201806,M,DT_1DA9003S,산업별 계절조정 취업자,천명,Thousand Person
68,L 부동산업,L Real estate activities,산업별,By industry,535.6,T30,취업자,Employed persons,2026-01-27,101,201807,M,DT_1DA9003S,산업별 계절조정 취업자,천명,Thousand Person
68,L 부동산업,L Real estate activities,산업별,By industry,536.1,T30,취업자,Employed persons,2026-01-27,101,201808,M,DT_1DA9003S,산업별 계절조정 취업자,천명,Thousand Person
68,L 부동산업,L Real estate activities,산업별,By industry,544.2,T30,취업자,Employed persons,2026-01-27,101,201809,M,DT_1DA9003S,산업별 계절조정 취업자,천명,Thousand Person
68,L 부동산업,L Real estate activities,산업별,By industry,538.3,T30,취업자,Employed persons,2026-01-27,101,201810,M,DT_1DA9003S,산업별 계절조정 취업자,천명,Thousand Person
68,L 부동산업,L Real estate activities,산업별,By industry,549.1,T30,취업자,Employed persons,2026-01-27,101,201811,M,DT_1DA9003S,산업별 계절조정 취업자,천명,Thousand Person
68,L 부동산업,L Real estate activities,산업별,By industry,534.5,T30,취업자,Employed persons,2026-01-27,101,201812,M,DT_1DA9003S,산업별 계절조정 취업자,천명,Thousand Person
68,L 부동산업,L Real estate activities,산업별,By industry,520,T30,취업자,Employed persons,2026-01-27,101,201901,M,DT_1DA9003S,산업별 계절조정 취업자,천명,Thousand Person
68,L 부동산업,L Real estate activities,산업별,By industry,522.8,T30,취업자,Employed persons,2026-01-27,101,201902,M,DT_1DA9003S,산업별 계절조정 취업자,천명,Thousand Person
68,L 부동산업,L Real estate activities,산업별,By industry,532.7,T30,취업자,Employed persons,2026-01-27,101,201903,M,DT_1DA9003S,산업별 계절조정 취업자,천명,Thousand Person
68,L 부동산업,L Real estate activities,산업별,By industry,561.8,T30,취업자,Employed persons,2026-01-27,101,201904,M,DT_1DA9003S,산업별 계절조정 취업자,천명,Thousand Person
68,L 부동산업,L Real estate activities,산업별,By industry,551.6,T30,취업자,Employed persons,2026-01-27,101,201905,M,DT_1DA9003S,산업별 계절조정 취업자,천명,Thousand Person
68,L 부동산업,L Real estate activities,산업별,By industry,565.9,T30,취업자,Employed persons,2026-01-27,101,201906,M,DT_1DA9003S,산업별 계절조정 취업자,천명,Thousand Person
68,L 부동산업,L Real estate activities,산업별,By industry,565.2,T30,취업자,Employed persons,2026-01-27,101,201907,M,DT_1DA9003S,산업별 계절조정 취업자,천명,Thousand Person
68,L 부동산업,L Real estate activities,산업별,By industry,570.4,T30,취업자,Employed persons,2026-01-27,101,201908,M,DT_1DA9003S,산업별 계절조정 취업자,천명,Thousand Person
68,L 부동산업,L Real estate activities,산업별,By industry,573.5,T30,취업자,Employed persons,2026-01-27,101,201909,M,DT_1DA9003S,산업별 계절조정 취업자,천명,Thousand Person
68,L 부동산업,L Real estate activities,산업별,By industry,576.8,T30,취업자,Employed persons,2026-01-27,101,201910,M,DT_1DA9003S,산업별 계절조정 취업자,천명,Thousand Person
68,L 부동산업,L Real estate activities,산업별,By industry,568.9,T30,취업자,Employed persons,2026-01-27,101,201911,M,DT_1DA9003S,산업별 계절조정 취업자,천명,Thousand Person
68,L 부동산업,L Real estate activities,산업별,By industry,559.2,T30,취업자,Employed persons,2026-01-27,101,201912,M,DT_1DA9003S,산업별 계절조정 취업자,천명,Thousand Person
68,L 부동산업,L Real estate activities,산업별,By industry,552.5,T30,취업자,Employed persons,2026-01-27,101,202001,M,DT_1DA9003S,산업별 계절조정 취업자,천명,Thousand Person
68,L 부동산업,L Real estate activities,산업별,By industry,548,T30,취업자,Employed persons,2026-01-27,101,202002,M,DT_1DA9003S,산업별 계절조정 취업자,천명,Thousand Person
68,L 부동산업,L Real estate activities,산업별,By industry,532.4,T30,취업자,Employed persons,2026-01-27,101,202003,M,DT_1DA9003S,산업별 계절조정 취업자,천명,Thousand Person
68,L 부동산업,L Real estate activities,산업별,By industry,525.2,T30,취업자,Employed persons,2026-01-27,101,202004,M,DT_1DA9003S,산업별 계절조정 취업자,천명,Thousand Person
68,L 부동산업,L Real estate activities,산업별,By industry,519.5,T30,취업자,Employed persons,2026-01-27,101,202005,M,DT_1DA9003S,산업별 계절조정 취업자,천명,Thousand Person
68,L 부동산업,L Real estate activities,산업별,By industry,512.3,T30,취업자,Employed persons,2026-01-27,101,202006,M,DT_1DA9003S,산업별 계절조정 취업자,천명,Thousand Person
68,L 부동산업,L Real estate activities,산업별,By industry,508,T30,취업자,Employed persons,2026-01-27,101,202007,M,DT_1DA9003S,산업별 계절조정 취업자,천명,Thousand Person
68,L 부동산업,L Real estate activities,산업별,By industry,509.7,T30,취업자,Employed persons,2026-01-27,101,202008,M,DT_1DA9003S,산업별 계절조정 취업자,천명,Thousand Person
68,L 부동산업,L Real estate activities,산업별,By industry,500.8,T30,취업자,Employed persons,2026-01-27,101,202009,M,DT_1DA9003S,산업별 계절조정 취업자,천명,Thousand Person
68,L 부동산업,L Real estate activities,산업별,By industry,504.3,T30,취업자,Employed persons,2026-01-27,101,202010,M,DT_1DA9003S,산업별 계절조정 취업자,천명,Thousand Person
68,L 부동산업,L Real estate activities,산업별,By industry,495.1,T30,취업자,Employed persons,2026-01-27,101,202011,M,DT_1DA9003S,산업별 계절조정 취업자,천명,Thousand Person
68,L 부동산업,L Real estate activities,산업별,By industry,493.3,T30,취업자,Employed persons,2026-01-27,101,202012,M,DT_1DA9003S,산업별 계절조정 취업자,천명,Thousand Person
68,L 부동산업,L Real estate activities,산업별,By industry,489.3,T30,취업자,Employed persons,2026-01-27,101,202101,M,DT_1DA9003S,산업별 계절조정 취업자,천명,Thousand Person
68,L 부동산업,L Real estate activities,산업별,By industry,501.4,T30,취업자,Employed persons,2026-01-27,101,202102,M,DT_1DA9003S,산업별 계절조정 취업자,천명,Thousand Person
68,L 부동산업,L Real estate activities,산업별,By industry,522.4,T30,취업자,Employed persons,2026-01-27,101,202103,M,DT_1DA9003S,산업별 계절조정 취업자,천명,Thousand Person
68,L 부동산업,L Real estate activities,산업별,By industry,526.6,T30,취업자,Employed persons,2026-01-27,101,202104,M,DT_1DA9003S,산업별 계절조정 취업자,천명,Thousand Person
68,L 부동산업,L Real estate activities,산업별,By industry,533.2,T30,취업자,Employed persons,2026-01-27,101,202105,M,DT_1DA9003S,산업별 계절조정 취업자,천명,Thousand Person
68,L 부동산업,L Real estate activities,산업별,By industry,537.7,T30,취업자,Employed persons,2026-01-27,101,202106,M,DT_1DA9003S,산업별 계절조정 취업자,천명,Thousand Person
68,L 부동산업,L Real estate activities,산업별,By industry,531.7,T30,취업자,Employed persons,2026-01-27,101,202107,M,DT_1DA9003S,산업별 계절조정 취업자,천명,Thousand Person
68,L 부동산업,L Real estate activities,산업별,By industry,544.7,T30,취업자,Employed persons,2026-01-27,101,202108,M,DT_1DA9003S,산업별 계절조정 취업자,천명,Thousand Person
68,L 부동산업,L Real estate activities,산업별,By industry,541.4,T30,취업자,Employed persons,2026-01-27,101,202109,M,DT_1DA9003S,산업별 계절조정 취업자,천명,Thousand Person
68,L 부동산업,L Real estate activities,산업별,By industry,543.6,T30,취업자,Employed persons,2026-01-27,101,202110,M,DT_1DA9003S,산업별 계절조정 취업자,천명,Thousand Person
68,L 부동산업,L Real estate activities,산업별,By industry,551.5,T30,취업자,Employed persons,2026-01-27,101,202111,M,DT_1DA9003S,산업별 계절조정 취업자,천명,Thousand Person
68,L 부동산업,L Real estate activities,산업별,By industry,547.7,T30,취업자,Employed persons,2026-01-27,101,202112,M,DT_1DA9003S,산업별 계절조정 취업자,천명,Thousand Person
68,L 부동산업,L Real estate activities,산업별,By industry,530.4,T30,취업자,Employed persons,2026-01-27,101,202201,M,DT_1DA9003S,산업별 계절조정 취업자,천명,Thousand Person
68,L 부동산업,L Real estate activities,산업별,By industry,553.9,T30,취업자,Employed persons,2026-01-27,101,202202,M,DT_1DA9003S,산업별 계절조정 취업자,천명,Thousand Person
68,L 부동산업,L Real estate activities,산업별,By industry,551.9,T30,취업자,Employed persons,2026-01-27,101,202203,M,DT_1DA9003S,산업별 계절조정 취업자,천명,Thousand Person
68,L 부동산업,L Real estate activities,산업별,By industry,545.4,T30,취업자,Employed persons,2026-01-27,101,202204,M,DT_1DA9003S,산업별 계절조정 취업자,천명,Thousand Person
68,L 부동산업,L Real estate activities,산업별,By industry,567.8,T30,취업자,Employed persons,2026-01-27,101,202205,M,DT_1DA9003S,산업별 계절조정 취업자,천명,Thousand Person
68,L 부동산업,L Real estate activities,산업별,By industry,571.1,T30,취업자,Employed persons,2026-01-27,101,202206,M,DT_1DA9003S,산업별 계절조정 취업자,천명,Thousand Person
68,L 부동산업,L Real estate activities,산업별,By industry,547.5,T30,취업자,Employed persons,2026-01-27,101,202207,M,DT_1DA9003S,산업별 계절조정 취업자,천명,Thousand Person
68,L 부동산업,L Real estate activities,산업별,By industry,549,T30,취업자,Employed persons,2026-01-27,101,202208,M,DT_1DA9003S,산업별 계절조정 취업자,천명,Thousand Person
68,L 부동산업,L Real estate activities,산업별,By industry,560.2,T30,취업자,Employed persons,2026-01-27,101,202209,M,DT_1DA9003S,산업별 계절조정 취업자,천명,Thousand Person
68,L 부동산업,L Real estate activities,산업별,By industry,550.8,T30,취업자,Employed persons,2026-01-27,101,202210,M,DT_1DA9003S,산업별 계절조정 취업자,천명,Thousand Person
68,L 부동산업,L Real estate activities,산업별,By industry,550.6,T30,취업자,Employed persons,2026-01-27,101,202211,M,DT_1DA9003S,산업별 계절조정 취업자,천명,Thousand Person
68,L 부동산업,L Real estate activities,산업별,By industry,548.4,T30,취업자,Employed persons,2026-01-27,101,202212,M,DT_1DA9003S,산업별 계절조정 취업자,천명,Thousand Person
68,L 부동산업,L Real estate activities,산업별,By industry,544.4,T30,취업자,Employed persons,2026-01-27,101,202301,M,DT_1DA9003S,산업별 계절조정 취업자,천명,Thousand Person
68,L 부동산업,L Real estate activities,산업별,By industry,538.8,T30,취업자,Employed persons,2026-01-27,101,202302,M,DT_1DA9003S,산업별 계절조정 취업자,천명,Thousand Person
68,L 부동산업,L Real estate activities,산업별,By industry,546.5,T30,취업자,Employed persons,2026-01-27,101,202303,M,DT_1DA9003S,산업별 계절조정 취업자,천명,Thousand Person
68,L 부동산업,L Real estate activities,산업별,By industry,547.6,T30,취업자,Employed persons,2026-01-27,101,202304,M,DT_1DA9003S,산업별 계절조정 취업자,천명,Thousand Person
68,L 부동산업,L Real estate activities,산업별,By industry,538.2,T30,취업자,Employed persons,2026-01-27,101,202305,M,DT_1DA9003S,산업별 계절조정 취업자,천명,Thousand Person
68,L 부동산업,L Real estate activities,산업별,By industry,539.3,T30,취업자,Employed persons,2026-01-27,101,202306,M,DT_1DA9003S,산업별 계절조정 취업자,천명,Thousand Person
68,L 부동산업,L Real estate activities,산업별,By industry,536.3,T30,취업자,Employed persons,2026-01-27,101,202307,M,DT_1DA9003S,산업별 계절조정 취업자,천명,Thousand Person
68,L 부동산업,L Real estate activities,산업별,By industry,532.8,T30,취업자,Employed persons,2026-01-27,101,202308,M,DT_1DA9003S,산업별 계절조정 취업자,천명,Thousand Person
68,L 부동산업,L Real estate activities,산업별,By industry,524.2,T30,취업자,Employed persons,2026-01-27,101,202309,M,DT_1DA9003S,산업별 계절조정 취업자,천명,Thousand Person
68,L 부동산업,L Real estate activities,산업별,By industry,524.4,T30,취업자,Employed persons,2026-01-27,101,202310,M,DT_1DA9003S,산업별 계절조정 취업자,천명,Thousand Person
68,L 부동산업,L Real estate activities,산업별,By industry,520.6,T30,취업자,Employed persons,2026-01-27,101,202311,M,DT_1DA9003S,산업별 계절조정 취업자,천명,Thousand Person
68,L 부동산업,L Real estate activities,산업별,By industry,516,T30,취업자,Employed persons,2026-01-27,101,202312,M,DT_1DA9003S,산업별 계절조정 취업자,천명,Thousand Person
68,L 부동산업,L Real estate activities,산업별,By industry,516.9,T30,취업자,Employed persons,2026-01-27,101,202401,M,DT_1DA9003S,산업별 계절조정 취업자,천명,Thousand Person
68,L 부동산업,L Real estate activities,산업별,By industry,517.4,T30,취업자,Employed persons,2026-01-27,101,202402,M,DT_1DA9003S,산업별 계절조정 취업자,천명,Thousand Person
68,L 부동산업,L Real estate activities,산업별,By industry,527.9,T30,취업자,Employed persons,2026-01-27,101,202403,M,DT_1DA9003S,산업별 계절조정 취업자,천명,Thousand Person
68,L 부동산업,L Real estate activities,산업별,By industry,525.1,T30,취업자,Employed persons,2026-01-27,101,202404,M,DT_1DA9003S,산업별 계절조정 취업자,천명,Thousand Person
68,L 부동산업,L Real estate activities,산업별,By industry,532.2,T30,취업자,Employed persons,2026-01-27,101,202405,M,DT_1DA9003S,산업별 계절조정 취업자,천명,Thousand Person
68,L 부동산업,L Real estate activities,산업별,By industry,524.1,T30,취업자,Employed persons,2026-01-27,101,202406,M,DT_1DA9003S,산업별 계절조정 취업자,천명,Thousand Person
68,L 부동산업,L Real estate activities,산업별,By industry,509.5,T30,취업자,Employed persons,2026-01-27,101,202407,M,DT_1DA9003S,산업별 계절조정 취업자,천명,Thousand Person
68,L 부동산업,L Real estate activities,산업별,By industry,496,T30,취업자,Employed persons,2026-01-27,101,202408,M,DT_1DA9003S,산업별 계절조정 취업자,천명,Thousand Person
68,L 부동산업,L Real estate activities,산업별,By industry,512.3,T30,취업자,Employed persons,2026-01-27,101,202409,M,DT_1DA9003S,산업별 계절조정 취업자,천명,Thousand Person
68,L 부동산업,L Real estate activities,산업별,By industry,520.3,T30,취업자,Employed persons,2026-01-27,101,202410,M,DT_1DA9003S,산업별 계절조정 취업자,천명,Thousand Person
68,L 부동산업,L Real estate activities,산업별,By industry,524.4,T30,취업자,Employed persons,2026-01-27,101,202411,M,DT_1DA9003S,산업별 계절조정 취업자,천명,Thousand Person
68,L 부동산업,L Real estate activities,산업별,By industry,527.4,T30,취업자,Employed persons,2026-01-27,101,202412,M,DT_1DA9003S,산업별 계절조정 취업자,천명,Thousand Person
68,L 부동산업,L Real estate activities,산업별,By industry,513,T30,취업자,Employed persons,2026-01-27,101,202501,M,DT_1DA9003S,산업별 계절조정 취업자,천명,Thousand Person
68,L 부동산업,L Real estate activities,산업별,By industry,512.8,T30,취업자,Employed persons,2026-01-27,101,202502,M,DT_1DA9003S,산업별 계절조정 취업자,천명,Thousand Person
68,L 부동산업,L Real estate activities,산업별,By industry,520,T30,취업자,Employed persons,2026-01-27,101,202503,M,DT_1DA9003S,산업별 계절조정 취업자,천명,Thousand Person
68,L 부동산업,L Real estate activities,산업별,By industry,517.4,T30,취업자,Employed persons,2026-01-27,101,202504,M,DT_1DA9003S,산업별 계절조정 취업자,천명,Thousand Person
68,L 부동산업,L Real estate activities,산업별,By industry,527.2,T30,취업자,Employed persons,2026-01-27,101,202505,M,DT_1DA9003S,산업별 계절조정 취업자,천명,Thousand Person
68,L 부동산업,L Real estate activities,산업별,By industry,530.3,T30,취업자,Employed persons,2026-01-27,101,202506,M,DT_1DA9003S,산업별 계절조정 취업자,천명,Thousand Person
68,L 부동산업,L Real estate activities,산업별,By industry,538.3,T30,취업자,Employed persons,2026-01-27,101,202507,M,DT_1DA9003S,산업별 계절조정 취업자,천명,Thousand Person
68,L 부동산업,L Real estate activities,산업별,By industry,535.7,T30,취업자,Employed persons,2026-01-27,101,202508,M,DT_1DA9003S,산업별 계절조정 취업자,천명,Thousand Person
68,L 부동산업,L Real estate activities,산업별,By industry,541.8,T30,취업자,Employed persons,2026-01-27,101,202509,M,DT_1DA9003S,산업별 계절조정 취업자,천명,Thousand Person
68,L 부동산업,L Real estate activities,산업별,By industry,530.8,T30,취업자,Employed persons,2026-01-27,101,202510,M,DT_1DA9003S,산업별 계절조정 취업자,천명,Thousand Person
68,L 부동산업,L Real estate activities,산업별,By industry,526.2,T30,취업자,Employed persons,2026-01-27,101,202511,M,DT_1DA9003S,산업별 계절조정 취업자,천명,Thousand Person
68,L 부동산업,L Real estate activities,산업별,By industry,538.8,T30,취업자,Employed persons,2026-01-27,101,202512,M,DT_1DA9003S,산업별 계절조정 취업자,천명,Thousand Person
70,M 전문 과학 및 기술 서비스업,M Professional scientific and technical activities,산업별,By industry,1040.8,T30,취업자,Employed persons,2026-01-27,101,201301,M,DT_1DA9003S,산업별 계절조정 취업자,천명,Thousand Person
70,M 전문 과학 및 기술 서비스업,M Professional scientific and technical activities,산업별,By industry,1044.5,T30,취업자,Employed persons,2026-01-27,101,201302,M,DT_1DA9003S,산업별 계절조정 취업자,천명,Thousand Person
70,M 전문 과학 및 기술 서비스업,M Professional scientific and technical activities,산업별,By industry,1051.3,T30,취업자,Employed persons,2026-01-27,101,201303,M,DT_1DA9003S,산업별 계절조정 취업자,천명,Thousand Person
70,M 전문 과학 및 기술 서비스업,M Professional scientific and technical activities,산업별,By industry,1033.1,T30,취업자,Employed persons,2026-01-27,101,201304,M,DT_1DA9003S,산업별 계절조정 취업자,천명,Thousand Person
70,M 전문 과학 및 기술 서비스업,M Professional scientific and technical activities,산업별,By industry,1020.5,T30,취업자,Employed persons,2026-01-27,101,201305,M,DT_1DA9003S,산업별 계절조정 취업자,천명,Thousand Person
70,M 전문 과학 및 기술 서비스업,M Professional scientific and technical activities,산업별,By industry,1004.1,T30,취업자,Employed persons,2026-01-27,101,201306,M,DT_1DA9003S,산업별 계절조정 취업자,천명,Thousand Person
70,M 전문 과학 및 기술 서비스업,M Professional scientific and technical activities,산업별,By industry,1017.7,T30,취업자,Employed persons,2026-01-27,101,201307,M,DT_1DA9003S,산업별 계절조정 취업자,천명,Thousand Person
70,M 전문 과학 및 기술 서비스업,M Professional scientific and technical activities,산업별,By industry,1005.2,T30,취업자,Employed persons,2026-01-27,101,201308,M,DT_1DA9003S,산업별 계절조정 취업자,천명,Thousand Person
70,M 전문 과학 및 기술 서비스업,M Professional scientific and technical activities,산업별,By industry,1039.1,T30,취업자,Employed persons,2026-01-27,101,201309,M,DT_1DA9003S,산업별 계절조정 취업자,천명,Thousand Person
70,M 전문 과학 및 기술 서비스업,M Professional scientific and technical activities,산업별,By industry,1023.9,T30,취업자,Employed persons,2026-01-27,101,201310,M,DT_1DA9003S,산업별 계절조정 취업자,천명,Thousand Person
70,M 전문 과학 및 기술 서비스업,M Professional scientific and technical activities,산업별,By industry,1033,T30,취업자,Employed persons,2026-01-27,101,201311,M,DT_1DA9003S,산업별 계절조정 취업자,천명,Thousand Person
70,M 전문 과학 및 기술 서비스업,M Professional scientific and technical activities,산업별,By industry,1029.3,T30,취업자,Employed persons,2026-01-27,101,201312,M,DT_1DA9003S,산업별 계절조정 취업자,천명,Thousand Person
70,M 전문 과학 및 기술 서비스업,M Professional scientific and technical activities,산업별,By industry,1035.8,T30,취업자,Employed persons,2026-01-27,101,201401,M,DT_1DA9003S,산업별 계절조정 취업자,천명,Thousand Person
70,M 전문 과학 및 기술 서비스업,M Professional scientific and technical activities,산업별,By industry,1028.1,T30,취업자,Employed persons,2026-01-27,101,201402,M,DT_1DA9003S,산업별 계절조정 취업자,천명,Thousand Person
70,M 전문 과학 및 기술 서비스업,M Professional scientific and technical activities,산업별,By industry,1026.9,T30,취업자,Employed persons,2026-01-27,101,201403,M,DT_1DA9003S,산업별 계절조정 취업자,천명,Thousand Person
70,M 전문 과학 및 기술 서비스업,M Professional scientific and technical activities,산업별,By industry,1035.1,T30,취업자,Employed persons,2026-01-27,101,201404,M,DT_1DA9003S,산업별 계절조정 취업자,천명,Thousand Person
70,M 전문 과학 및 기술 서비스업,M Professional scientific and technical activities,산업별,By industry,1017.6,T30,취업자,Employed persons,2026-01-27,101,201405,M,DT_1DA9003S,산업별 계절조정 취업자,천명,Thousand Person
70,M 전문 과학 및 기술 서비스업,M Professional scientific and technical activities,산업별,By industry,1026.3,T30,취업자,Employed persons,2026-01-27,101,201406,M,DT_1DA9003S,산업별 계절조정 취업자,천명,Thousand Person
70,M 전문 과학 및 기술 서비스업,M Professional scientific and technical activities,산업별,By industry,1042.3,T30,취업자,Employed persons,2026-01-27,101,201407,M,DT_1DA9003S,산업별 계절조정 취업자,천명,Thousand Person
70,M 전문 과학 및 기술 서비스업,M Professional scientific and technical activities,산업별,By industry,1042.6,T30,취업자,Employed persons,2026-01-27,101,201408,M,DT_1DA9003S,산업별 계절조정 취업자,천명,Thousand Person
70,M 전문 과학 및 기술 서비스업,M Professional scientific and technical activities,산업별,By industry,1028.4,T30,취업자,Employed persons,2026-01-27,101,201409,M,DT_1DA9003S,산업별 계절조정 취업자,천명,Thousand Person
70,M 전문 과학 및 기술 서비스업,M Professional scientific and technical activities,산업별,By industry,1039.7,T30,취업자,Employed persons,2026-01-27,101,201410,M,DT_1DA9003S,산업별 계절조정 취업자,천명,Thousand Person
70,M 전문 과학 및 기술 서비스업,M Professional scientific and technical activities,산업별,By industry,1045.4,T30,취업자,Employed persons,2026-01-27,101,201411,M,DT_1DA9003S,산업별 계절조정 취업자,천명,Thousand Person
70,M 전문 과학 및 기술 서비스업,M Professional scientific and technical activities,산업별,By industry,1038.6,T30,취업자,Employed persons,2026-01-27,101,201412,M,DT_1DA9003S,산업별 계절조정 취업자,천명,Thousand Person
70,M 전문 과학 및 기술 서비스업,M Professional scientific and technical activities,산업별,By industry,1031.8,T30,취업자,Employed persons,2026-01-27,101,201501,M,DT_1DA9003S,산업별 계절조정 취업자,천명,Thousand Person
70,M 전문 과학 및 기술 서비스업,M Professional scientific and technical activities,산업별,By industry,1043.3,T30,취업자,Employed persons,2026-01-27,101,201502,M,DT_1DA9003S,산업별 계절조정 취업자,천명,Thousand Person
70,M 전문 과학 및 기술 서비스업,M Professional scientific and technical activities,산업별,By industry,1022.3,T30,취업자,Employed persons,2026-01-27,101,201503,M,DT_1DA9003S,산업별 계절조정 취업자,천명,Thousand Person
70,M 전문 과학 및 기술 서비스업,M Professional scientific and technical activities,산업별,By industry,1017.6,T30,취업자,Employed persons,2026-01-27,101,201504,M,DT_1DA9003S,산업별 계절조정 취업자,천명,Thousand Person
70,M 전문 과학 및 기술 서비스업,M Professional scientific and technical activities,산업별,By industry,1043.1,T30,취업자,Employed persons,2026-01-27,101,201505,M,DT_1DA9003S,산업별 계절조정 취업자,천명,Thousand Person
70,M 전문 과학 및 기술 서비스업,M Professional scientific and technical activities,산업별,By industry,1048.1,T30,취업자,Employed persons,2026-01-27,101,201506,M,DT_1DA9003S,산업별 계절조정 취업자,천명,Thousand Person
70,M 전문 과학 및 기술 서비스업,M Professional scientific and technical activities,산업별,By industry,1067.6,T30,취업자,Employed persons,2026-01-27,101,201507,M,DT_1DA9003S,산업별 계절조정 취업자,천명,Thousand Person
70,M 전문 과학 및 기술 서비스업,M Professional scientific and technical activities,산업별,By industry,1069.5,T30,취업자,Employed persons,2026-01-27,101,201508,M,DT_1DA9003S,산업별 계절조정 취업자,천명,Thousand Person
70,M 전문 과학 및 기술 서비스업,M Professional scientific and technical activities,산업별,By industry,1068.8,T30,취업자,Employed persons,2026-01-27,101,201509,M,DT_1DA9003S,산업별 계절조정 취업자,천명,Thousand Person
70,M 전문 과학 및 기술 서비스업,M Professional scientific and technical activities,산업별,By industry,1061,T30,취업자,Employed persons,2026-01-27,101,201510,M,DT_1DA9003S,산업별 계절조정 취업자,천명,Thousand Person
70,M 전문 과학 및 기술 서비스업,M Professional scientific and technical activities,산업별,By industry,1090.6,T30,취업자,Employed persons,2026-01-27,101,201511,M,DT_1DA9003S,산업별 계절조정 취업자,천명,Thousand Person
70,M 전문 과학 및 기술 서비스업,M Professional scientific and technical activities,산업별,By industry,1091.9,T30,취업자,Employed persons,2026-01-27,101,201512,M,DT_1DA9003S,산업별 계절조정 취업자,천명,Thousand Person
70,M 전문 과학 및 기술 서비스업,M Professional scientific and technical activities,산업별,By industry,1081.7,T30,취업자,Employed persons,2026-01-27,101,201601,M,DT_1DA9003S,산업별 계절조정 취업자,천명,Thousand Person
70,M 전문 과학 및 기술 서비스업,M Professional scientific and technical activities,산업별,By industry,1084.5,T30,취업자,Employed persons,2026-01-27,101,201602,M,DT_1DA9003S,산업별 계절조정 취업자,천명,Thousand Person
70,M 전문 과학 및 기술 서비스업,M Professional scientific and technical activities,산업별,By industry,1078.2,T30,취업자,Employed persons,2026-01-27,101,201603,M,DT_1DA9003S,산업별 계절조정 취업자,천명,Thousand Person
70,M 전문 과학 및 기술 서비스업,M Professional scientific and technical activities,산업별,By industry,1091.4,T30,취업자,Employed persons,2026-01-27,101,201604,M,DT_1DA9003S,산업별 계절조정 취업자,천명,Thousand Person
70,M 전문 과학 및 기술 서비스업,M Professional scientific and technical activities,산업별,By industry,1107.7,T30,취업자,Employed persons,2026-01-27,101,201605,M,DT_1DA9003S,산업별 계절조정 취업자,천명,Thousand Person
70,M 전문 과학 및 기술 서비스업,M Professional scientific and technical activities,산업별,By industry,1123.1,T30,취업자,Employed persons,2026-01-27,101,201606,M,DT_1DA9003S,산업별 계절조정 취업자,천명,Thousand Person
70,M 전문 과학 및 기술 서비스업,M Professional scientific and technical activities,산업별,By industry,1120.6,T30,취업자,Employed persons,2026-01-27,101,201607,M,DT_1DA9003S,산업별 계절조정 취업자,천명,Thousand Person
70,M 전문 과학 및 기술 서비스업,M Professional scientific and technical activities,산업별,By industry,1098.4,T30,취업자,Employed persons,2026-01-27,101,201608,M,DT_1DA9003S,산업별 계절조정 취업자,천명,Thousand Person
70,M 전문 과학 및 기술 서비스업,M Professional scientific and technical activities,산업별,By industry,1104.5,T30,취업자,Employed persons,2026-01-27,101,201609,M,DT_1DA9003S,산업별 계절조정 취업자,천명,Thousand Person
70,M 전문 과학 및 기술 서비스업,M Professional scientific and technical activities,산업별,By industry,1107.2,T30,취업자,Employed persons,2026-01-27,101,201610,M,DT_1DA9003S,산업별 계절조정 취업자,천명,Thousand Person
70,M 전문 과학 및 기술 서비스업,M Professional scientific and technical activities,산업별,By industry,1106,T30,취업자,Employed persons,2026-01-27,101,201611,M,DT_1DA9003S,산업별 계절조정 취업자,천명,Thousand Person
70,M 전문 과학 및 기술 서비스업,M Professional scientific and technical activities,산업별,By industry,1110,T30,취업자,Employed persons,2026-01-27,101,201612,M,DT_1DA9003S,산업별 계절조정 취업자,천명,Thousand Person
70,M 전문 과학 및 기술 서비스업,M Professional scientific and technical activities,산업별,By industry,1106,T30,취업자,Employed persons,2026-01-27,101,201701,M,DT_1DA9003S,산업별 계절조정 취업자,천명,Thousand Person
70,M 전문 과학 및 기술 서비스업,M Professional scientific and technical activities,산업별,By industry,1105.2,T30,취업자,Employed persons,2026-01-27,101,201702,M,DT_1DA9003S,산업별 계절조정 취업자,천명,Thousand Person
70,M 전문 과학 및 기술 서비스업,M Professional scientific and technical activities,산업별,By industry,1096.1,T30,취업자,Employed persons,2026-01-27,101,201703,M,DT_1DA9003S,산업별 계절조정 취업자,천명,Thousand Person
70,M 전문 과학 및 기술 서비스업,M Professional scientific and technical activities,산업별,By industry,1099.5,T30,취업자,Employed persons,2026-01-27,101,201704,M,DT_1DA9003S,산업별 계절조정 취업자,천명,Thousand Person
70,M 전문 과학 및 기술 서비스업,M Professional scientific and technical activities,산업별,By industry,1103.3,T30,취업자,Employed persons,2026-01-27,101,201705,M,DT_1DA9003S,산업별 계절조정 취업자,천명,Thousand Person
70,M 전문 과학 및 기술 서비스업,M Professional scientific and technical activities,산업별,By industry,1095.6,T30,취업자,Employed persons,2026-01-27,101,201706,M,DT_1DA9003S,산업별 계절조정 취업자,천명,Thousand Person
70,M 전문 과학 및 기술 서비스업,M Professional scientific and technical activities,산업별,By industry,1096,T30,취업자,Employed persons,2026-01-27,101,201707,M,DT_1DA9003S,산업별 계절조정 취업자,천명,Thousand Person
70,M 전문 과학 및 기술 서비스업,M Professional scientific and technical activities,산업별,By industry,1067.8,T30,취업자,Employed persons,2026-01-27,101,201708,M,DT_1DA9003S,산업별 계절조정 취업자,천명,Thousand Person
70,M 전문 과학 및 기술 서비스업,M Professional scientific and technical activities,산업별,By industry,1062,T30,취업자,Employed persons,2026-01-27,101,201709,M,DT_1DA9003S,산업별 계절조정 취업자,천명,Thousand Person
70,M 전문 과학 및 기술 서비스업,M Professional scientific and technical activities,산업별,By industry,1090.3,T30,취업자,Employed persons,2026-01-27,101,201710,M,DT_1DA9003S,산업별 계절조정 취업자,천명,Thousand Person
70,M 전문 과학 및 기술 서비스업,M Professional scientific and technical activities,산업별,By industry,1092.3,T30,취업자,Employed persons,2026-01-27,101,201711,M,DT_1DA9003S,산업별 계절조정 취업자,천명,Thousand Person
70,M 전문 과학 및 기술 서비스업,M Professional scientific and technical activities,산업별,By industry,1091.2,T30,취업자,Employed persons,2026-01-27,101,201712,M,DT_1DA9003S,산업별 계절조정 취업자,천명,Thousand Person
70,M 전문 과학 및 기술 서비스업,M Professional scientific and technical activities,산업별,By industry,1096.6,T30,취업자,Employed persons,2026-01-27,101,201801,M,DT_1DA9003S,산업별 계절조정 취업자,천명,Thousand Person
70,M 전문 과학 및 기술 서비스업,M Professional scientific and technical activities,산업별,By industry,1081.9,T30,취업자,Employed persons,2026-01-27,101,201802,M,DT_1DA9003S,산업별 계절조정 취업자,천명,Thousand Person
70,M 전문 과학 및 기술 서비스업,M Professional scientific and technical activities,산업별,By industry,1075.2,T30,취업자,Employed persons,2026-01-27,101,201803,M,DT_1DA9003S,산업별 계절조정 취업자,천명,Thousand Person
70,M 전문 과학 및 기술 서비스업,M Professional scientific and technical activities,산업별,By industry,1076.7,T30,취업자,Employed persons,2026-01-27,101,201804,M,DT_1DA9003S,산업별 계절조정 취업자,천명,Thousand Person
70,M 전문 과학 및 기술 서비스업,M Professional scientific and technical activities,산업별,By industry,1101.8,T30,취업자,Employed persons,2026-01-27,101,201805,M,DT_1DA9003S,산업별 계절조정 취업자,천명,Thousand Person
70,M 전문 과학 및 기술 서비스업,M Professional scientific and technical activities,산업별,By industry,1117,T30,취업자,Employed persons,2026-01-27,101,201806,M,DT_1DA9003S,산업별 계절조정 취업자,천명,Thousand Person
70,M 전문 과학 및 기술 서비스업,M Professional scientific and technical activities,산업별,By industry,1099.6,T30,취업자,Employed persons,2026-01-27,101,201807,M,DT_1DA9003S,산업별 계절조정 취업자,천명,Thousand Person
70,M 전문 과학 및 기술 서비스업,M Professional scientific and technical activities,산업별,By industry,1100.8,T30,취업자,Employed persons,2026-01-27,101,201808,M,DT_1DA9003S,산업별 계절조정 취업자,천명,Thousand Person
70,M 전문 과학 및 기술 서비스업,M Professional scientific and technical activities,산업별,By industry,1104.2,T30,취업자,Employed persons,2026-01-27,101,201809,M,DT_1DA9003S,산업별 계절조정 취업자,천명,Thousand Person
70,M 전문 과학 및 기술 서비스업,M Professional scientific and technical activities,산업별,By industry,1095.8,T30,취업자,Employed persons,2026-01-27,101,201810,M,DT_1DA9003S,산업별 계절조정 취업자,천명,Thousand Person
70,M 전문 과학 및 기술 서비스업,M Professional scientific and technical activities,산업별,By industry,1108.6,T30,취업자,Employed persons,2026-01-27,101,201811,M,DT_1DA9003S,산업별 계절조정 취업자,천명,Thousand Person
70,M 전문 과학 및 기술 서비스업,M Professional scientific and technical activities,산업별,By industry,1097.4,T30,취업자,Employed persons,2026-01-27,101,201812,M,DT_1DA9003S,산업별 계절조정 취업자,천명,Thousand Person
70,M 전문 과학 및 기술 서비스업,M Professional scientific and technical activities,산업별,By industry,1135.3,T30,취업자,Employed persons,2026-01-27,101,201901,M,DT_1DA9003S,산업별 계절조정 취업자,천명,Thousand Person
70,M 전문 과학 및 기술 서비스업,M Professional scientific and technical activities,산업별,By industry,1148.6,T30,취업자,Employed persons,2026-01-27,101,201902,M,DT_1DA9003S,산업별 계절조정 취업자,천명,Thousand Person
70,M 전문 과학 및 기술 서비스업,M Professional scientific and technical activities,산업별,By industry,1158.2,T30,취업자,Employed persons,2026-01-27,101,201903,M,DT_1DA9003S,산업별 계절조정 취업자,천명,Thousand Person
70,M 전문 과학 및 기술 서비스업,M Professional scientific and technical activities,산업별,By industry,1125.4,T30,취업자,Employed persons,2026-01-27,101,201904,M,DT_1DA9003S,산업별 계절조정 취업자,천명,Thousand Person
70,M 전문 과학 및 기술 서비스업,M Professional scientific and technical activities,산업별,By industry,1138.6,T30,취업자,Employed persons,2026-01-27,101,201905,M,DT_1DA9003S,산업별 계절조정 취업자,천명,Thousand Person
70,M 전문 과학 및 기술 서비스업,M Professional scientific and technical activities,산업별,By industry,1140.2,T30,취업자,Employed persons,2026-01-27,101,201906,M,DT_1DA9003S,산업별 계절조정 취업자,천명,Thousand Person
70,M 전문 과학 및 기술 서비스업,M Professional scientific and technical activities,산업별,By industry,1144,T30,취업자,Employed persons,2026-01-27,101,201907,M,DT_1DA9003S,산업별 계절조정 취업자,천명,Thousand Person
70,M 전문 과학 및 기술 서비스업,M Professional scientific and technical activities,산업별,By industry,1160.8,T30,취업자,Employed persons,2026-01-27,101,201908,M,DT_1DA9003S,산업별 계절조정 취업자,천명,Thousand Person
70,M 전문 과학 및 기술 서비스업,M Professional scientific and technical activities,산업별,By industry,1186.9,T30,취업자,Employed persons,2026-01-27,101,201909,M,DT_1DA9003S,산업별 계절조정 취업자,천명,Thousand Person
70,M 전문 과학 및 기술 서비스업,M Professional scientific and technical activities,산업별,By industry,1181.9,T30,취업자,Employed persons,2026-01-27,101,201910,M,DT_1DA9003S,산업별 계절조정 취업자,천명,Thousand Person
70,M 전문 과학 및 기술 서비스업,M Professional scientific and technical activities,산업별,By industry,1185.5,T30,취업자,Employed persons,2026-01-27,101,201911,M,DT_1DA9003S,산업별 계절조정 취업자,천명,Thousand Person
70,M 전문 과학 및 기술 서비스업,M Professional scientific and technical activities,산업별,By industry,1174.9,T30,취업자,Employed persons,2026-01-27,101,201912,M,DT_1DA9003S,산업별 계절조정 취업자,천명,Thousand Person
70,M 전문 과학 및 기술 서비스업,M Professional scientific and technical activities,산업별,By industry,1184.5,T30,취업자,Employed persons,2026-01-27,101,202001,M,DT_1DA9003S,산업별 계절조정 취업자,천명,Thousand Person
70,M 전문 과학 및 기술 서비스업,M Professional scientific and technical activities,산업별,By industry,1184.8,T30,취업자,Employed persons,2026-01-27,101,202002,M,DT_1DA9003S,산업별 계절조정 취업자,천명,Thousand Person
70,M 전문 과학 및 기술 서비스업,M Professional scientific and technical activities,산업별,By industry,1131.5,T30,취업자,Employed persons,2026-01-27,101,202003,M,DT_1DA9003S,산업별 계절조정 취업자,천명,Thousand Person
70,M 전문 과학 및 기술 서비스업,M Professional scientific and technical activities,산업별,By industry,1143.9,T30,취업자,Employed persons,2026-01-27,101,202004,M,DT_1DA9003S,산업별 계절조정 취업자,천명,Thousand Person
70,M 전문 과학 및 기술 서비스업,M Professional scientific and technical activities,산업별,By industry,1150.5,T30,취업자,Employed persons,2026-01-27,101,202005,M,DT_1DA9003S,산업별 계절조정 취업자,천명,Thousand Person
70,M 전문 과학 및 기술 서비스업,M Professional scientific and technical activities,산업별,By industry,1146.6,T30,취업자,Employed persons,2026-01-27,101,202006,M,DT_1DA9003S,산업별 계절조정 취업자,천명,Thousand Person
70,M 전문 과학 및 기술 서비스업,M Professional scientific and technical activities,산업별,By industry,1161.4,T30,취업자,Employed persons,2026-01-27,101,202007,M,DT_1DA9003S,산업별 계절조정 취업자,천명,Thousand Person
70,M 전문 과학 및 기술 서비스업,M Professional scientific and technical activities,산업별,By industry,1160.3,T30,취업자,Employed persons,2026-01-27,101,202008,M,DT_1DA9003S,산업별 계절조정 취업자,천명,Thousand Person
70,M 전문 과학 및 기술 서비스업,M Professional scientific and technical activities,산업별,By industry,1168.5,T30,취업자,Employed persons,2026-01-27,101,202009,M,DT_1DA9003S,산업별 계절조정 취업자,천명,Thousand Person
70,M 전문 과학 및 기술 서비스업,M Professional scientific and technical activities,산업별,By industry,1173.1,T30,취업자,Employed persons,2026-01-27,101,202010,M,DT_1DA9003S,산업별 계절조정 취업자,천명,Thousand Person
70,M 전문 과학 및 기술 서비스업,M Professional scientific and technical activities,산업별,By industry,1176.4,T30,취업자,Employed persons,2026-01-27,101,202011,M,DT_1DA9003S,산업별 계절조정 취업자,천명,Thousand Person
70,M 전문 과학 및 기술 서비스업,M Professional scientific and technical activities,산업별,By industry,1186.8,T30,취업자,Employed persons,2026-01-27,101,202012,M,DT_1DA9003S,산업별 계절조정 취업자,천명,Thousand Person
70,M 전문 과학 및 기술 서비스업,M Professional scientific and technical activities,산업별,By industry,1169.8,T30,취업자,Employed persons,2026-01-27,101,202101,M,DT_1DA9003S,산업별 계절조정 취업자,천명,Thousand Person
70,M 전문 과학 및 기술 서비스업,M Professional scientific and technical activities,산업별,By industry,1176.4,T30,취업자,Employed persons,2026-01-27,101,202102,M,DT_1DA9003S,산업별 계절조정 취업자,천명,Thousand Person
70,M 전문 과학 및 기술 서비스업,M Professional scientific and technical activities,산업별,By industry,1196.3,T30,취업자,Employed persons,2026-01-27,101,202103,M,DT_1DA9003S,산업별 계절조정 취업자,천명,Thousand Person
70,M 전문 과학 및 기술 서비스업,M Professional scientific and technical activities,산업별,By industry,1208.1,T30,취업자,Employed persons,2026-01-27,101,202104,M,DT_1DA9003S,산업별 계절조정 취업자,천명,Thousand Person
70,M 전문 과학 및 기술 서비스업,M Professional scientific and technical activities,산업별,By industry,1208.1,T30,취업자,Employed persons,2026-01-27,101,202105,M,DT_1DA9003S,산업별 계절조정 취업자,천명,Thousand Person
70,M 전문 과학 및 기술 서비스업,M Professional scientific and technical activities,산업별,By industry,1233.2,T30,취업자,Employed persons,2026-01-27,101,202106,M,DT_1DA9003S,산업별 계절조정 취업자,천명,Thousand Person
70,M 전문 과학 및 기술 서비스업,M Professional scientific and technical activities,산업별,By industry,1218.2,T30,취업자,Employed persons,2026-01-27,101,202107,M,DT_1DA9003S,산업별 계절조정 취업자,천명,Thousand Person
70,M 전문 과학 및 기술 서비스업,M Professional scientific and technical activities,산업별,By industry,1215.7,T30,취업자,Employed persons,2026-01-27,101,202108,M,DT_1DA9003S,산업별 계절조정 취업자,천명,Thousand Person
70,M 전문 과학 및 기술 서비스업,M Professional scientific and technical activities,산업별,By industry,1227.6,T30,취업자,Employed persons,2026-01-27,101,202109,M,DT_1DA9003S,산업별 계절조정 취업자,천명,Thousand Person
70,M 전문 과학 및 기술 서비스업,M Professional scientific and technical activities,산업별,By industry,1237,T30,취업자,Employed persons,2026-01-27,101,202110,M,DT_1DA9003S,산업별 계절조정 취업자,천명,Thousand Person
70,M 전문 과학 및 기술 서비스업,M Professional scientific and technical activities,산업별,By industry,1263.2,T30,취업자,Employed persons,2026-01-27,101,202111,M,DT_1DA9003S,산업별 계절조정 취업자,천명,Thousand Person
70,M 전문 과학 및 기술 서비스업,M Professional scientific and technical activities,산업별,By industry,1278.6,T30,취업자,Employed persons,2026-01-27,101,202112,M,DT_1DA9003S,산업별 계절조정 취업자,천명,Thousand Person
70,M 전문 과학 및 기술 서비스업,M Professional scientific and technical activities,산업별,By industry,1284.7,T30,취업자,Employed persons,2026-01-27,101,202201,M,DT_1DA9003S,산업별 계절조정 취업자,천명,Thousand Person
70,M 전문 과학 및 기술 서비스업,M Professional scientific and technical activities,산업별,By industry,1281.1,T30,취업자,Employed persons,2026-01-27,101,202202,M,DT_1DA9003S,산업별 계절조정 취업자,천명,Thousand Person
70,M 전문 과학 및 기술 서비스업,M Professional scientific and technical activities,산업별,By industry,1268.4,T30,취업자,Employed persons,2026-01-27,101,202203,M,DT_1DA9003S,산업별 계절조정 취업자,천명,Thousand Person
70,M 전문 과학 및 기술 서비스업,M Professional scientific and technical activities,산업별,By industry,1257.6,T30,취업자,Employed persons,2026-01-27,101,202204,M,DT_1DA9003S,산업별 계절조정 취업자,천명,Thousand Person
70,M 전문 과학 및 기술 서비스업,M Professional scientific and technical activities,산업별,By industry,1276.6,T30,취업자,Employed persons,2026-01-27,101,202205,M,DT_1DA9003S,산업별 계절조정 취업자,천명,Thousand Person
70,M 전문 과학 및 기술 서비스업,M Professional scientific and technical activities,산업별,By industry,1274.5,T30,취업자,Employed persons,2026-01-27,101,202206,M,DT_1DA9003S,산업별 계절조정 취업자,천명,Thousand Person
70,M 전문 과학 및 기술 서비스업,M Professional scientific and technical activities,산업별,By industry,1303.7,T30,취업자,Employed persons,2026-01-27,101,202207,M,DT_1DA9003S,산업별 계절조정 취업자,천명,Thousand Person
70,M 전문 과학 및 기술 서비스업,M Professional scientific and technical activities,산업별,By industry,1295.2,T30,취업자,Employed persons,2026-01-27,101,202208,M,DT_1DA9003S,산업별 계절조정 취업자,천명,Thousand Person
70,M 전문 과학 및 기술 서비스업,M Professional scientific and technical activities,산업별,By industry,1292.2,T30,취업자,Employed persons,2026-01-27,101,202209,M,DT_1DA9003S,산업별 계절조정 취업자,천명,Thousand Person
70,M 전문 과학 및 기술 서비스업,M Professional scientific and technical activities,산업별,By industry,1293.1,T30,취업자,Employed persons,2026-01-27,101,202210,M,DT_1DA9003S,산업별 계절조정 취업자,천명,Thousand Person
70,M 전문 과학 및 기술 서비스업,M Professional scientific and technical activities,산업별,By industry,1303.7,T30,취업자,Employed persons,2026-01-27,101,202211,M,DT_1DA9003S,산업별 계절조정 취업자,천명,Thousand Person
70,M 전문 과학 및 기술 서비스업,M Professional scientific and technical activities,산업별,By industry,1323.4,T30,취업자,Employed persons,2026-01-27,101,202212,M,DT_1DA9003S,산업별 계절조정 취업자,천명,Thousand Person
70,M 전문 과학 및 기술 서비스업,M Professional scientific and technical activities,산업별,By industry,1314.8,T30,취업자,Employed persons,2026-01-27,101,202301,M,DT_1DA9003S,산업별 계절조정 취업자,천명,Thousand Person
70,M 전문 과학 및 기술 서비스업,M Professional scientific and technical activities,산업별,By industry,1320.5,T30,취업자,Employed persons,2026-01-27,101,202302,M,DT_1DA9003S,산업별 계절조정 취업자,천명,Thousand Person
70,M 전문 과학 및 기술 서비스업,M Professional scientific and technical activities,산업별,By industry,1328.2,T30,취업자,Employed persons,2026-01-27,101,202303,M,DT_1DA9003S,산업별 계절조정 취업자,천명,Thousand Person
70,M 전문 과학 및 기술 서비스업,M Professional scientific and technical activities,산업별,By industry,1357.3,T30,취업자,Employed persons,2026-01-27,101,202304,M,DT_1DA9003S,산업별 계절조정 취업자,천명,Thousand Person
70,M 전문 과학 및 기술 서비스업,M Professional scientific and technical activities,산업별,By industry,1387.1,T30,취업자,Employed persons,2026-01-27,101,202305,M,DT_1DA9003S,산업별 계절조정 취업자,천명,Thousand Person
70,M 전문 과학 및 기술 서비스업,M Professional scientific and technical activities,산업별,By industry,1372.6,T30,취업자,Employed persons,2026-01-27,101,202306,M,DT_1DA9003S,산업별 계절조정 취업자,천명,Thousand Person
70,M 전문 과학 및 기술 서비스업,M Professional scientific and technical activities,산업별,By industry,1365.9,T30,취업자,Employed persons,2026-01-27,101,202307,M,DT_1DA9003S,산업별 계절조정 취업자,천명,Thousand Person
70,M 전문 과학 및 기술 서비스업,M Professional scientific and technical activities,산업별,By industry,1352,T30,취업자,Employed persons,2026-01-27,101,202308,M,DT_1DA9003S,산업별 계절조정 취업자,천명,Thousand Person
70,M 전문 과학 및 기술 서비스업,M Professional scientific and technical activities,산업별,By industry,1358.8,T30,취업자,Employed persons,2026-01-27,101,202309,M,DT_1DA9003S,산업별 계절조정 취업자,천명,Thousand Person
70,M 전문 과학 및 기술 서비스업,M Professional scientific and technical activities,산업별,By industry,1369.3,T30,취업자,Employed persons,2026-01-27,101,202310,M,DT_1DA9003S,산업별 계절조정 취업자,천명,Thousand Person
70,M 전문 과학 및 기술 서비스업,M Professional scientific and technical activities,산업별,By industry,1392.6,T30,취업자,Employed persons,2026-01-27,101,202311,M,DT_1DA9003S,산업별 계절조정 취업자,천명,Thousand Person
70,M 전문 과학 및 기술 서비스업,M Professional scientific and technical activities,산업별,By industry,1369.9,T30,취업자,Employed persons,2026-01-27,101,202312,M,DT_1DA9003S,산업별 계절조정 취업자,천명,Thousand Person
70,M 전문 과학 및 기술 서비스업,M Professional scientific and technical activities,산업별,By industry,1388,T30,취업자,Employed persons,2026-01-27,101,202401,M,DT_1DA9003S,산업별 계절조정 취업자,천명,Thousand Person
70,M 전문 과학 및 기술 서비스업,M Professional scientific and technical activities,산업별,By industry,1398.7,T30,취업자,Employed persons,2026-01-27,101,202402,M,DT_1DA9003S,산업별 계절조정 취업자,천명,Thousand Person
70,M 전문 과학 및 기술 서비스업,M Professional scientific and technical activities,산업별,By industry,1426.2,T30,취업자,Employed persons,2026-01-27,101,202403,M,DT_1DA9003S,산업별 계절조정 취업자,천명,Thousand Person
70,M 전문 과학 및 기술 서비스업,M Professional scientific and technical activities,산업별,By industry,1402.4,T30,취업자,Employed persons,2026-01-27,101,202404,M,DT_1DA9003S,산업별 계절조정 취업자,천명,Thousand Person
70,M 전문 과학 및 기술 서비스업,M Professional scientific and technical activities,산업별,By industry,1394.2,T30,취업자,Employed persons,2026-01-27,101,202405,M,DT_1DA9003S,산업별 계절조정 취업자,천명,Thousand Person
70,M 전문 과학 및 기술 서비스업,M Professional scientific and technical activities,산업별,By industry,1402.9,T30,취업자,Employed persons,2026-01-27,101,202406,M,DT_1DA9003S,산업별 계절조정 취업자,천명,Thousand Person
70,M 전문 과학 및 기술 서비스업,M Professional scientific and technical activities,산업별,By industry,1402.1,T30,취업자,Employed persons,2026-01-27,101,202407,M,DT_1DA9003S,산업별 계절조정 취업자,천명,Thousand Person
70,M 전문 과학 및 기술 서비스업,M Professional scientific and technical activities,산업별,By industry,1446.1,T30,취업자,Employed persons,2026-01-27,101,202408,M,DT_1DA9003S,산업별 계절조정 취업자,천명,Thousand Person
70,M 전문 과학 및 기술 서비스업,M Professional scientific and technical activities,산업별,By industry,1441.5,T30,취업자,Employed persons,2026-01-27,101,202409,M,DT_1DA9003S,산업별 계절조정 취업자,천명,Thousand Person
70,M 전문 과학 및 기술 서비스업,M Professional scientific and technical activities,산업별,By industry,1446.7,T30,취업자,Employed persons,2026-01-27,101,202410,M,DT_1DA9003S,산업별 계절조정 취업자,천명,Thousand Person
70,M 전문 과학 및 기술 서비스업,M Professional scientific and technical activities,산업별,By industry,1440.5,T30,취업자,Employed persons,2026-01-27,101,202411,M,DT_1DA9003S,산업별 계절조정 취업자,천명,Thousand Person
70,M 전문 과학 및 기술 서비스업,M Professional scientific and technical activities,산업별,By industry,1477.1,T30,취업자,Employed persons,2026-01-27,101,202412,M,DT_1DA9003S,산업별 계절조정 취업자,천명,Thousand Person
70,M 전문 과학 및 기술 서비스업,M Professional scientific and technical activities,산업별,By industry,1486.1,T30,취업자,Employed persons,2026-01-27,101,202501,M,DT_1DA9003S,산업별 계절조정 취업자,천명,Thousand Person
70,M 전문 과학 및 기술 서비스업,M Professional scientific and technical activities,산업별,By industry,1478.4,T30,취업자,Employed persons,2026-01-27,101,202502,M,DT_1DA9003S,산업별 계절조정 취업자,천명,Thousand Person
70,M 전문 과학 및 기술 서비스업,M Professional scientific and technical activities,산업별,By industry,1463.3,T30,취업자,Employed persons,2026-01-27,101,202503,M,DT_1DA9003S,산업별 계절조정 취업자,천명,Thousand Person
70,M 전문 과학 및 기술 서비스업,M Professional scientific and technical activities,산업별,By industry,1515.5,T30,취업자,Employed persons,2026-01-27,101,202504,M,DT_1DA9003S,산업별 계절조정 취업자,천명,Thousand Person
70,M 전문 과학 및 기술 서비스업,M Professional scientific and technical activities,산업별,By industry,1511,T30,취업자,Employed persons,2026-01-27,101,202505,M,DT_1DA9003S,산업별 계절조정 취업자,천명,Thousand Person
70,M 전문 과학 및 기술 서비스업,M Professional scientific and technical activities,산업별,By industry,1505.1,T30,취업자,Employed persons,2026-01-27,101,202506,M,DT_1DA9003S,산업별 계절조정 취업자,천명,Thousand Person
70,M 전문 과학 및 기술 서비스업,M Professional scientific and technical activities,산업별,By industry,1492.7,T30,취업자,Employed persons,2026-01-27,101,202507,M,DT_1DA9003S,산업별 계절조정 취업자,천명,Thousand Person
70,M 전문 과학 및 기술 서비스업,M Professional scientific and technical activities,산업별,By industry,1477.3,T30,취업자,Employed persons,2026-01-27,101,202508,M,DT_1DA9003S,산업별 계절조정 취업자,천명,Thousand Person
70,M 전문 과학 및 기술 서비스업,M Professional scientific and technical activities,산업별,By industry,1470.7,T30,취업자,Employed persons,2026-01-27,101,202509,M,DT_1DA9003S,산업별 계절조정 취업자,천명,Thousand Person
70,M 전문 과학 및 기술 서비스업,M Professional scientific and technical activities,산업별,By industry,1445.2,T30,취업자,Employed persons,2026-01-27,101,202510,M,DT_1DA9003S,산업별 계절조정 취업자,천명,Thousand Person
70,M 전문 과학 및 기술 서비스업,M Professional scientific and technical activities,산업별,By industry,1442.4,T30,취업자,Employed persons,2026-01-27,101,202511,M,DT_1DA9003S,산업별 계절조정 취업자,천명,Thousand Person
70,M 전문 과학 및 기술 서비스업,M Professional scientific and technical activities,산업별,By industry,1420.7,T30,취업자,Employed persons,2026-01-27,101,202512,M,DT_1DA9003S,산업별 계절조정 취업자,천명,Thousand Person
74,N 사업시설 관리 사업 지원 및 임대 서비스업,N Business facilities management and business support services; rental and leasing activities,산업별,By industry,1199.8,T30,취업자,Employed persons,2026-01-27,101,201301,M,DT_1DA9003S,산업별 계절조정 취업자,천명,Thousand Person
74,N 사업시설 관리 사업 지원 및 임대 서비스업,N Business facilities management and business support services; rental and leasing activities,산업별,By industry,1221.3,T30,취업자,Employed persons,2026-01-27,101,201302,M,DT_1DA9003S,산업별 계절조정 취업자,천명,Thousand Person
74,N 사업시설 관리 사업 지원 및 임대 서비스업,N Business facilities management and business support services; rental and leasing activities,산업별,By industry,1245.2,T30,취업자,Employed persons,2026-01-27,101,201303,M,DT_1DA9003S,산업별 계절조정 취업자,천명,Thousand Person
74,N 사업시설 관리 사업 지원 및 임대 서비스업,N Business facilities management and business support services; rental and leasing activities,산업별,By industry,1260.4,T30,취업자,Employed persons,2026-01-27,101,201304,M,DT_1DA9003S,산업별 계절조정 취업자,천명,Thousand Person
74,N 사업시설 관리 사업 지원 및 임대 서비스업,N Business facilities management and business support services; rental and leasing activities,산업별,By industry,1255.2,T30,취업자,Employed persons,2026-01-27,101,201305,M,DT_1DA9003S,산업별 계절조정 취업자,천명,Thousand Person
74,N 사업시설 관리 사업 지원 및 임대 서비스업,N Business facilities management and business support services; rental and leasing activities,산업별,By industry,1225.4,T30,취업자,Employed persons,2026-01-27,101,201306,M,DT_1DA9003S,산업별 계절조정 취업자,천명,Thousand Person
74,N 사업시설 관리 사업 지원 및 임대 서비스업,N Business facilities management and business support services; rental and leasing activities,산업별,By industry,1218.1,T30,취업자,Employed persons,2026-01-27,101,201307,M,DT_1DA9003S,산업별 계절조정 취업자,천명,Thousand Person
74,N 사업시설 관리 사업 지원 및 임대 서비스업,N Business facilities management and business support services; rental and leasing activities,산업별,By industry,1209.1,T30,취업자,Employed persons,2026-01-27,101,201308,M,DT_1DA9003S,산업별 계절조정 취업자,천명,Thousand Person
74,N 사업시설 관리 사업 지원 및 임대 서비스업,N Business facilities management and business support services; rental and leasing activities,산업별,By industry,1226.8,T30,취업자,Employed persons,2026-01-27,101,201309,M,DT_1DA9003S,산업별 계절조정 취업자,천명,Thousand Person
74,N 사업시설 관리 사업 지원 및 임대 서비스업,N Business facilities management and business support services; rental and leasing activities,산업별,By industry,1219.5,T30,취업자,Employed persons,2026-01-27,101,201310,M,DT_1DA9003S,산업별 계절조정 취업자,천명,Thousand Person
74,N 사업시설 관리 사업 지원 및 임대 서비스업,N Business facilities management and business support services; rental and leasing activities,산업별,By industry,1224.3,T30,취업자,Employed persons,2026-01-27,101,201311,M,DT_1DA9003S,산업별 계절조정 취업자,천명,Thousand Person
74,N 사업시설 관리 사업 지원 및 임대 서비스업,N Business facilities management and business support services; rental and leasing activities,산업별,By industry,1224.3,T30,취업자,Employed persons,2026-01-27,101,201312,M,DT_1DA9003S,산업별 계절조정 취업자,천명,Thousand Person
74,N 사업시설 관리 사업 지원 및 임대 서비스업,N Business facilities management and business support services; rental and leasing activities,산업별,By industry,1260.4,T30,취업자,Employed persons,2026-01-27,101,201401,M,DT_1DA9003S,산업별 계절조정 취업자,천명,Thousand Person
74,N 사업시설 관리 사업 지원 및 임대 서비스업,N Business facilities management and business support services; rental and leasing activities,산업별,By industry,1242.6,T30,취업자,Employed persons,2026-01-27,101,201402,M,DT_1DA9003S,산업별 계절조정 취업자,천명,Thousand Person
74,N 사업시설 관리 사업 지원 및 임대 서비스업,N Business facilities management and business support services; rental and leasing activities,산업별,By industry,1223,T30,취업자,Employed persons,2026-01-27,101,201403,M,DT_1DA9003S,산업별 계절조정 취업자,천명,Thousand Person
74,N 사업시설 관리 사업 지원 및 임대 서비스업,N Business facilities management and business support services; rental and leasing activities,산업별,By industry,1243.3,T30,취업자,Employed persons,2026-01-27,101,201404,M,DT_1DA9003S,산업별 계절조정 취업자,천명,Thousand Person
74,N 사업시설 관리 사업 지원 및 임대 서비스업,N Business facilities management and business support services; rental and leasing activities,산업별,By industry,1244.7,T30,취업자,Employed persons,2026-01-27,101,201405,M,DT_1DA9003S,산업별 계절조정 취업자,천명,Thousand Person
74,N 사업시설 관리 사업 지원 및 임대 서비스업,N Business facilities management and business support services; rental and leasing activities,산업별,By industry,1235.5,T30,취업자,Employed persons,2026-01-27,101,201406,M,DT_1DA9003S,산업별 계절조정 취업자,천명,Thousand Person
74,N 사업시설 관리 사업 지원 및 임대 서비스업,N Business facilities management and business support services; rental and leasing activities,산업별,By industry,1235.1,T30,취업자,Employed persons,2026-01-27,101,201407,M,DT_1DA9003S,산업별 계절조정 취업자,천명,Thousand Person
74,N 사업시설 관리 사업 지원 및 임대 서비스업,N Business facilities management and business support services; rental and leasing activities,산업별,By industry,1238.1,T30,취업자,Employed persons,2026-01-27,101,201408,M,DT_1DA9003S,산업별 계절조정 취업자,천명,Thousand Person
74,N 사업시설 관리 사업 지원 및 임대 서비스업,N Business facilities management and business support services; rental and leasing activities,산업별,By industry,1218.6,T30,취업자,Employed persons,2026-01-27,101,201409,M,DT_1DA9003S,산업별 계절조정 취업자,천명,Thousand Person
74,N 사업시설 관리 사업 지원 및 임대 서비스업,N Business facilities management and business support services; rental and leasing activities,산업별,By industry,1241.3,T30,취업자,Employed persons,2026-01-27,101,201410,M,DT_1DA9003S,산업별 계절조정 취업자,천명,Thousand Person
74,N 사업시설 관리 사업 지원 및 임대 서비스업,N Business facilities management and business support services; rental and leasing activities,산업별,By industry,1272.1,T30,취업자,Employed persons,2026-01-27,101,201411,M,DT_1DA9003S,산업별 계절조정 취업자,천명,Thousand Person
74,N 사업시설 관리 사업 지원 및 임대 서비스업,N Business facilities management and business support services; rental and leasing activities,산업별,By industry,1265.5,T30,취업자,Employed persons,2026-01-27,101,201412,M,DT_1DA9003S,산업별 계절조정 취업자,천명,Thousand Person
74,N 사업시설 관리 사업 지원 및 임대 서비스업,N Business facilities management and business support services; rental and leasing activities,산업별,By industry,1281.7,T30,취업자,Employed persons,2026-01-27,101,201501,M,DT_1DA9003S,산업별 계절조정 취업자,천명,Thousand Person
74,N 사업시설 관리 사업 지원 및 임대 서비스업,N Business facilities management and business support services; rental and leasing activities,산업별,By industry,1287.3,T30,취업자,Employed persons,2026-01-27,101,201502,M,DT_1DA9003S,산업별 계절조정 취업자,천명,Thousand Person
74,N 사업시설 관리 사업 지원 및 임대 서비스업,N Business facilities management and business support services; rental and leasing activities,산업별,By industry,1299.2,T30,취업자,Employed persons,2026-01-27,101,201503,M,DT_1DA9003S,산업별 계절조정 취업자,천명,Thousand Person
74,N 사업시설 관리 사업 지원 및 임대 서비스업,N Business facilities management and business support services; rental and leasing activities,산업별,By industry,1319.3,T30,취업자,Employed persons,2026-01-27,101,201504,M,DT_1DA9003S,산업별 계절조정 취업자,천명,Thousand Person
74,N 사업시설 관리 사업 지원 및 임대 서비스업,N Business facilities management and business support services; rental and leasing activities,산업별,By industry,1324.1,T30,취업자,Employed persons,2026-01-27,101,201505,M,DT_1DA9003S,산업별 계절조정 취업자,천명,Thousand Person
74,N 사업시설 관리 사업 지원 및 임대 서비스업,N Business facilities management and business support services; rental and leasing activities,산업별,By industry,1344.4,T30,취업자,Employed persons,2026-01-27,101,201506,M,DT_1DA9003S,산업별 계절조정 취업자,천명,Thousand Person
74,N 사업시설 관리 사업 지원 및 임대 서비스업,N Business facilities management and business support services; rental and leasing activities,산업별,By industry,1343.1,T30,취업자,Employed persons,2026-01-27,101,201507,M,DT_1DA9003S,산업별 계절조정 취업자,천명,Thousand Person
74,N 사업시설 관리 사업 지원 및 임대 서비스업,N Business facilities management and business support services; rental and leasing activities,산업별,By industry,1320.9,T30,취업자,Employed persons,2026-01-27,101,201508,M,DT_1DA9003S,산업별 계절조정 취업자,천명,Thousand Person
74,N 사업시설 관리 사업 지원 및 임대 서비스업,N Business facilities management and business support services; rental and leasing activities,산업별,By industry,1356.1,T30,취업자,Employed persons,2026-01-27,101,201509,M,DT_1DA9003S,산업별 계절조정 취업자,천명,Thousand Person
74,N 사업시설 관리 사업 지원 및 임대 서비스업,N Business facilities management and business support services; rental and leasing activities,산업별,By industry,1363.5,T30,취업자,Employed persons,2026-01-27,101,201510,M,DT_1DA9003S,산업별 계절조정 취업자,천명,Thousand Person
74,N 사업시설 관리 사업 지원 및 임대 서비스업,N Business facilities management and business support services; rental and leasing activities,산업별,By industry,1357.6,T30,취업자,Employed persons,2026-01-27,101,201511,M,DT_1DA9003S,산업별 계절조정 취업자,천명,Thousand Person
74,N 사업시설 관리 사업 지원 및 임대 서비스업,N Business facilities management and business support services; rental and leasing activities,산업별,By industry,1365,T30,취업자,Employed persons,2026-01-27,101,201512,M,DT_1DA9003S,산업별 계절조정 취업자,천명,Thousand Person
74,N 사업시설 관리 사업 지원 및 임대 서비스업,N Business facilities management and business support services; rental and leasing activities,산업별,By industry,1347.5,T30,취업자,Employed persons,2026-01-27,101,201601,M,DT_1DA9003S,산업별 계절조정 취업자,천명,Thousand Person
74,N 사업시설 관리 사업 지원 및 임대 서비스업,N Business facilities management and business support services; rental and leasing activities,산업별,By industry,1375.9,T30,취업자,Employed persons,2026-01-27,101,201602,M,DT_1DA9003S,산업별 계절조정 취업자,천명,Thousand Person
74,N 사업시설 관리 사업 지원 및 임대 서비스업,N Business facilities management and business support services; rental and leasing activities,산업별,By industry,1425.1,T30,취업자,Employed persons,2026-01-27,101,201603,M,DT_1DA9003S,산업별 계절조정 취업자,천명,Thousand Person
74,N 사업시설 관리 사업 지원 및 임대 서비스업,N Business facilities management and business support services; rental and leasing activities,산업별,By industry,1387.1,T30,취업자,Employed persons,2026-01-27,101,201604,M,DT_1DA9003S,산업별 계절조정 취업자,천명,Thousand Person
74,N 사업시설 관리 사업 지원 및 임대 서비스업,N Business facilities management and business support services; rental and leasing activities,산업별,By industry,1388.1,T30,취업자,Employed persons,2026-01-27,101,201605,M,DT_1DA9003S,산업별 계절조정 취업자,천명,Thousand Person
74,N 사업시설 관리 사업 지원 및 임대 서비스업,N Business facilities management and business support services; rental and leasing activities,산업별,By industry,1394.1,T30,취업자,Employed persons,2026-01-27,101,201606,M,DT_1DA9003S,산업별 계절조정 취업자,천명,Thousand Person
74,N 사업시설 관리 사업 지원 및 임대 서비스업,N Business facilities management and business support services; rental and leasing activities,산업별,By industry,1397.8,T30,취업자,Employed persons,2026-01-27,101,201607,M,DT_1DA9003S,산업별 계절조정 취업자,천명,Thousand Person
74,N 사업시설 관리 사업 지원 및 임대 서비스업,N Business facilities management and business support services; rental and leasing activities,산업별,By industry,1395.9,T30,취업자,Employed persons,2026-01-27,101,201608,M,DT_1DA9003S,산업별 계절조정 취업자,천명,Thousand Person
74,N 사업시설 관리 사업 지원 및 임대 서비스업,N Business facilities management and business support services; rental and leasing activities,산업별,By industry,1396.2,T30,취업자,Employed persons,2026-01-27,101,201609,M,DT_1DA9003S,산업별 계절조정 취업자,천명,Thousand Person
74,N 사업시설 관리 사업 지원 및 임대 서비스업,N Business facilities management and business support services; rental and leasing activities,산업별,By industry,1400.4,T30,취업자,Employed persons,2026-01-27,101,201610,M,DT_1DA9003S,산업별 계절조정 취업자,천명,Thousand Person
74,N 사업시설 관리 사업 지원 및 임대 서비스업,N Business facilities management and business support services; rental and leasing activities,산업별,By industry,1390.5,T30,취업자,Employed persons,2026-01-27,101,201611,M,DT_1DA9003S,산업별 계절조정 취업자,천명,Thousand Person
74,N 사업시설 관리 사업 지원 및 임대 서비스업,N Business facilities management and business support services; rental and leasing activities,산업별,By industry,1386.3,T30,취업자,Employed persons,2026-01-27,101,201612,M,DT_1DA9003S,산업별 계절조정 취업자,천명,Thousand Person
74,N 사업시설 관리 사업 지원 및 임대 서비스업,N Business facilities management and business support services; rental and leasing activities,산업별,By industry,1370,T30,취업자,Employed persons,2026-01-27,101,201701,M,DT_1DA9003S,산업별 계절조정 취업자,천명,Thousand Person
74,N 사업시설 관리 사업 지원 및 임대 서비스업,N Business facilities management and business support services; rental and leasing activities,산업별,By industry,1365.9,T30,취업자,Employed persons,2026-01-27,101,201702,M,DT_1DA9003S,산업별 계절조정 취업자,천명,Thousand Person
74,N 사업시설 관리 사업 지원 및 임대 서비스업,N Business facilities management and business support services; rental and leasing activities,산업별,By industry,1348.3,T30,취업자,Employed persons,2026-01-27,101,201703,M,DT_1DA9003S,산업별 계절조정 취업자,천명,Thousand Person
74,N 사업시설 관리 사업 지원 및 임대 서비스업,N Business facilities management and business support services; rental and leasing activities,산업별,By industry,1352.3,T30,취업자,Employed persons,2026-01-27,101,201704,M,DT_1DA9003S,산업별 계절조정 취업자,천명,Thousand Person
74,N 사업시설 관리 사업 지원 및 임대 서비스업,N Business facilities management and business support services; rental and leasing activities,산업별,By industry,1379.7,T30,취업자,Employed persons,2026-01-27,101,201705,M,DT_1DA9003S,산업별 계절조정 취업자,천명,Thousand Person
74,N 사업시설 관리 사업 지원 및 임대 서비스업,N Business facilities management and business support services; rental and leasing activities,산업별,By industry,1382.5,T30,취업자,Employed persons,2026-01-27,101,201706,M,DT_1DA9003S,산업별 계절조정 취업자,천명,Thousand Person
74,N 사업시설 관리 사업 지원 및 임대 서비스업,N Business facilities management and business support services; rental and leasing activities,산업별,By industry,1394.2,T30,취업자,Employed persons,2026-01-27,101,201707,M,DT_1DA9003S,산업별 계절조정 취업자,천명,Thousand Person
74,N 사업시설 관리 사업 지원 및 임대 서비스업,N Business facilities management and business support services; rental and leasing activities,산업별,By industry,1400,T30,취업자,Employed persons,2026-01-27,101,201708,M,DT_1DA9003S,산업별 계절조정 취업자,천명,Thousand Person
74,N 사업시설 관리 사업 지원 및 임대 서비스업,N Business facilities management and business support services; rental and leasing activities,산업별,By industry,1396.6,T30,취업자,Employed persons,2026-01-27,101,201709,M,DT_1DA9003S,산업별 계절조정 취업자,천명,Thousand Person
74,N 사업시설 관리 사업 지원 및 임대 서비스업,N Business facilities management and business support services; rental and leasing activities,산업별,By industry,1356.8,T30,취업자,Employed persons,2026-01-27,101,201710,M,DT_1DA9003S,산업별 계절조정 취업자,천명,Thousand Person
74,N 사업시설 관리 사업 지원 및 임대 서비스업,N Business facilities management and business support services; rental and leasing activities,산업별,By industry,1373.3,T30,취업자,Employed persons,2026-01-27,101,201711,M,DT_1DA9003S,산업별 계절조정 취업자,천명,Thousand Person
74,N 사업시설 관리 사업 지원 및 임대 서비스업,N Business facilities management and business support services; rental and leasing activities,산업별,By industry,1365.9,T30,취업자,Employed persons,2026-01-27,101,201712,M,DT_1DA9003S,산업별 계절조정 취업자,천명,Thousand Person
74,N 사업시설 관리 사업 지원 및 임대 서비스업,N Business facilities management and business support services; rental and leasing activities,산업별,By industry,1357.8,T30,취업자,Employed persons,2026-01-27,101,201801,M,DT_1DA9003S,산업별 계절조정 취업자,천명,Thousand Person
74,N 사업시설 관리 사업 지원 및 임대 서비스업,N Business facilities management and business support services; rental and leasing activities,산업별,By industry,1332.5,T30,취업자,Employed persons,2026-01-27,101,201802,M,DT_1DA9003S,산업별 계절조정 취업자,천명,Thousand Person
74,N 사업시설 관리 사업 지원 및 임대 서비스업,N Business facilities management and business support services; rental and leasing activities,산업별,By industry,1349.5,T30,취업자,Employed persons,2026-01-27,101,201803,M,DT_1DA9003S,산업별 계절조정 취업자,천명,Thousand Person
74,N 사업시설 관리 사업 지원 및 임대 서비스업,N Business facilities management and business support services; rental and leasing activities,산업별,By industry,1355.4,T30,취업자,Employed persons,2026-01-27,101,201804,M,DT_1DA9003S,산업별 계절조정 취업자,천명,Thousand Person
74,N 사업시설 관리 사업 지원 및 임대 서비스업,N Business facilities management and business support services; rental and leasing activities,산업별,By industry,1329.1,T30,취업자,Employed persons,2026-01-27,101,201805,M,DT_1DA9003S,산업별 계절조정 취업자,천명,Thousand Person
74,N 사업시설 관리 사업 지원 및 임대 서비스업,N Business facilities management and business support services; rental and leasing activities,산업별,By industry,1338.2,T30,취업자,Employed persons,2026-01-27,101,201806,M,DT_1DA9003S,산업별 계절조정 취업자,천명,Thousand Person
74,N 사업시설 관리 사업 지원 및 임대 서비스업,N Business facilities management and business support services; rental and leasing activities,산업별,By industry,1295,T30,취업자,Employed persons,2026-01-27,101,201807,M,DT_1DA9003S,산업별 계절조정 취업자,천명,Thousand Person
74,N 사업시설 관리 사업 지원 및 임대 서비스업,N Business facilities management and business support services; rental and leasing activities,산업별,By industry,1280.7,T30,취업자,Employed persons,2026-01-27,101,201808,M,DT_1DA9003S,산업별 계절조정 취업자,천명,Thousand Person
74,N 사업시설 관리 사업 지원 및 임대 서비스업,N Business facilities management and business support services; rental and leasing activities,산업별,By industry,1267,T30,취업자,Employed persons,2026-01-27,101,201809,M,DT_1DA9003S,산업별 계절조정 취업자,천명,Thousand Person
74,N 사업시설 관리 사업 지원 및 임대 서비스업,N Business facilities management and business support services; rental and leasing activities,산업별,By industry,1267.3,T30,취업자,Employed persons,2026-01-27,101,201810,M,DT_1DA9003S,산업별 계절조정 취업자,천명,Thousand Person
74,N 사업시설 관리 사업 지원 및 임대 서비스업,N Business facilities management and business support services; rental and leasing activities,산업별,By industry,1280.6,T30,취업자,Employed persons,2026-01-27,101,201811,M,DT_1DA9003S,산업별 계절조정 취업자,천명,Thousand Person
74,N 사업시설 관리 사업 지원 및 임대 서비스업,N Business facilities management and business support services; rental and leasing activities,산업별,By industry,1276.4,T30,취업자,Employed persons,2026-01-27,101,201812,M,DT_1DA9003S,산업별 계절조정 취업자,천명,Thousand Person
74,N 사업시설 관리 사업 지원 및 임대 서비스업,N Business facilities management and business support services; rental and leasing activities,산업별,By industry,1278.9,T30,취업자,Employed persons,2026-01-27,101,201901,M,DT_1DA9003S,산업별 계절조정 취업자,천명,Thousand Person
74,N 사업시설 관리 사업 지원 및 임대 서비스업,N Business facilities management and business support services; rental and leasing activities,산업별,By industry,1302.5,T30,취업자,Employed persons,2026-01-27,101,201902,M,DT_1DA9003S,산업별 계절조정 취업자,천명,Thousand Person
74,N 사업시설 관리 사업 지원 및 임대 서비스업,N Business facilities management and business support services; rental and leasing activities,산업별,By industry,1309,T30,취업자,Employed persons,2026-01-27,101,201903,M,DT_1DA9003S,산업별 계절조정 취업자,천명,Thousand Person
74,N 사업시설 관리 사업 지원 및 임대 서비스업,N Business facilities management and business support services; rental and leasing activities,산업별,By industry,1304.3,T30,취업자,Employed persons,2026-01-27,101,201904,M,DT_1DA9003S,산업별 계절조정 취업자,천명,Thousand Person
74,N 사업시설 관리 사업 지원 및 임대 서비스업,N Business facilities management and business support services; rental and leasing activities,산업별,By industry,1315.1,T30,취업자,Employed persons,2026-01-27,101,201905,M,DT_1DA9003S,산업별 계절조정 취업자,천명,Thousand Person
74,N 사업시설 관리 사업 지원 및 임대 서비스업,N Business facilities management and business support services; rental and leasing activities,산업별,By industry,1310.9,T30,취업자,Employed persons,2026-01-27,101,201906,M,DT_1DA9003S,산업별 계절조정 취업자,천명,Thousand Person
74,N 사업시설 관리 사업 지원 및 임대 서비스업,N Business facilities management and business support services; rental and leasing activities,산업별,By industry,1297.4,T30,취업자,Employed persons,2026-01-27,101,201907,M,DT_1DA9003S,산업별 계절조정 취업자,천명,Thousand Person
74,N 사업시설 관리 사업 지원 및 임대 서비스업,N Business facilities management and business support services; rental and leasing activities,산업별,By industry,1322.4,T30,취업자,Employed persons,2026-01-27,101,201908,M,DT_1DA9003S,산업별 계절조정 취업자,천명,Thousand Person
74,N 사업시설 관리 사업 지원 및 임대 서비스업,N Business facilities management and business support services; rental and leasing activities,산업별,By industry,1319.8,T30,취업자,Employed persons,2026-01-27,101,201909,M,DT_1DA9003S,산업별 계절조정 취업자,천명,Thousand Person
74,N 사업시설 관리 사업 지원 및 임대 서비스업,N Business facilities management and business support services; rental and leasing activities,산업별,By industry,1324.1,T30,취업자,Employed persons,2026-01-27,101,201910,M,DT_1DA9003S,산업별 계절조정 취업자,천명,Thousand Person
74,N 사업시설 관리 사업 지원 및 임대 서비스업,N Business facilities management and business support services; rental and leasing activities,산업별,By industry,1313.1,T30,취업자,Employed persons,2026-01-27,101,201911,M,DT_1DA9003S,산업별 계절조정 취업자,천명,Thousand Person
74,N 사업시설 관리 사업 지원 및 임대 서비스업,N Business facilities management and business support services; rental and leasing activities,산업별,By industry,1338.5,T30,취업자,Employed persons,2026-01-27,101,201912,M,DT_1DA9003S,산업별 계절조정 취업자,천명,Thousand Person
74,N 사업시설 관리 사업 지원 및 임대 서비스업,N Business facilities management and business support services; rental and leasing activities,산업별,By industry,1342.8,T30,취업자,Employed persons,2026-01-27,101,202001,M,DT_1DA9003S,산업별 계절조정 취업자,천명,Thousand Person
74,N 사업시설 관리 사업 지원 및 임대 서비스업,N Business facilities management and business support services; rental and leasing activities,산업별,By industry,1338.2,T30,취업자,Employed persons,2026-01-27,101,202002,M,DT_1DA9003S,산업별 계절조정 취업자,천명,Thousand Person
74,N 사업시설 관리 사업 지원 및 임대 서비스업,N Business facilities management and business support services; rental and leasing activities,산업별,By industry,1332,T30,취업자,Employed persons,2026-01-27,101,202003,M,DT_1DA9003S,산업별 계절조정 취업자,천명,Thousand Person
74,N 사업시설 관리 사업 지원 및 임대 서비스업,N Business facilities management and business support services; rental and leasing activities,산업별,By industry,1321.8,T30,취업자,Employed persons,2026-01-27,101,202004,M,DT_1DA9003S,산업별 계절조정 취업자,천명,Thousand Person
74,N 사업시설 관리 사업 지원 및 임대 서비스업,N Business facilities management and business support services; rental and leasing activities,산업별,By industry,1299,T30,취업자,Employed persons,2026-01-27,101,202005,M,DT_1DA9003S,산업별 계절조정 취업자,천명,Thousand Person
74,N 사업시설 관리 사업 지원 및 임대 서비스업,N Business facilities management and business support services; rental and leasing activities,산업별,By industry,1322.1,T30,취업자,Employed persons,2026-01-27,101,202006,M,DT_1DA9003S,산업별 계절조정 취업자,천명,Thousand Person
74,N 사업시설 관리 사업 지원 및 임대 서비스업,N Business facilities management and business support services; rental and leasing activities,산업별,By industry,1343.4,T30,취업자,Employed persons,2026-01-27,101,202007,M,DT_1DA9003S,산업별 계절조정 취업자,천명,Thousand Person
74,N 사업시설 관리 사업 지원 및 임대 서비스업,N Business facilities management and business support services; rental and leasing activities,산업별,By industry,1352.2,T30,취업자,Employed persons,2026-01-27,101,202008,M,DT_1DA9003S,산업별 계절조정 취업자,천명,Thousand Person
74,N 사업시설 관리 사업 지원 및 임대 서비스업,N Business facilities management and business support services; rental and leasing activities,산업별,By industry,1365.1,T30,취업자,Employed persons,2026-01-27,101,202009,M,DT_1DA9003S,산업별 계절조정 취업자,천명,Thousand Person
74,N 사업시설 관리 사업 지원 및 임대 서비스업,N Business facilities management and business support services; rental and leasing activities,산업별,By industry,1383.4,T30,취업자,Employed persons,2026-01-27,101,202010,M,DT_1DA9003S,산업별 계절조정 취업자,천명,Thousand Person
74,N 사업시설 관리 사업 지원 및 임대 서비스업,N Business facilities management and business support services; rental and leasing activities,산업별,By industry,1383,T30,취업자,Employed persons,2026-01-27,101,202011,M,DT_1DA9003S,산업별 계절조정 취업자,천명,Thousand Person
74,N 사업시설 관리 사업 지원 및 임대 서비스업,N Business facilities management and business support services; rental and leasing activities,산업별,By industry,1376.9,T30,취업자,Employed persons,2026-01-27,101,202012,M,DT_1DA9003S,산업별 계절조정 취업자,천명,Thousand Person
74,N 사업시설 관리 사업 지원 및 임대 서비스업,N Business facilities management and business support services; rental and leasing activities,산업별,By industry,1368.9,T30,취업자,Employed persons,2026-01-27,101,202101,M,DT_1DA9003S,산업별 계절조정 취업자,천명,Thousand Person
74,N 사업시설 관리 사업 지원 및 임대 서비스업,N Business facilities management and business support services; rental and leasing activities,산업별,By industry,1359.2,T30,취업자,Employed persons,2026-01-27,101,202102,M,DT_1DA9003S,산업별 계절조정 취업자,천명,Thousand Person
74,N 사업시설 관리 사업 지원 및 임대 서비스업,N Business facilities management and business support services; rental and leasing activities,산업별,By industry,1363.5,T30,취업자,Employed persons,2026-01-27,101,202103,M,DT_1DA9003S,산업별 계절조정 취업자,천명,Thousand Person
74,N 사업시설 관리 사업 지원 및 임대 서비스업,N Business facilities management and business support services; rental and leasing activities,산업별,By industry,1360.5,T30,취업자,Employed persons,2026-01-27,101,202104,M,DT_1DA9003S,산업별 계절조정 취업자,천명,Thousand Person
74,N 사업시설 관리 사업 지원 및 임대 서비스업,N Business facilities management and business support services; rental and leasing activities,산업별,By industry,1399.7,T30,취업자,Employed persons,2026-01-27,101,202105,M,DT_1DA9003S,산업별 계절조정 취업자,천명,Thousand Person
74,N 사업시설 관리 사업 지원 및 임대 서비스업,N Business facilities management and business support services; rental and leasing activities,산업별,By industry,1404.4,T30,취업자,Employed persons,2026-01-27,101,202106,M,DT_1DA9003S,산업별 계절조정 취업자,천명,Thousand Person
74,N 사업시설 관리 사업 지원 및 임대 서비스업,N Business facilities management and business support services; rental and leasing activities,산업별,By industry,1431.7,T30,취업자,Employed persons,2026-01-27,101,202107,M,DT_1DA9003S,산업별 계절조정 취업자,천명,Thousand Person
74,N 사업시설 관리 사업 지원 및 임대 서비스업,N Business facilities management and business support services; rental and leasing activities,산업별,By industry,1397.8,T30,취업자,Employed persons,2026-01-27,101,202108,M,DT_1DA9003S,산업별 계절조정 취업자,천명,Thousand Person
74,N 사업시설 관리 사업 지원 및 임대 서비스업,N Business facilities management and business support services; rental and leasing activities,산업별,By industry,1413.5,T30,취업자,Employed persons,2026-01-27,101,202109,M,DT_1DA9003S,산업별 계절조정 취업자,천명,Thousand Person
74,N 사업시설 관리 사업 지원 및 임대 서비스업,N Business facilities management and business support services; rental and leasing activities,산업별,By industry,1399.9,T30,취업자,Employed persons,2026-01-27,101,202110,M,DT_1DA9003S,산업별 계절조정 취업자,천명,Thousand Person
74,N 사업시설 관리 사업 지원 및 임대 서비스업,N Business facilities management and business support services; rental and leasing activities,산업별,By industry,1407.2,T30,취업자,Employed persons,2026-01-27,101,202111,M,DT_1DA9003S,산업별 계절조정 취업자,천명,Thousand Person
74,N 사업시설 관리 사업 지원 및 임대 서비스업,N Business facilities management and business support services; rental and leasing activities,산업별,By industry,1447.9,T30,취업자,Employed persons,2026-01-27,101,202112,M,DT_1DA9003S,산업별 계절조정 취업자,천명,Thousand Person
74,N 사업시설 관리 사업 지원 및 임대 서비스업,N Business facilities management and business support services; rental and leasing activities,산업별,By industry,1440.5,T30,취업자,Employed persons,2026-01-27,101,202201,M,DT_1DA9003S,산업별 계절조정 취업자,천명,Thousand Person
74,N 사업시설 관리 사업 지원 및 임대 서비스업,N Business facilities management and business support services; rental and leasing activities,산업별,By industry,1431,T30,취업자,Employed persons,2026-01-27,101,202202,M,DT_1DA9003S,산업별 계절조정 취업자,천명,Thousand Person
74,N 사업시설 관리 사업 지원 및 임대 서비스업,N Business facilities management and business support services; rental and leasing activities,산업별,By industry,1441,T30,취업자,Employed persons,2026-01-27,101,202203,M,DT_1DA9003S,산업별 계절조정 취업자,천명,Thousand Person
74,N 사업시설 관리 사업 지원 및 임대 서비스업,N Business facilities management and business support services; rental and leasing activities,산업별,By industry,1464.2,T30,취업자,Employed persons,2026-01-27,101,202204,M,DT_1DA9003S,산업별 계절조정 취업자,천명,Thousand Person
74,N 사업시설 관리 사업 지원 및 임대 서비스업,N Business facilities management and business support services; rental and leasing activities,산업별,By industry,1431.8,T30,취업자,Employed persons,2026-01-27,101,202205,M,DT_1DA9003S,산업별 계절조정 취업자,천명,Thousand Person
74,N 사업시설 관리 사업 지원 및 임대 서비스업,N Business facilities management and business support services; rental and leasing activities,산업별,By industry,1425.8,T30,취업자,Employed persons,2026-01-27,101,202206,M,DT_1DA9003S,산업별 계절조정 취업자,천명,Thousand Person
74,N 사업시설 관리 사업 지원 및 임대 서비스업,N Business facilities management and business support services; rental and leasing activities,산업별,By industry,1408.2,T30,취업자,Employed persons,2026-01-27,101,202207,M,DT_1DA9003S,산업별 계절조정 취업자,천명,Thousand Person
74,N 사업시설 관리 사업 지원 및 임대 서비스업,N Business facilities management and business support services; rental and leasing activities,산업별,By industry,1401.7,T30,취업자,Employed persons,2026-01-27,101,202208,M,DT_1DA9003S,산업별 계절조정 취업자,천명,Thousand Person
74,N 사업시설 관리 사업 지원 및 임대 서비스업,N Business facilities management and business support services; rental and leasing activities,산업별,By industry,1405.6,T30,취업자,Employed persons,2026-01-27,101,202209,M,DT_1DA9003S,산업별 계절조정 취업자,천명,Thousand Person
74,N 사업시설 관리 사업 지원 및 임대 서비스업,N Business facilities management and business support services; rental and leasing activities,산업별,By industry,1397.9,T30,취업자,Employed persons,2026-01-27,101,202210,M,DT_1DA9003S,산업별 계절조정 취업자,천명,Thousand Person
74,N 사업시설 관리 사업 지원 및 임대 서비스업,N Business facilities management and business support services; rental and leasing activities,산업별,By industry,1409.2,T30,취업자,Employed persons,2026-01-27,101,202211,M,DT_1DA9003S,산업별 계절조정 취업자,천명,Thousand Person
74,N 사업시설 관리 사업 지원 및 임대 서비스업,N Business facilities management and business support services; rental and leasing activities,산업별,By industry,1417.9,T30,취업자,Employed persons,2026-01-27,101,202212,M,DT_1DA9003S,산업별 계절조정 취업자,천명,Thousand Person
74,N 사업시설 관리 사업 지원 및 임대 서비스업,N Business facilities management and business support services; rental and leasing activities,산업별,By industry,1420.8,T30,취업자,Employed persons,2026-01-27,101,202301,M,DT_1DA9003S,산업별 계절조정 취업자,천명,Thousand Person
74,N 사업시설 관리 사업 지원 및 임대 서비스업,N Business facilities management and business support services; rental and leasing activities,산업별,By industry,1434,T30,취업자,Employed persons,2026-01-27,101,202302,M,DT_1DA9003S,산업별 계절조정 취업자,천명,Thousand Person
74,N 사업시설 관리 사업 지원 및 임대 서비스업,N Business facilities management and business support services; rental and leasing activities,산업별,By industry,1434.5,T30,취업자,Employed persons,2026-01-27,101,202303,M,DT_1DA9003S,산업별 계절조정 취업자,천명,Thousand Person
74,N 사업시설 관리 사업 지원 및 임대 서비스업,N Business facilities management and business support services; rental and leasing activities,산업별,By industry,1447,T30,취업자,Employed persons,2026-01-27,101,202304,M,DT_1DA9003S,산업별 계절조정 취업자,천명,Thousand Person
74,N 사업시설 관리 사업 지원 및 임대 서비스업,N Business facilities management and business support services; rental and leasing activities,산업별,By industry,1442.2,T30,취업자,Employed persons,2026-01-27,101,202305,M,DT_1DA9003S,산업별 계절조정 취업자,천명,Thousand Person
74,N 사업시설 관리 사업 지원 및 임대 서비스업,N Business facilities management and business support services; rental and leasing activities,산업별,By industry,1435.2,T30,취업자,Employed persons,2026-01-27,101,202306,M,DT_1DA9003S,산업별 계절조정 취업자,천명,Thousand Person
74,N 사업시설 관리 사업 지원 및 임대 서비스업,N Business facilities management and business support services; rental and leasing activities,산업별,By industry,1426,T30,취업자,Employed persons,2026-01-27,101,202307,M,DT_1DA9003S,산업별 계절조정 취업자,천명,Thousand Person
74,N 사업시설 관리 사업 지원 및 임대 서비스업,N Business facilities management and business support services; rental and leasing activities,산업별,By industry,1430.1,T30,취업자,Employed persons,2026-01-27,101,202308,M,DT_1DA9003S,산업별 계절조정 취업자,천명,Thousand Person
74,N 사업시설 관리 사업 지원 및 임대 서비스업,N Business facilities management and business support services; rental and leasing activities,산업별,By industry,1424.7,T30,취업자,Employed persons,2026-01-27,101,202309,M,DT_1DA9003S,산업별 계절조정 취업자,천명,Thousand Person
74,N 사업시설 관리 사업 지원 및 임대 서비스업,N Business facilities management and business support services; rental and leasing activities,산업별,By industry,1433.3,T30,취업자,Employed persons,2026-01-27,101,202310,M,DT_1DA9003S,산업별 계절조정 취업자,천명,Thousand Person
74,N 사업시설 관리 사업 지원 및 임대 서비스업,N Business facilities management and business support services; rental and leasing activities,산업별,By industry,1435.9,T30,취업자,Employed persons,2026-01-27,101,202311,M,DT_1DA9003S,산업별 계절조정 취업자,천명,Thousand Person
74,N 사업시설 관리 사업 지원 및 임대 서비스업,N Business facilities management and business support services; rental and leasing activities,산업별,By industry,1405.9,T30,취업자,Employed persons,2026-01-27,101,202312,M,DT_1DA9003S,산업별 계절조정 취업자,천명,Thousand Person
74,N 사업시설 관리 사업 지원 및 임대 서비스업,N Business facilities management and business support services; rental and leasing activities,산업별,By industry,1377.3,T30,취업자,Employed persons,2026-01-27,101,202401,M,DT_1DA9003S,산업별 계절조정 취업자,천명,Thousand Person
74,N 사업시설 관리 사업 지원 및 임대 서비스업,N Business facilities management and business support services; rental and leasing activities,산업별,By industry,1416.1,T30,취업자,Employed persons,2026-01-27,101,202402,M,DT_1DA9003S,산업별 계절조정 취업자,천명,Thousand Person
74,N 사업시설 관리 사업 지원 및 임대 서비스업,N Business facilities management and business support services; rental and leasing activities,산업별,By industry,1383,T30,취업자,Employed persons,2026-01-27,101,202403,M,DT_1DA9003S,산업별 계절조정 취업자,천명,Thousand Person
74,N 사업시설 관리 사업 지원 및 임대 서비스업,N Business facilities management and business support services; rental and leasing activities,산업별,By industry,1380.9,T30,취업자,Employed persons,2026-01-27,101,202404,M,DT_1DA9003S,산업별 계절조정 취업자,천명,Thousand Person
74,N 사업시설 관리 사업 지원 및 임대 서비스업,N Business facilities management and business support services; rental and leasing activities,산업별,By industry,1378.6,T30,취업자,Employed persons,2026-01-27,101,202405,M,DT_1DA9003S,산업별 계절조정 취업자,천명,Thousand Person
74,N 사업시설 관리 사업 지원 및 임대 서비스업,N Business facilities management and business support services; rental and leasing activities,산업별,By industry,1372.7,T30,취업자,Employed persons,2026-01-27,101,202406,M,DT_1DA9003S,산업별 계절조정 취업자,천명,Thousand Person
74,N 사업시설 관리 사업 지원 및 임대 서비스업,N Business facilities management and business support services; rental and leasing activities,산업별,By industry,1389.2,T30,취업자,Employed persons,2026-01-27,101,202407,M,DT_1DA9003S,산업별 계절조정 취업자,천명,Thousand Person
74,N 사업시설 관리 사업 지원 및 임대 서비스업,N Business facilities management and business support services; rental and leasing activities,산업별,By industry,1398.7,T30,취업자,Employed persons,2026-01-27,101,202408,M,DT_1DA9003S,산업별 계절조정 취업자,천명,Thousand Person
74,N 사업시설 관리 사업 지원 및 임대 서비스업,N Business facilities management and business support services; rental and leasing activities,산업별,By industry,1381.1,T30,취업자,Employed persons,2026-01-27,101,202409,M,DT_1DA9003S,산업별 계절조정 취업자,천명,Thousand Person
74,N 사업시설 관리 사업 지원 및 임대 서비스업,N Business facilities management and business support services; rental and leasing activities,산업별,By industry,1370.9,T30,취업자,Employed persons,2026-01-27,101,202410,M,DT_1DA9003S,산업별 계절조정 취업자,천명,Thousand Person
74,N 사업시설 관리 사업 지원 및 임대 서비스업,N Business facilities management and business support services; rental and leasing activities,산업별,By industry,1350.3,T30,취업자,Employed persons,2026-01-27,101,202411,M,DT_1DA9003S,산업별 계절조정 취업자,천명,Thousand Person
74,N 사업시설 관리 사업 지원 및 임대 서비스업,N Business facilities management and business support services; rental and leasing activities,산업별,By industry,1349,T30,취업자,Employed persons,2026-01-27,101,202412,M,DT_1DA9003S,산업별 계절조정 취업자,천명,Thousand Person
74,N 사업시설 관리 사업 지원 및 임대 서비스업,N Business facilities management and business support services; rental and leasing activities,산업별,By industry,1350.4,T30,취업자,Employed persons,2026-01-27,101,202501,M,DT_1DA9003S,산업별 계절조정 취업자,천명,Thousand Person
74,N 사업시설 관리 사업 지원 및 임대 서비스업,N Business facilities management and business support services; rental and leasing activities,산업별,By industry,1341.3,T30,취업자,Employed persons,2026-01-27,101,202502,M,DT_1DA9003S,산업별 계절조정 취업자,천명,Thousand Person
74,N 사업시설 관리 사업 지원 및 임대 서비스업,N Business facilities management and business support services; rental and leasing activities,산업별,By industry,1358.7,T30,취업자,Employed persons,2026-01-27,101,202503,M,DT_1DA9003S,산업별 계절조정 취업자,천명,Thousand Person
74,N 사업시설 관리 사업 지원 및 임대 서비스업,N Business facilities management and business support services; rental and leasing activities,산업별,By industry,1352.1,T30,취업자,Employed persons,2026-01-27,101,202504,M,DT_1DA9003S,산업별 계절조정 취업자,천명,Thousand Person
74,N 사업시설 관리 사업 지원 및 임대 서비스업,N Business facilities management and business support services; rental and leasing activities,산업별,By industry,1362.8,T30,취업자,Employed persons,2026-01-27,101,202505,M,DT_1DA9003S,산업별 계절조정 취업자,천명,Thousand Person
74,N 사업시설 관리 사업 지원 및 임대 서비스업,N Business facilities management and business support services; rental and leasing activities,산업별,By industry,1372.2,T30,취업자,Employed persons,2026-01-27,101,202506,M,DT_1DA9003S,산업별 계절조정 취업자,천명,Thousand Person
74,N 사업시설 관리 사업 지원 및 임대 서비스업,N Business facilities management and business support services; rental and leasing activities,산업별,By industry,1365.1,T30,취업자,Employed persons,2026-01-27,101,202507,M,DT_1DA9003S,산업별 계절조정 취업자,천명,Thousand Person
74,N 사업시설 관리 사업 지원 및 임대 서비스업,N Business facilities management and business support services; rental and leasing activities,산업별,By industry,1384,T30,취업자,Employed persons,2026-01-27,101,202508,M,DT_1DA9003S,산업별 계절조정 취업자,천명,Thousand Person
74,N 사업시설 관리 사업 지원 및 임대 서비스업,N Business facilities management and business support services; rental and leasing activities,산업별,By industry,1398.4,T30,취업자,Employed persons,2026-01-27,101,202509,M,DT_1DA9003S,산업별 계절조정 취업자,천명,Thousand Person
74,N 사업시설 관리 사업 지원 및 임대 서비스업,N Business facilities management and business support services; rental and leasing activities,산업별,By industry,1383.4,T30,취업자,Employed persons,2026-01-27,101,202510,M,DT_1DA9003S,산업별 계절조정 취업자,천명,Thousand Person
74,N 사업시설 관리 사업 지원 및 임대 서비스업,N Business facilities management and business support services; rental and leasing activities,산업별,By industry,1412.3,T30,취업자,Employed persons,2026-01-27,101,202511,M,DT_1DA9003S,산업별 계절조정 취업자,천명,Thousand Person
74,N 사업시설 관리 사업 지원 및 임대 서비스업,N Business facilities management and business support services; rental and leasing activities,산업별,By industry,1398.9,T30,취업자,Employed persons,2026-01-27,101,202512,M,DT_1DA9003S,산업별 계절조정 취업자,천명,Thousand Person
84,O 공공행정 국방 및 사회보장 행정,O Public administration and defence; compulsory social security,산업별,By industry,989.6,T30,취업자,Employed persons,2026-01-27,101,201301,M,DT_1DA9003S,산업별 계절조정 취업자,천명,Thousand Person
84,O 공공행정 국방 및 사회보장 행정,O Public administration and defence; compulsory social security,산업별,By industry,995.5,T30,취업자,Employed persons,2026-01-27,101,201302,M,DT_1DA9003S,산업별 계절조정 취업자,천명,Thousand Person
84,O 공공행정 국방 및 사회보장 행정,O Public administration and defence; compulsory social security,산업별,By industry,992.4,T30,취업자,Employed persons,2026-01-27,101,201303,M,DT_1DA9003S,산업별 계절조정 취업자,천명,Thousand Person
84,O 공공행정 국방 및 사회보장 행정,O Public administration and defence; compulsory social security,산업별,By industry,1000.7,T30,취업자,Employed persons,2026-01-27,101,201304,M,DT_1DA9003S,산업별 계절조정 취업자,천명,Thousand Person
84,O 공공행정 국방 및 사회보장 행정,O Public administration and defence; compulsory social security,산업별,By industry,1008.2,T30,취업자,Employed persons,2026-01-27,101,201305,M,DT_1DA9003S,산업별 계절조정 취업자,천명,Thousand Person
84,O 공공행정 국방 및 사회보장 행정,O Public administration and defence; compulsory social security,산업별,By industry,1002.1,T30,취업자,Employed persons,2026-01-27,101,201306,M,DT_1DA9003S,산업별 계절조정 취업자,천명,Thousand Person
84,O 공공행정 국방 및 사회보장 행정,O Public administration and defence; compulsory social security,산업별,By industry,998.7,T30,취업자,Employed persons,2026-01-27,101,201307,M,DT_1DA9003S,산업별 계절조정 취업자,천명,Thousand Person
84,O 공공행정 국방 및 사회보장 행정,O Public administration and defence; compulsory social security,산업별,By industry,1000.3,T30,취업자,Employed persons,2026-01-27,101,201308,M,DT_1DA9003S,산업별 계절조정 취업자,천명,Thousand Person
84,O 공공행정 국방 및 사회보장 행정,O Public administration and defence; compulsory social security,산업별,By industry,1012.7,T30,취업자,Employed persons,2026-01-27,101,201309,M,DT_1DA9003S,산업별 계절조정 취업자,천명,Thousand Person
84,O 공공행정 국방 및 사회보장 행정,O Public administration and defence; compulsory social security,산업별,By industry,1016.1,T30,취업자,Employed persons,2026-01-27,101,201310,M,DT_1DA9003S,산업별 계절조정 취업자,천명,Thousand Person
84,O 공공행정 국방 및 사회보장 행정,O Public administration and defence; compulsory social security,산업별,By industry,1002.5,T30,취업자,Employed persons,2026-01-27,101,201311,M,DT_1DA9003S,산업별 계절조정 취업자,천명,Thousand Person
84,O 공공행정 국방 및 사회보장 행정,O Public administration and defence; compulsory social security,산업별,By industry,1000.5,T30,취업자,Employed persons,2026-01-27,101,201312,M,DT_1DA9003S,산업별 계절조정 취업자,천명,Thousand Person
84,O 공공행정 국방 및 사회보장 행정,O Public administration and defence; compulsory social security,산업별,By industry,1018,T30,취업자,Employed persons,2026-01-27,101,201401,M,DT_1DA9003S,산업별 계절조정 취업자,천명,Thousand Person
84,O 공공행정 국방 및 사회보장 행정,O Public administration and defence; compulsory social security,산업별,By industry,1016.8,T30,취업자,Employed persons,2026-01-27,101,201402,M,DT_1DA9003S,산업별 계절조정 취업자,천명,Thousand Person
84,O 공공행정 국방 및 사회보장 행정,O Public administration and defence; compulsory social security,산업별,By industry,1016.3,T30,취업자,Employed persons,2026-01-27,101,201403,M,DT_1DA9003S,산업별 계절조정 취업자,천명,Thousand Person
84,O 공공행정 국방 및 사회보장 행정,O Public administration and defence; compulsory social security,산업별,By industry,1025.7,T30,취업자,Employed persons,2026-01-27,101,201404,M,DT_1DA9003S,산업별 계절조정 취업자,천명,Thousand Person
84,O 공공행정 국방 및 사회보장 행정,O Public administration and defence; compulsory social security,산업별,By industry,1005.6,T30,취업자,Employed persons,2026-01-27,101,201405,M,DT_1DA9003S,산업별 계절조정 취업자,천명,Thousand Person
84,O 공공행정 국방 및 사회보장 행정,O Public administration and defence; compulsory social security,산업별,By industry,977.5,T30,취업자,Employed persons,2026-01-27,101,201406,M,DT_1DA9003S,산업별 계절조정 취업자,천명,Thousand Person
84,O 공공행정 국방 및 사회보장 행정,O Public administration and defence; compulsory social security,산업별,By industry,991.7,T30,취업자,Employed persons,2026-01-27,101,201407,M,DT_1DA9003S,산업별 계절조정 취업자,천명,Thousand Person
84,O 공공행정 국방 및 사회보장 행정,O Public administration and defence; compulsory social security,산업별,By industry,992.3,T30,취업자,Employed persons,2026-01-27,101,201408,M,DT_1DA9003S,산업별 계절조정 취업자,천명,Thousand Person
84,O 공공행정 국방 및 사회보장 행정,O Public administration and defence; compulsory social security,산업별,By industry,1001.6,T30,취업자,Employed persons,2026-01-27,101,201409,M,DT_1DA9003S,산업별 계절조정 취업자,천명,Thousand Person
84,O 공공행정 국방 및 사회보장 행정,O Public administration and defence; compulsory social security,산업별,By industry,965.8,T30,취업자,Employed persons,2026-01-27,101,201410,M,DT_1DA9003S,산업별 계절조정 취업자,천명,Thousand Person
84,O 공공행정 국방 및 사회보장 행정,O Public administration and defence; compulsory social security,산업별,By industry,961.6,T30,취업자,Employed persons,2026-01-27,101,201411,M,DT_1DA9003S,산업별 계절조정 취업자,천명,Thousand Person
84,O 공공행정 국방 및 사회보장 행정,O Public administration and defence; compulsory social security,산업별,By industry,943.7,T30,취업자,Employed persons,2026-01-27,101,201412,M,DT_1DA9003S,산업별 계절조정 취업자,천명,Thousand Person
84,O 공공행정 국방 및 사회보장 행정,O Public administration and defence; compulsory social security,산업별,By industry,962.8,T30,취업자,Employed persons,2026-01-27,101,201501,M,DT_1DA9003S,산업별 계절조정 취업자,천명,Thousand Person
84,O 공공행정 국방 및 사회보장 행정,O Public administration and defence; compulsory social security,산업별,By industry,943.3,T30,취업자,Employed persons,2026-01-27,101,201502,M,DT_1DA9003S,산업별 계절조정 취업자,천명,Thousand Person
84,O 공공행정 국방 및 사회보장 행정,O Public administration and defence; compulsory social security,산업별,By industry,965.5,T30,취업자,Employed persons,2026-01-27,101,201503,M,DT_1DA9003S,산업별 계절조정 취업자,천명,Thousand Person
84,O 공공행정 국방 및 사회보장 행정,O Public administration and defence; compulsory social security,산업별,By industry,965.5,T30,취업자,Employed persons,2026-01-27,101,201504,M,DT_1DA9003S,산업별 계절조정 취업자,천명,Thousand Person
84,O 공공행정 국방 및 사회보장 행정,O Public administration and defence; compulsory social security,산업별,By industry,965.4,T30,취업자,Employed persons,2026-01-27,101,201505,M,DT_1DA9003S,산업별 계절조정 취업자,천명,Thousand Person
84,O 공공행정 국방 및 사회보장 행정,O Public administration and defence; compulsory social security,산업별,By industry,975.2,T30,취업자,Employed persons,2026-01-27,101,201506,M,DT_1DA9003S,산업별 계절조정 취업자,천명,Thousand Person
84,O 공공행정 국방 및 사회보장 행정,O Public administration and defence; compulsory social security,산업별,By industry,969.4,T30,취업자,Employed persons,2026-01-27,101,201507,M,DT_1DA9003S,산업별 계절조정 취업자,천명,Thousand Person
84,O 공공행정 국방 및 사회보장 행정,O Public administration and defence; compulsory social security,산업별,By industry,971.8,T30,취업자,Employed persons,2026-01-27,101,201508,M,DT_1DA9003S,산업별 계절조정 취업자,천명,Thousand Person
84,O 공공행정 국방 및 사회보장 행정,O Public administration and defence; compulsory social security,산업별,By industry,972.9,T30,취업자,Employed persons,2026-01-27,101,201509,M,DT_1DA9003S,산업별 계절조정 취업자,천명,Thousand Person
84,O 공공행정 국방 및 사회보장 행정,O Public administration and defence; compulsory social security,산업별,By industry,979,T30,취업자,Employed persons,2026-01-27,101,201510,M,DT_1DA9003S,산업별 계절조정 취업자,천명,Thousand Person
84,O 공공행정 국방 및 사회보장 행정,O Public administration and defence; compulsory social security,산업별,By industry,1006.2,T30,취업자,Employed persons,2026-01-27,101,201511,M,DT_1DA9003S,산업별 계절조정 취업자,천명,Thousand Person
84,O 공공행정 국방 및 사회보장 행정,O Public administration and defence; compulsory social security,산업별,By industry,1013.4,T30,취업자,Employed persons,2026-01-27,101,201512,M,DT_1DA9003S,산업별 계절조정 취업자,천명,Thousand Person
84,O 공공행정 국방 및 사회보장 행정,O Public administration and defence; compulsory social security,산업별,By industry,1007.4,T30,취업자,Employed persons,2026-01-27,101,201601,M,DT_1DA9003S,산업별 계절조정 취업자,천명,Thousand Person
84,O 공공행정 국방 및 사회보장 행정,O Public administration and defence; compulsory social security,산업별,By industry,1008.6,T30,취업자,Employed persons,2026-01-27,101,201602,M,DT_1DA9003S,산업별 계절조정 취업자,천명,Thousand Person
84,O 공공행정 국방 및 사회보장 행정,O Public administration and defence; compulsory social security,산업별,By industry,1014.1,T30,취업자,Employed persons,2026-01-27,101,201603,M,DT_1DA9003S,산업별 계절조정 취업자,천명,Thousand Person
84,O 공공행정 국방 및 사회보장 행정,O Public administration and defence; compulsory social security,산업별,By industry,1023.1,T30,취업자,Employed persons,2026-01-27,101,201604,M,DT_1DA9003S,산업별 계절조정 취업자,천명,Thousand Person
84,O 공공행정 국방 및 사회보장 행정,O Public administration and defence; compulsory social security,산업별,By industry,1028.6,T30,취업자,Employed persons,2026-01-27,101,201605,M,DT_1DA9003S,산업별 계절조정 취업자,천명,Thousand Person
84,O 공공행정 국방 및 사회보장 행정,O Public administration and defence; compulsory social security,산업별,By industry,1042.2,T30,취업자,Employed persons,2026-01-27,101,201606,M,DT_1DA9003S,산업별 계절조정 취업자,천명,Thousand Person
84,O 공공행정 국방 및 사회보장 행정,O Public administration and defence; compulsory social security,산업별,By industry,1049.5,T30,취업자,Employed persons,2026-01-27,101,201607,M,DT_1DA9003S,산업별 계절조정 취업자,천명,Thousand Person
84,O 공공행정 국방 및 사회보장 행정,O Public administration and defence; compulsory social security,산업별,By industry,1034.4,T30,취업자,Employed persons,2026-01-27,101,201608,M,DT_1DA9003S,산업별 계절조정 취업자,천명,Thousand Person
84,O 공공행정 국방 및 사회보장 행정,O Public administration and defence; compulsory social security,산업별,By industry,1018.6,T30,취업자,Employed persons,2026-01-27,101,201609,M,DT_1DA9003S,산업별 계절조정 취업자,천명,Thousand Person
84,O 공공행정 국방 및 사회보장 행정,O Public administration and defence; compulsory social security,산업별,By industry,1027.4,T30,취업자,Employed persons,2026-01-27,101,201610,M,DT_1DA9003S,산업별 계절조정 취업자,천명,Thousand Person
84,O 공공행정 국방 및 사회보장 행정,O Public administration and defence; compulsory social security,산업별,By industry,1025.9,T30,취업자,Employed persons,2026-01-27,101,201611,M,DT_1DA9003S,산업별 계절조정 취업자,천명,Thousand Person
84,O 공공행정 국방 및 사회보장 행정,O Public administration and defence; compulsory social security,산업별,By industry,1045.7,T30,취업자,Employed persons,2026-01-27,101,201612,M,DT_1DA9003S,산업별 계절조정 취업자,천명,Thousand Person
84,O 공공행정 국방 및 사회보장 행정,O Public administration and defence; compulsory social security,산업별,By industry,1057.7,T30,취업자,Employed persons,2026-01-27,101,201701,M,DT_1DA9003S,산업별 계절조정 취업자,천명,Thousand Person
84,O 공공행정 국방 및 사회보장 행정,O Public administration and defence; compulsory social security,산업별,By industry,1025.5,T30,취업자,Employed persons,2026-01-27,101,201702,M,DT_1DA9003S,산업별 계절조정 취업자,천명,Thousand Person
84,O 공공행정 국방 및 사회보장 행정,O Public administration and defence; compulsory social security,산업별,By industry,1052.9,T30,취업자,Employed persons,2026-01-27,101,201703,M,DT_1DA9003S,산업별 계절조정 취업자,천명,Thousand Person
84,O 공공행정 국방 및 사회보장 행정,O Public administration and defence; compulsory social security,산업별,By industry,1040.2,T30,취업자,Employed persons,2026-01-27,101,201704,M,DT_1DA9003S,산업별 계절조정 취업자,천명,Thousand Person
84,O 공공행정 국방 및 사회보장 행정,O Public administration and defence; compulsory social security,산업별,By industry,1057.3,T30,취업자,Employed persons,2026-01-27,101,201705,M,DT_1DA9003S,산업별 계절조정 취업자,천명,Thousand Person
84,O 공공행정 국방 및 사회보장 행정,O Public administration and defence; compulsory social security,산업별,By industry,1068.7,T30,취업자,Employed persons,2026-01-27,101,201706,M,DT_1DA9003S,산업별 계절조정 취업자,천명,Thousand Person
84,O 공공행정 국방 및 사회보장 행정,O Public administration and defence; compulsory social security,산업별,By industry,1080.4,T30,취업자,Employed persons,2026-01-27,101,201707,M,DT_1DA9003S,산업별 계절조정 취업자,천명,Thousand Person
84,O 공공행정 국방 및 사회보장 행정,O Public administration and defence; compulsory social security,산업별,By industry,1107.2,T30,취업자,Employed persons,2026-01-27,101,201708,M,DT_1DA9003S,산업별 계절조정 취업자,천명,Thousand Person
84,O 공공행정 국방 및 사회보장 행정,O Public administration and defence; compulsory social security,산업별,By industry,1115.6,T30,취업자,Employed persons,2026-01-27,101,201709,M,DT_1DA9003S,산업별 계절조정 취업자,천명,Thousand Person
84,O 공공행정 국방 및 사회보장 행정,O Public administration and defence; compulsory social security,산업별,By industry,1112.5,T30,취업자,Employed persons,2026-01-27,101,201710,M,DT_1DA9003S,산업별 계절조정 취업자,천명,Thousand Person
84,O 공공행정 국방 및 사회보장 행정,O Public administration and defence; compulsory social security,산업별,By industry,1114,T30,취업자,Employed persons,2026-01-27,101,201711,M,DT_1DA9003S,산업별 계절조정 취업자,천명,Thousand Person
84,O 공공행정 국방 및 사회보장 행정,O Public administration and defence; compulsory social security,산업별,By industry,1137,T30,취업자,Employed persons,2026-01-27,101,201712,M,DT_1DA9003S,산업별 계절조정 취업자,천명,Thousand Person
84,O 공공행정 국방 및 사회보장 행정,O Public administration and defence; compulsory social security,산업별,By industry,1137.9,T30,취업자,Employed persons,2026-01-27,101,201801,M,DT_1DA9003S,산업별 계절조정 취업자,천명,Thousand Person
84,O 공공행정 국방 및 사회보장 행정,O Public administration and defence; compulsory social security,산업별,By industry,1102,T30,취업자,Employed persons,2026-01-27,101,201802,M,DT_1DA9003S,산업별 계절조정 취업자,천명,Thousand Person
84,O 공공행정 국방 및 사회보장 행정,O Public administration and defence; compulsory social security,산업별,By industry,1126.7,T30,취업자,Employed persons,2026-01-27,101,201803,M,DT_1DA9003S,산업별 계절조정 취업자,천명,Thousand Person
84,O 공공행정 국방 및 사회보장 행정,O Public administration and defence; compulsory social security,산업별,By industry,1136.6,T30,취업자,Employed persons,2026-01-27,101,201804,M,DT_1DA9003S,산업별 계절조정 취업자,천명,Thousand Person
84,O 공공행정 국방 및 사회보장 행정,O Public administration and defence; compulsory social security,산업별,By industry,1157.2,T30,취업자,Employed persons,2026-01-27,101,201805,M,DT_1DA9003S,산업별 계절조정 취업자,천명,Thousand Person
84,O 공공행정 국방 및 사회보장 행정,O Public administration and defence; compulsory social security,산업별,By industry,1169.8,T30,취업자,Employed persons,2026-01-27,101,201806,M,DT_1DA9003S,산업별 계절조정 취업자,천명,Thousand Person
84,O 공공행정 국방 및 사회보장 행정,O Public administration and defence; compulsory social security,산업별,By industry,1158.8,T30,취업자,Employed persons,2026-01-27,101,201807,M,DT_1DA9003S,산업별 계절조정 취업자,천명,Thousand Person
84,O 공공행정 국방 및 사회보장 행정,O Public administration and defence; compulsory social security,산업별,By industry,1147.3,T30,취업자,Employed persons,2026-01-27,101,201808,M,DT_1DA9003S,산업별 계절조정 취업자,천명,Thousand Person
84,O 공공행정 국방 및 사회보장 행정,O Public administration and defence; compulsory social security,산업별,By industry,1152.2,T30,취업자,Employed persons,2026-01-27,101,201809,M,DT_1DA9003S,산업별 계절조정 취업자,천명,Thousand Person
84,O 공공행정 국방 및 사회보장 행정,O Public administration and defence; compulsory social security,산업별,By industry,1153.1,T30,취업자,Employed persons,2026-01-27,101,201810,M,DT_1DA9003S,산업별 계절조정 취업자,천명,Thousand Person
84,O 공공행정 국방 및 사회보장 행정,O Public administration and defence; compulsory social security,산업별,By industry,1154.1,T30,취업자,Employed persons,2026-01-27,101,201811,M,DT_1DA9003S,산업별 계절조정 취업자,천명,Thousand Person
84,O 공공행정 국방 및 사회보장 행정,O Public administration and defence; compulsory social security,산업별,By industry,1142.3,T30,취업자,Employed persons,2026-01-27,101,201812,M,DT_1DA9003S,산업별 계절조정 취업자,천명,Thousand Person
84,O 공공행정 국방 및 사회보장 행정,O Public administration and defence; compulsory social security,산업별,By industry,1125.4,T30,취업자,Employed persons,2026-01-27,101,201901,M,DT_1DA9003S,산업별 계절조정 취업자,천명,Thousand Person
84,O 공공행정 국방 및 사회보장 행정,O Public administration and defence; compulsory social security,산업별,By industry,1117.9,T30,취업자,Employed persons,2026-01-27,101,201902,M,DT_1DA9003S,산업별 계절조정 취업자,천명,Thousand Person
84,O 공공행정 국방 및 사회보장 행정,O Public administration and defence; compulsory social security,산업별,By industry,1133.6,T30,취업자,Employed persons,2026-01-27,101,201903,M,DT_1DA9003S,산업별 계절조정 취업자,천명,Thousand Person
84,O 공공행정 국방 및 사회보장 행정,O Public administration and defence; compulsory social security,산업별,By industry,1125.5,T30,취업자,Employed persons,2026-01-27,101,201904,M,DT_1DA9003S,산업별 계절조정 취업자,천명,Thousand Person
84,O 공공행정 국방 및 사회보장 행정,O Public administration and defence; compulsory social security,산업별,By industry,1113.4,T30,취업자,Employed persons,2026-01-27,101,201905,M,DT_1DA9003S,산업별 계절조정 취업자,천명,Thousand Person
84,O 공공행정 국방 및 사회보장 행정,O Public administration and defence; compulsory social security,산업별,By industry,1093.3,T30,취업자,Employed persons,2026-01-27,101,201906,M,DT_1DA9003S,산업별 계절조정 취업자,천명,Thousand Person
84,O 공공행정 국방 및 사회보장 행정,O Public administration and defence; compulsory social security,산업별,By industry,1092.9,T30,취업자,Employed persons,2026-01-27,101,201907,M,DT_1DA9003S,산업별 계절조정 취업자,천명,Thousand Person
84,O 공공행정 국방 및 사회보장 행정,O Public administration and defence; compulsory social security,산업별,By industry,1092.4,T30,취업자,Employed persons,2026-01-27,101,201908,M,DT_1DA9003S,산업별 계절조정 취업자,천명,Thousand Person
84,O 공공행정 국방 및 사회보장 행정,O Public administration and defence; compulsory social security,산업별,By industry,1089.2,T30,취업자,Employed persons,2026-01-27,101,201909,M,DT_1DA9003S,산업별 계절조정 취업자,천명,Thousand Person
84,O 공공행정 국방 및 사회보장 행정,O Public administration and defence; compulsory social security,산업별,By industry,1099.7,T30,취업자,Employed persons,2026-01-27,101,201910,M,DT_1DA9003S,산업별 계절조정 취업자,천명,Thousand Person
84,O 공공행정 국방 및 사회보장 행정,O Public administration and defence; compulsory social security,산업별,By industry,1111.7,T30,취업자,Employed persons,2026-01-27,101,201911,M,DT_1DA9003S,산업별 계절조정 취업자,천명,Thousand Person
84,O 공공행정 국방 및 사회보장 행정,O Public administration and defence; compulsory social security,산업별,By industry,1120.6,T30,취업자,Employed persons,2026-01-27,101,201912,M,DT_1DA9003S,산업별 계절조정 취업자,천명,Thousand Person
84,O 공공행정 국방 및 사회보장 행정,O Public administration and defence; compulsory social security,산업별,By industry,1111.7,T30,취업자,Employed persons,2026-01-27,101,202001,M,DT_1DA9003S,산업별 계절조정 취업자,천명,Thousand Person
84,O 공공행정 국방 및 사회보장 행정,O Public administration and defence; compulsory social security,산업별,By industry,1134.9,T30,취업자,Employed persons,2026-01-27,101,202002,M,DT_1DA9003S,산업별 계절조정 취업자,천명,Thousand Person
84,O 공공행정 국방 및 사회보장 행정,O Public administration and defence; compulsory social security,산업별,By industry,1071.3,T30,취업자,Employed persons,2026-01-27,101,202003,M,DT_1DA9003S,산업별 계절조정 취업자,천명,Thousand Person
84,O 공공행정 국방 및 사회보장 행정,O Public administration and defence; compulsory social security,산업별,By industry,1086.1,T30,취업자,Employed persons,2026-01-27,101,202004,M,DT_1DA9003S,산업별 계절조정 취업자,천명,Thousand Person
84,O 공공행정 국방 및 사회보장 행정,O Public administration and defence; compulsory social security,산업별,By industry,1088.8,T30,취업자,Employed persons,2026-01-27,101,202005,M,DT_1DA9003S,산업별 계절조정 취업자,천명,Thousand Person
84,O 공공행정 국방 및 사회보장 행정,O Public administration and defence; compulsory social security,산업별,By industry,1099.6,T30,취업자,Employed persons,2026-01-27,101,202006,M,DT_1DA9003S,산업별 계절조정 취업자,천명,Thousand Person
84,O 공공행정 국방 및 사회보장 행정,O Public administration and defence; compulsory social security,산업별,By industry,1107.9,T30,취업자,Employed persons,2026-01-27,101,202007,M,DT_1DA9003S,산업별 계절조정 취업자,천명,Thousand Person
84,O 공공행정 국방 및 사회보장 행정,O Public administration and defence; compulsory social security,산업별,By industry,1147.4,T30,취업자,Employed persons,2026-01-27,101,202008,M,DT_1DA9003S,산업별 계절조정 취업자,천명,Thousand Person
84,O 공공행정 국방 및 사회보장 행정,O Public administration and defence; compulsory social security,산업별,By industry,1194.8,T30,취업자,Employed persons,2026-01-27,101,202009,M,DT_1DA9003S,산업별 계절조정 취업자,천명,Thousand Person
84,O 공공행정 국방 및 사회보장 행정,O Public administration and defence; compulsory social security,산업별,By industry,1223.6,T30,취업자,Employed persons,2026-01-27,101,202010,M,DT_1DA9003S,산업별 계절조정 취업자,천명,Thousand Person
84,O 공공행정 국방 및 사회보장 행정,O Public administration and defence; compulsory social security,산업별,By industry,1262.1,T30,취업자,Employed persons,2026-01-27,101,202011,M,DT_1DA9003S,산업별 계절조정 취업자,천명,Thousand Person
84,O 공공행정 국방 및 사회보장 행정,O Public administration and defence; compulsory social security,산업별,By industry,1226.1,T30,취업자,Employed persons,2026-01-27,101,202012,M,DT_1DA9003S,산업별 계절조정 취업자,천명,Thousand Person
84,O 공공행정 국방 및 사회보장 행정,O Public administration and defence; compulsory social security,산업별,By industry,1141.9,T30,취업자,Employed persons,2026-01-27,101,202101,M,DT_1DA9003S,산업별 계절조정 취업자,천명,Thousand Person
84,O 공공행정 국방 및 사회보장 행정,O Public administration and defence; compulsory social security,산업별,By industry,1166.6,T30,취업자,Employed persons,2026-01-27,101,202102,M,DT_1DA9003S,산업별 계절조정 취업자,천명,Thousand Person
84,O 공공행정 국방 및 사회보장 행정,O Public administration and defence; compulsory social security,산업별,By industry,1167.8,T30,취업자,Employed persons,2026-01-27,101,202103,M,DT_1DA9003S,산업별 계절조정 취업자,천명,Thousand Person
84,O 공공행정 국방 및 사회보장 행정,O Public administration and defence; compulsory social security,산업별,By industry,1170.1,T30,취업자,Employed persons,2026-01-27,101,202104,M,DT_1DA9003S,산업별 계절조정 취업자,천명,Thousand Person
84,O 공공행정 국방 및 사회보장 행정,O Public administration and defence; compulsory social security,산업별,By industry,1174.9,T30,취업자,Employed persons,2026-01-27,101,202105,M,DT_1DA9003S,산업별 계절조정 취업자,천명,Thousand Person
84,O 공공행정 국방 및 사회보장 행정,O Public administration and defence; compulsory social security,산업별,By industry,1194.7,T30,취업자,Employed persons,2026-01-27,101,202106,M,DT_1DA9003S,산업별 계절조정 취업자,천명,Thousand Person
84,O 공공행정 국방 및 사회보장 행정,O Public administration and defence; compulsory social security,산업별,By industry,1206.6,T30,취업자,Employed persons,2026-01-27,101,202107,M,DT_1DA9003S,산업별 계절조정 취업자,천명,Thousand Person
84,O 공공행정 국방 및 사회보장 행정,O Public administration and defence; compulsory social security,산업별,By industry,1204,T30,취업자,Employed persons,2026-01-27,101,202108,M,DT_1DA9003S,산업별 계절조정 취업자,천명,Thousand Person
84,O 공공행정 국방 및 사회보장 행정,O Public administration and defence; compulsory social security,산업별,By industry,1201.9,T30,취업자,Employed persons,2026-01-27,101,202109,M,DT_1DA9003S,산업별 계절조정 취업자,천명,Thousand Person
84,O 공공행정 국방 및 사회보장 행정,O Public administration and defence; compulsory social security,산업별,By industry,1201.3,T30,취업자,Employed persons,2026-01-27,101,202110,M,DT_1DA9003S,산업별 계절조정 취업자,천명,Thousand Person
84,O 공공행정 국방 및 사회보장 행정,O Public administration and defence; compulsory social security,산업별,By industry,1192,T30,취업자,Employed persons,2026-01-27,101,202111,M,DT_1DA9003S,산업별 계절조정 취업자,천명,Thousand Person
84,O 공공행정 국방 및 사회보장 행정,O Public administration and defence; compulsory social security,산업별,By industry,1182,T30,취업자,Employed persons,2026-01-27,101,202112,M,DT_1DA9003S,산업별 계절조정 취업자,천명,Thousand Person
84,O 공공행정 국방 및 사회보장 행정,O Public administration and defence; compulsory social security,산업별,By industry,1194.4,T30,취업자,Employed persons,2026-01-27,101,202201,M,DT_1DA9003S,산업별 계절조정 취업자,천명,Thousand Person
84,O 공공행정 국방 및 사회보장 행정,O Public administration and defence; compulsory social security,산업별,By industry,1240.8,T30,취업자,Employed persons,2026-01-27,101,202202,M,DT_1DA9003S,산업별 계절조정 취업자,천명,Thousand Person
84,O 공공행정 국방 및 사회보장 행정,O Public administration and defence; compulsory social security,산업별,By industry,1249.4,T30,취업자,Employed persons,2026-01-27,101,202203,M,DT_1DA9003S,산업별 계절조정 취업자,천명,Thousand Person
84,O 공공행정 국방 및 사회보장 행정,O Public administration and defence; compulsory social security,산업별,By industry,1264.3,T30,취업자,Employed persons,2026-01-27,101,202204,M,DT_1DA9003S,산업별 계절조정 취업자,천명,Thousand Person
84,O 공공행정 국방 및 사회보장 행정,O Public administration and defence; compulsory social security,산업별,By industry,1277.8,T30,취업자,Employed persons,2026-01-27,101,202205,M,DT_1DA9003S,산업별 계절조정 취업자,천명,Thousand Person
84,O 공공행정 국방 및 사회보장 행정,O Public administration and defence; compulsory social security,산업별,By industry,1276.4,T30,취업자,Employed persons,2026-01-27,101,202206,M,DT_1DA9003S,산업별 계절조정 취업자,천명,Thousand Person
84,O 공공행정 국방 및 사회보장 행정,O Public administration and defence; compulsory social security,산업별,By industry,1277.5,T30,취업자,Employed persons,2026-01-27,101,202207,M,DT_1DA9003S,산업별 계절조정 취업자,천명,Thousand Person
84,O 공공행정 국방 및 사회보장 행정,O Public administration and defence; compulsory social security,산업별,By industry,1275.5,T30,취업자,Employed persons,2026-01-27,101,202208,M,DT_1DA9003S,산업별 계절조정 취업자,천명,Thousand Person
84,O 공공행정 국방 및 사회보장 행정,O Public administration and defence; compulsory social security,산업별,By industry,1270.3,T30,취업자,Employed persons,2026-01-27,101,202209,M,DT_1DA9003S,산업별 계절조정 취업자,천명,Thousand Person
84,O 공공행정 국방 및 사회보장 행정,O Public administration and defence; compulsory social security,산업별,By industry,1258.8,T30,취업자,Employed persons,2026-01-27,101,202210,M,DT_1DA9003S,산업별 계절조정 취업자,천명,Thousand Person
84,O 공공행정 국방 및 사회보장 행정,O Public administration and defence; compulsory social security,산업별,By industry,1248.4,T30,취업자,Employed persons,2026-01-27,101,202211,M,DT_1DA9003S,산업별 계절조정 취업자,천명,Thousand Person
84,O 공공행정 국방 및 사회보장 행정,O Public administration and defence; compulsory social security,산업별,By industry,1272.5,T30,취업자,Employed persons,2026-01-27,101,202212,M,DT_1DA9003S,산업별 계절조정 취업자,천명,Thousand Person
84,O 공공행정 국방 및 사회보장 행정,O Public administration and defence; compulsory social security,산업별,By industry,1263.1,T30,취업자,Employed persons,2026-01-27,101,202301,M,DT_1DA9003S,산업별 계절조정 취업자,천명,Thousand Person
84,O 공공행정 국방 및 사회보장 행정,O Public administration and defence; compulsory social security,산업별,By industry,1244,T30,취업자,Employed persons,2026-01-27,101,202302,M,DT_1DA9003S,산업별 계절조정 취업자,천명,Thousand Person
84,O 공공행정 국방 및 사회보장 행정,O Public administration and defence; compulsory social security,산업별,By industry,1249,T30,취업자,Employed persons,2026-01-27,101,202303,M,DT_1DA9003S,산업별 계절조정 취업자,천명,Thousand Person
84,O 공공행정 국방 및 사회보장 행정,O Public administration and defence; compulsory social security,산업별,By industry,1268.2,T30,취업자,Employed persons,2026-01-27,101,202304,M,DT_1DA9003S,산업별 계절조정 취업자,천명,Thousand Person
84,O 공공행정 국방 및 사회보장 행정,O Public administration and defence; compulsory social security,산업별,By industry,1277.2,T30,취업자,Employed persons,2026-01-27,101,202305,M,DT_1DA9003S,산업별 계절조정 취업자,천명,Thousand Person
84,O 공공행정 국방 및 사회보장 행정,O Public administration and defence; compulsory social security,산업별,By industry,1273.7,T30,취업자,Employed persons,2026-01-27,101,202306,M,DT_1DA9003S,산업별 계절조정 취업자,천명,Thousand Person
84,O 공공행정 국방 및 사회보장 행정,O Public administration and defence; compulsory social security,산업별,By industry,1277.4,T30,취업자,Employed persons,2026-01-27,101,202307,M,DT_1DA9003S,산업별 계절조정 취업자,천명,Thousand Person
84,O 공공행정 국방 및 사회보장 행정,O Public administration and defence; compulsory social security,산업별,By industry,1278.4,T30,취업자,Employed persons,2026-01-27,101,202308,M,DT_1DA9003S,산업별 계절조정 취업자,천명,Thousand Person
84,O 공공행정 국방 및 사회보장 행정,O Public administration and defence; compulsory social security,산업별,By industry,1269.5,T30,취업자,Employed persons,2026-01-27,101,202309,M,DT_1DA9003S,산업별 계절조정 취업자,천명,Thousand Person
84,O 공공행정 국방 및 사회보장 행정,O Public administration and defence; compulsory social security,산업별,By industry,1281.4,T30,취업자,Employed persons,2026-01-27,101,202310,M,DT_1DA9003S,산업별 계절조정 취업자,천명,Thousand Person
84,O 공공행정 국방 및 사회보장 행정,O Public administration and defence; compulsory social security,산업별,By industry,1263.1,T30,취업자,Employed persons,2026-01-27,101,202311,M,DT_1DA9003S,산업별 계절조정 취업자,천명,Thousand Person
84,O 공공행정 국방 및 사회보장 행정,O Public administration and defence; compulsory social security,산업별,By industry,1300,T30,취업자,Employed persons,2026-01-27,101,202312,M,DT_1DA9003S,산업별 계절조정 취업자,천명,Thousand Person
84,O 공공행정 국방 및 사회보장 행정,O Public administration and defence; compulsory social security,산업별,By industry,1323.3,T30,취업자,Employed persons,2026-01-27,101,202401,M,DT_1DA9003S,산업별 계절조정 취업자,천명,Thousand Person
84,O 공공행정 국방 및 사회보장 행정,O Public administration and defence; compulsory social security,산업별,By industry,1325.8,T30,취업자,Employed persons,2026-01-27,101,202402,M,DT_1DA9003S,산업별 계절조정 취업자,천명,Thousand Person
84,O 공공행정 국방 및 사회보장 행정,O Public administration and defence; compulsory social security,산업별,By industry,1288.6,T30,취업자,Employed persons,2026-01-27,101,202403,M,DT_1DA9003S,산업별 계절조정 취업자,천명,Thousand Person
84,O 공공행정 국방 및 사회보장 행정,O Public administration and defence; compulsory social security,산업별,By industry,1286.6,T30,취업자,Employed persons,2026-01-27,101,202404,M,DT_1DA9003S,산업별 계절조정 취업자,천명,Thousand Person
84,O 공공행정 국방 및 사회보장 행정,O Public administration and defence; compulsory social security,산업별,By industry,1292.7,T30,취업자,Employed persons,2026-01-27,101,202405,M,DT_1DA9003S,산업별 계절조정 취업자,천명,Thousand Person
84,O 공공행정 국방 및 사회보장 행정,O Public administration and defence; compulsory social security,산업별,By industry,1299.9,T30,취업자,Employed persons,2026-01-27,101,202406,M,DT_1DA9003S,산업별 계절조정 취업자,천명,Thousand Person
84,O 공공행정 국방 및 사회보장 행정,O Public administration and defence; compulsory social security,산업별,By industry,1307.5,T30,취업자,Employed persons,2026-01-27,101,202407,M,DT_1DA9003S,산업별 계절조정 취업자,천명,Thousand Person
84,O 공공행정 국방 및 사회보장 행정,O Public administration and defence; compulsory social security,산업별,By industry,1308.7,T30,취업자,Employed persons,2026-01-27,101,202408,M,DT_1DA9003S,산업별 계절조정 취업자,천명,Thousand Person
84,O 공공행정 국방 및 사회보장 행정,O Public administration and defence; compulsory social security,산업별,By industry,1318.1,T30,취업자,Employed persons,2026-01-27,101,202409,M,DT_1DA9003S,산업별 계절조정 취업자,천명,Thousand Person
84,O 공공행정 국방 및 사회보장 행정,O Public administration and defence; compulsory social security,산업별,By industry,1319.8,T30,취업자,Employed persons,2026-01-27,101,202410,M,DT_1DA9003S,산업별 계절조정 취업자,천명,Thousand Person
84,O 공공행정 국방 및 사회보장 행정,O Public administration and defence; compulsory social security,산업별,By industry,1323.3,T30,취업자,Employed persons,2026-01-27,101,202411,M,DT_1DA9003S,산업별 계절조정 취업자,천명,Thousand Person
84,O 공공행정 국방 및 사회보장 행정,O Public administration and defence; compulsory social security,산업별,By industry,1306.5,T30,취업자,Employed persons,2026-01-27,101,202412,M,DT_1DA9003S,산업별 계절조정 취업자,천명,Thousand Person
84,O 공공행정 국방 및 사회보장 행정,O Public administration and defence; compulsory social security,산업별,By industry,1356.2,T30,취업자,Employed persons,2026-01-27,101,202501,M,DT_1DA9003S,산업별 계절조정 취업자,천명,Thousand Person
84,O 공공행정 국방 및 사회보장 행정,O Public administration and defence; compulsory social security,산업별,By industry,1360,T30,취업자,Employed persons,2026-01-27,101,202502,M,DT_1DA9003S,산업별 계절조정 취업자,천명,Thousand Person
84,O 공공행정 국방 및 사회보장 행정,O Public administration and defence; compulsory social security,산업별,By industry,1371.8,T30,취업자,Employed persons,2026-01-27,101,202503,M,DT_1DA9003S,산업별 계절조정 취업자,천명,Thousand Person
84,O 공공행정 국방 및 사회보장 행정,O Public administration and defence; compulsory social security,산업별,By industry,1336.9,T30,취업자,Employed persons,2026-01-27,101,202504,M,DT_1DA9003S,산업별 계절조정 취업자,천명,Thousand Person
84,O 공공행정 국방 및 사회보장 행정,O Public administration and defence; compulsory social security,산업별,By industry,1324.3,T30,취업자,Employed persons,2026-01-27,101,202505,M,DT_1DA9003S,산업별 계절조정 취업자,천명,Thousand Person
84,O 공공행정 국방 및 사회보장 행정,O Public administration and defence; compulsory social security,산업별,By industry,1317,T30,취업자,Employed persons,2026-01-27,101,202506,M,DT_1DA9003S,산업별 계절조정 취업자,천명,Thousand Person
84,O 공공행정 국방 및 사회보장 행정,O Public administration and defence; compulsory social security,산업별,By industry,1304,T30,취업자,Employed persons,2026-01-27,101,202507,M,DT_1DA9003S,산업별 계절조정 취업자,천명,Thousand Person
84,O 공공행정 국방 및 사회보장 행정,O Public administration and defence; compulsory social security,산업별,By industry,1311.9,T30,취업자,Employed persons,2026-01-27,101,202508,M,DT_1DA9003S,산업별 계절조정 취업자,천명,Thousand Person
84,O 공공행정 국방 및 사회보장 행정,O Public administration and defence; compulsory social security,산업별,By industry,1324.5,T30,취업자,Employed persons,2026-01-27,101,202509,M,DT_1DA9003S,산업별 계절조정 취업자,천명,Thousand Person
84,O 공공행정 국방 및 사회보장 행정,O Public administration and defence; compulsory social security,산업별,By industry,1323.2,T30,취업자,Employed persons,2026-01-27,101,202510,M,DT_1DA9003S,산업별 계절조정 취업자,천명,Thousand Person
84,O 공공행정 국방 및 사회보장 행정,O Public administration and defence; compulsory social security,산업별,By industry,1320.4,T30,취업자,Employed persons,2026-01-27,101,202511,M,DT_1DA9003S,산업별 계절조정 취업자,천명,Thousand Person
84,O 공공행정 국방 및 사회보장 행정,O Public administration and defence; compulsory social security,산업별,By industry,1303.1,T30,취업자,Employed persons,2026-01-27,101,202512,M,DT_1DA9003S,산업별 계절조정 취업자,천명,Thousand Person
85,P 교육 서비스업,P Education,산업별,By industry,1732.6,T30,취업자,Employed persons,2026-01-27,101,201301,M,DT_1DA9003S,산업별 계절조정 취업자,천명,Thousand Person
85,P 교육 서비스업,P Education,산업별,By industry,1716.8,T30,취업자,Employed persons,2026-01-27,101,201302,M,DT_1DA9003S,산업별 계절조정 취업자,천명,Thousand Person
85,P 교육 서비스업,P Education,산업별,By industry,1722.8,T30,취업자,Employed persons,2026-01-27,101,201303,M,DT_1DA9003S,산업별 계절조정 취업자,천명,Thousand Person
85,P 교육 서비스업,P Education,산업별,By industry,1740.2,T30,취업자,Employed persons,2026-01-27,101,201304,M,DT_1DA9003S,산업별 계절조정 취업자,천명,Thousand Person
85,P 교육 서비스업,P Education,산업별,By industry,1764.2,T30,취업자,Employed persons,2026-01-27,101,201305,M,DT_1DA9003S,산업별 계절조정 취업자,천명,Thousand Person
85,P 교육 서비스업,P Education,산업별,By industry,1774,T30,취업자,Employed persons,2026-01-27,101,201306,M,DT_1DA9003S,산업별 계절조정 취업자,천명,Thousand Person
85,P 교육 서비스업,P Education,산업별,By industry,1801.2,T30,취업자,Employed persons,2026-01-27,101,201307,M,DT_1DA9003S,산업별 계절조정 취업자,천명,Thousand Person
85,P 교육 서비스업,P Education,산업별,By industry,1803.3,T30,취업자,Employed persons,2026-01-27,101,201308,M,DT_1DA9003S,산업별 계절조정 취업자,천명,Thousand Person
85,P 교육 서비스업,P Education,산업별,By industry,1790.5,T30,취업자,Employed persons,2026-01-27,101,201309,M,DT_1DA9003S,산업별 계절조정 취업자,천명,Thousand Person
85,P 교육 서비스업,P Education,산업별,By industry,1785.3,T30,취업자,Employed persons,2026-01-27,101,201310,M,DT_1DA9003S,산업별 계절조정 취업자,천명,Thousand Person
85,P 교육 서비스업,P Education,산업별,By industry,1780.3,T30,취업자,Employed persons,2026-01-27,101,201311,M,DT_1DA9003S,산업별 계절조정 취업자,천명,Thousand Person
85,P 교육 서비스업,P Education,산업별,By industry,1780,T30,취업자,Employed persons,2026-01-27,101,201312,M,DT_1DA9003S,산업별 계절조정 취업자,천명,Thousand Person
85,P 교육 서비스업,P Education,산업별,By industry,1771.2,T30,취업자,Employed persons,2026-01-27,101,201401,M,DT_1DA9003S,산업별 계절조정 취업자,천명,Thousand Person
85,P 교육 서비스업,P Education,산업별,By industry,1823.5,T30,취업자,Employed persons,2026-01-27,101,201402,M,DT_1DA9003S,산업별 계절조정 취업자,천명,Thousand Person
85,P 교육 서비스업,P Education,산업별,By industry,1820.8,T30,취업자,Employed persons,2026-01-27,101,201403,M,DT_1DA9003S,산업별 계절조정 취업자,천명,Thousand Person
85,P 교육 서비스업,P Education,산업별,By industry,1832.5,T30,취업자,Employed persons,2026-01-27,101,201404,M,DT_1DA9003S,산업별 계절조정 취업자,천명,Thousand Person
85,P 교육 서비스업,P Education,산업별,By industry,1818.2,T30,취업자,Employed persons,2026-01-27,101,201405,M,DT_1DA9003S,산업별 계절조정 취업자,천명,Thousand Person
85,P 교육 서비스업,P Education,산업별,By industry,1825.6,T30,취업자,Employed persons,2026-01-27,101,201406,M,DT_1DA9003S,산업별 계절조정 취업자,천명,Thousand Person
85,P 교육 서비스업,P Education,산업별,By industry,1827.7,T30,취업자,Employed persons,2026-01-27,101,201407,M,DT_1DA9003S,산업별 계절조정 취업자,천명,Thousand Person
85,P 교육 서비스업,P Education,산업별,By industry,1842.2,T30,취업자,Employed persons,2026-01-27,101,201408,M,DT_1DA9003S,산업별 계절조정 취업자,천명,Thousand Person
85,P 교육 서비스업,P Education,산업별,By industry,1856.6,T30,취업자,Employed persons,2026-01-27,101,201409,M,DT_1DA9003S,산업별 계절조정 취업자,천명,Thousand Person
85,P 교육 서비스업,P Education,산업별,By industry,1846.5,T30,취업자,Employed persons,2026-01-27,101,201410,M,DT_1DA9003S,산업별 계절조정 취업자,천명,Thousand Person
85,P 교육 서비스업,P Education,산업별,By industry,1847.1,T30,취업자,Employed persons,2026-01-27,101,201411,M,DT_1DA9003S,산업별 계절조정 취업자,천명,Thousand Person
85,P 교육 서비스업,P Education,산업별,By industry,1842.2,T30,취업자,Employed persons,2026-01-27,101,201412,M,DT_1DA9003S,산업별 계절조정 취업자,천명,Thousand Person
85,P 교육 서비스업,P Education,산업별,By industry,1848.8,T30,취업자,Employed persons,2026-01-27,101,201501,M,DT_1DA9003S,산업별 계절조정 취업자,천명,Thousand Person
85,P 교육 서비스업,P Education,산업별,By industry,1846.2,T30,취업자,Employed persons,2026-01-27,101,201502,M,DT_1DA9003S,산업별 계절조정 취업자,천명,Thousand Person
85,P 교육 서비스업,P Education,산업별,By industry,1841.5,T30,취업자,Employed persons,2026-01-27,101,201503,M,DT_1DA9003S,산업별 계절조정 취업자,천명,Thousand Person
85,P 교육 서비스업,P Education,산업별,By industry,1810.8,T30,취업자,Employed persons,2026-01-27,101,201504,M,DT_1DA9003S,산업별 계절조정 취업자,천명,Thousand Person
85,P 교육 서비스업,P Education,산업별,By industry,1813.6,T30,취업자,Employed persons,2026-01-27,101,201505,M,DT_1DA9003S,산업별 계절조정 취업자,천명,Thousand Person
85,P 교육 서비스업,P Education,산업별,By industry,1809.1,T30,취업자,Employed persons,2026-01-27,101,201506,M,DT_1DA9003S,산업별 계절조정 취업자,천명,Thousand Person
85,P 교육 서비스업,P Education,산업별,By industry,1802.3,T30,취업자,Employed persons,2026-01-27,101,201507,M,DT_1DA9003S,산업별 계절조정 취업자,천명,Thousand Person
85,P 교육 서비스업,P Education,산업별,By industry,1825.4,T30,취업자,Employed persons,2026-01-27,101,201508,M,DT_1DA9003S,산업별 계절조정 취업자,천명,Thousand Person
85,P 교육 서비스업,P Education,산업별,By industry,1849.9,T30,취업자,Employed persons,2026-01-27,101,201509,M,DT_1DA9003S,산업별 계절조정 취업자,천명,Thousand Person
85,P 교육 서비스업,P Education,산업별,By industry,1882.8,T30,취업자,Employed persons,2026-01-27,101,201510,M,DT_1DA9003S,산업별 계절조정 취업자,천명,Thousand Person
85,P 교육 서비스업,P Education,산업별,By industry,1835.2,T30,취업자,Employed persons,2026-01-27,101,201511,M,DT_1DA9003S,산업별 계절조정 취업자,천명,Thousand Person
85,P 교육 서비스업,P Education,산업별,By industry,1860.3,T30,취업자,Employed persons,2026-01-27,101,201512,M,DT_1DA9003S,산업별 계절조정 취업자,천명,Thousand Person
85,P 교육 서비스업,P Education,산업별,By industry,1853.2,T30,취업자,Employed persons,2026-01-27,101,201601,M,DT_1DA9003S,산업별 계절조정 취업자,천명,Thousand Person
85,P 교육 서비스업,P Education,산업별,By industry,1852.3,T30,취업자,Employed persons,2026-01-27,101,201602,M,DT_1DA9003S,산업별 계절조정 취업자,천명,Thousand Person
85,P 교육 서비스업,P Education,산업별,By industry,1826,T30,취업자,Employed persons,2026-01-27,101,201603,M,DT_1DA9003S,산업별 계절조정 취업자,천명,Thousand Person
85,P 교육 서비스업,P Education,산업별,By industry,1851.8,T30,취업자,Employed persons,2026-01-27,101,201604,M,DT_1DA9003S,산업별 계절조정 취업자,천명,Thousand Person
85,P 교육 서비스업,P Education,산업별,By industry,1856.5,T30,취업자,Employed persons,2026-01-27,101,201605,M,DT_1DA9003S,산업별 계절조정 취업자,천명,Thousand Person
85,P 교육 서비스업,P Education,산업별,By industry,1854.5,T30,취업자,Employed persons,2026-01-27,101,201606,M,DT_1DA9003S,산업별 계절조정 취업자,천명,Thousand Person
85,P 교육 서비스업,P Education,산업별,By industry,1834.5,T30,취업자,Employed persons,2026-01-27,101,201607,M,DT_1DA9003S,산업별 계절조정 취업자,천명,Thousand Person
85,P 교육 서비스업,P Education,산업별,By industry,1856.4,T30,취업자,Employed persons,2026-01-27,101,201608,M,DT_1DA9003S,산업별 계절조정 취업자,천명,Thousand Person
85,P 교육 서비스업,P Education,산업별,By industry,1889.5,T30,취업자,Employed persons,2026-01-27,101,201609,M,DT_1DA9003S,산업별 계절조정 취업자,천명,Thousand Person
85,P 교육 서비스업,P Education,산업별,By industry,1875.5,T30,취업자,Employed persons,2026-01-27,101,201610,M,DT_1DA9003S,산업별 계절조정 취업자,천명,Thousand Person
85,P 교육 서비스업,P Education,산업별,By industry,1889.4,T30,취업자,Employed persons,2026-01-27,101,201611,M,DT_1DA9003S,산업별 계절조정 취업자,천명,Thousand Person
85,P 교육 서비스업,P Education,산업별,By industry,1907.5,T30,취업자,Employed persons,2026-01-27,101,201612,M,DT_1DA9003S,산업별 계절조정 취업자,천명,Thousand Person
85,P 교육 서비스업,P Education,산업별,By industry,1920.5,T30,취업자,Employed persons,2026-01-27,101,201701,M,DT_1DA9003S,산업별 계절조정 취업자,천명,Thousand Person
85,P 교육 서비스업,P Education,산업별,By industry,1917,T30,취업자,Employed persons,2026-01-27,101,201702,M,DT_1DA9003S,산업별 계절조정 취업자,천명,Thousand Person
85,P 교육 서비스업,P Education,산업별,By industry,1922.5,T30,취업자,Employed persons,2026-01-27,101,201703,M,DT_1DA9003S,산업별 계절조정 취업자,천명,Thousand Person
85,P 교육 서비스업,P Education,산업별,By industry,1937.5,T30,취업자,Employed persons,2026-01-27,101,201704,M,DT_1DA9003S,산업별 계절조정 취업자,천명,Thousand Person
85,P 교육 서비스업,P Education,산업별,By industry,1930.5,T30,취업자,Employed persons,2026-01-27,101,201705,M,DT_1DA9003S,산업별 계절조정 취업자,천명,Thousand Person
85,P 교육 서비스업,P Education,산업별,By industry,1932.7,T30,취업자,Employed persons,2026-01-27,101,201706,M,DT_1DA9003S,산업별 계절조정 취업자,천명,Thousand Person
85,P 교육 서비스업,P Education,산업별,By industry,1916.1,T30,취업자,Employed persons,2026-01-27,101,201707,M,DT_1DA9003S,산업별 계절조정 취업자,천명,Thousand Person
85,P 교육 서비스업,P Education,산업별,By industry,1890.5,T30,취업자,Employed persons,2026-01-27,101,201708,M,DT_1DA9003S,산업별 계절조정 취업자,천명,Thousand Person
85,P 교육 서비스업,P Education,산업별,By industry,1869.1,T30,취업자,Employed persons,2026-01-27,101,201709,M,DT_1DA9003S,산업별 계절조정 취업자,천명,Thousand Person
85,P 교육 서비스업,P Education,산업별,By industry,1878.9,T30,취업자,Employed persons,2026-01-27,101,201710,M,DT_1DA9003S,산업별 계절조정 취업자,천명,Thousand Person
85,P 교육 서비스업,P Education,산업별,By industry,1887.5,T30,취업자,Employed persons,2026-01-27,101,201711,M,DT_1DA9003S,산업별 계절조정 취업자,천명,Thousand Person
85,P 교육 서비스업,P Education,산업별,By industry,1881.8,T30,취업자,Employed persons,2026-01-27,101,201712,M,DT_1DA9003S,산업별 계절조정 취업자,천명,Thousand Person
85,P 교육 서비스업,P Education,산업별,By industry,1854.7,T30,취업자,Employed persons,2026-01-27,101,201801,M,DT_1DA9003S,산업별 계절조정 취업자,천명,Thousand Person
85,P 교육 서비스업,P Education,산업별,By industry,1862.7,T30,취업자,Employed persons,2026-01-27,101,201802,M,DT_1DA9003S,산업별 계절조정 취업자,천명,Thousand Person
85,P 교육 서비스업,P Education,산업별,By industry,1845.6,T30,취업자,Employed persons,2026-01-27,101,201803,M,DT_1DA9003S,산업별 계절조정 취업자,천명,Thousand Person
85,P 교육 서비스업,P Education,산업별,By industry,1832.5,T30,취업자,Employed persons,2026-01-27,101,201804,M,DT_1DA9003S,산업별 계절조정 취업자,천명,Thousand Person
85,P 교육 서비스업,P Education,산업별,By industry,1832.6,T30,취업자,Employed persons,2026-01-27,101,201805,M,DT_1DA9003S,산업별 계절조정 취업자,천명,Thousand Person
85,P 교육 서비스업,P Education,산업별,By industry,1825,T30,취업자,Employed persons,2026-01-27,101,201806,M,DT_1DA9003S,산업별 계절조정 취업자,천명,Thousand Person
85,P 교육 서비스업,P Education,산업별,By industry,1836.9,T30,취업자,Employed persons,2026-01-27,101,201807,M,DT_1DA9003S,산업별 계절조정 취업자,천명,Thousand Person
85,P 교육 서비스업,P Education,산업별,By industry,1855.4,T30,취업자,Employed persons,2026-01-27,101,201808,M,DT_1DA9003S,산업별 계절조정 취업자,천명,Thousand Person
85,P 교육 서비스업,P Education,산업별,By industry,1857.7,T30,취업자,Employed persons,2026-01-27,101,201809,M,DT_1DA9003S,산업별 계절조정 취업자,천명,Thousand Person
85,P 교육 서비스업,P Education,산업별,By industry,1863.5,T30,취업자,Employed persons,2026-01-27,101,201810,M,DT_1DA9003S,산업별 계절조정 취업자,천명,Thousand Person
85,P 교육 서비스업,P Education,산업별,By industry,1844.3,T30,취업자,Employed persons,2026-01-27,101,201811,M,DT_1DA9003S,산업별 계절조정 취업자,천명,Thousand Person
85,P 교육 서비스업,P Education,산업별,By industry,1850.2,T30,취업자,Employed persons,2026-01-27,101,201812,M,DT_1DA9003S,산업별 계절조정 취업자,천명,Thousand Person
85,P 교육 서비스업,P Education,산업별,By industry,1868.9,T30,취업자,Employed persons,2026-01-27,101,201901,M,DT_1DA9003S,산업별 계절조정 취업자,천명,Thousand Person
85,P 교육 서비스업,P Education,산업별,By industry,1879.5,T30,취업자,Employed persons,2026-01-27,101,201902,M,DT_1DA9003S,산업별 계절조정 취업자,천명,Thousand Person
85,P 교육 서비스업,P Education,산업별,By industry,1881.3,T30,취업자,Employed persons,2026-01-27,101,201903,M,DT_1DA9003S,산업별 계절조정 취업자,천명,Thousand Person
85,P 교육 서비스업,P Education,산업별,By industry,1888.8,T30,취업자,Employed persons,2026-01-27,101,201904,M,DT_1DA9003S,산업별 계절조정 취업자,천명,Thousand Person
85,P 교육 서비스업,P Education,산업별,By industry,1869.1,T30,취업자,Employed persons,2026-01-27,101,201905,M,DT_1DA9003S,산업별 계절조정 취업자,천명,Thousand Person
85,P 교육 서비스업,P Education,산업별,By industry,1896.9,T30,취업자,Employed persons,2026-01-27,101,201906,M,DT_1DA9003S,산업별 계절조정 취업자,천명,Thousand Person
85,P 교육 서비스업,P Education,산업별,By industry,1896.3,T30,취업자,Employed persons,2026-01-27,101,201907,M,DT_1DA9003S,산업별 계절조정 취업자,천명,Thousand Person
85,P 교육 서비스업,P Education,산업별,By industry,1878.2,T30,취업자,Employed persons,2026-01-27,101,201908,M,DT_1DA9003S,산업별 계절조정 취업자,천명,Thousand Person
85,P 교육 서비스업,P Education,산업별,By industry,1919.8,T30,취업자,Employed persons,2026-01-27,101,201909,M,DT_1DA9003S,산업별 계절조정 취업자,천명,Thousand Person
85,P 교육 서비스업,P Education,산업별,By industry,1868.8,T30,취업자,Employed persons,2026-01-27,101,201910,M,DT_1DA9003S,산업별 계절조정 취업자,천명,Thousand Person
85,P 교육 서비스업,P Education,산업별,By industry,1877.9,T30,취업자,Employed persons,2026-01-27,101,201911,M,DT_1DA9003S,산업별 계절조정 취업자,천명,Thousand Person
85,P 교육 서비스업,P Education,산업별,By industry,1871.6,T30,취업자,Employed persons,2026-01-27,101,201912,M,DT_1DA9003S,산업별 계절조정 취업자,천명,Thousand Person
85,P 교육 서비스업,P Education,산업별,By industry,1877.4,T30,취업자,Employed persons,2026-01-27,101,202001,M,DT_1DA9003S,산업별 계절조정 취업자,천명,Thousand Person
85,P 교육 서비스업,P Education,산업별,By industry,1871.6,T30,취업자,Employed persons,2026-01-27,101,202002,M,DT_1DA9003S,산업별 계절조정 취업자,천명,Thousand Person
85,P 교육 서비스업,P Education,산업별,By industry,1781.3,T30,취업자,Employed persons,2026-01-27,101,202003,M,DT_1DA9003S,산업별 계절조정 취업자,천명,Thousand Person
85,P 교육 서비스업,P Education,산업별,By industry,1760.1,T30,취업자,Employed persons,2026-01-27,101,202004,M,DT_1DA9003S,산업별 계절조정 취업자,천명,Thousand Person
85,P 교육 서비스업,P Education,산업별,By industry,1798.9,T30,취업자,Employed persons,2026-01-27,101,202005,M,DT_1DA9003S,산업별 계절조정 취업자,천명,Thousand Person
85,P 교육 서비스업,P Education,산업별,By industry,1808.5,T30,취업자,Employed persons,2026-01-27,101,202006,M,DT_1DA9003S,산업별 계절조정 취업자,천명,Thousand Person
85,P 교육 서비스업,P Education,산업별,By industry,1806.5,T30,취업자,Employed persons,2026-01-27,101,202007,M,DT_1DA9003S,산업별 계절조정 취업자,천명,Thousand Person
85,P 교육 서비스업,P Education,산업별,By industry,1789.3,T30,취업자,Employed persons,2026-01-27,101,202008,M,DT_1DA9003S,산업별 계절조정 취업자,천명,Thousand Person
85,P 교육 서비스업,P Education,산업별,By industry,1769.4,T30,취업자,Employed persons,2026-01-27,101,202009,M,DT_1DA9003S,산업별 계절조정 취업자,천명,Thousand Person
85,P 교육 서비스업,P Education,산업별,By industry,1765.4,T30,취업자,Employed persons,2026-01-27,101,202010,M,DT_1DA9003S,산업별 계절조정 취업자,천명,Thousand Person
85,P 교육 서비스업,P Education,산업별,By industry,1771.4,T30,취업자,Employed persons,2026-01-27,101,202011,M,DT_1DA9003S,산업별 계절조정 취업자,천명,Thousand Person
85,P 교육 서비스업,P Education,산업별,By industry,1771.4,T30,취업자,Employed persons,2026-01-27,101,202012,M,DT_1DA9003S,산업별 계절조정 취업자,천명,Thousand Person
85,P 교육 서비스업,P Education,산업별,By industry,1802.7,T30,취업자,Employed persons,2026-01-27,101,202101,M,DT_1DA9003S,산업별 계절조정 취업자,천명,Thousand Person
85,P 교육 서비스업,P Education,산업별,By industry,1789.3,T30,취업자,Employed persons,2026-01-27,101,202102,M,DT_1DA9003S,산업별 계절조정 취업자,천명,Thousand Person
85,P 교육 서비스업,P Education,산업별,By industry,1814,T30,취업자,Employed persons,2026-01-27,101,202103,M,DT_1DA9003S,산업별 계절조정 취업자,천명,Thousand Person
85,P 교육 서비스업,P Education,산업별,By industry,1827.1,T30,취업자,Employed persons,2026-01-27,101,202104,M,DT_1DA9003S,산업별 계절조정 취업자,천명,Thousand Person
85,P 교육 서비스업,P Education,산업별,By industry,1840.3,T30,취업자,Employed persons,2026-01-27,101,202105,M,DT_1DA9003S,산업별 계절조정 취업자,천명,Thousand Person
85,P 교육 서비스업,P Education,산업별,By industry,1829.7,T30,취업자,Employed persons,2026-01-27,101,202106,M,DT_1DA9003S,산업별 계절조정 취업자,천명,Thousand Person
85,P 교육 서비스업,P Education,산업별,By industry,1831,T30,취업자,Employed persons,2026-01-27,101,202107,M,DT_1DA9003S,산업별 계절조정 취업자,천명,Thousand Person
85,P 교육 서비스업,P Education,산업별,By industry,1840.7,T30,취업자,Employed persons,2026-01-27,101,202108,M,DT_1DA9003S,산업별 계절조정 취업자,천명,Thousand Person
85,P 교육 서비스업,P Education,산업별,By industry,1867.4,T30,취업자,Employed persons,2026-01-27,101,202109,M,DT_1DA9003S,산업별 계절조정 취업자,천명,Thousand Person
85,P 교육 서비스업,P Education,산업별,By industry,1872,T30,취업자,Employed persons,2026-01-27,101,202110,M,DT_1DA9003S,산업별 계절조정 취업자,천명,Thousand Person
85,P 교육 서비스업,P Education,산업별,By industry,1874.7,T30,취업자,Employed persons,2026-01-27,101,202111,M,DT_1DA9003S,산업별 계절조정 취업자,천명,Thousand Person
85,P 교육 서비스업,P Education,산업별,By industry,1884.7,T30,취업자,Employed persons,2026-01-27,101,202112,M,DT_1DA9003S,산업별 계절조정 취업자,천명,Thousand Person
85,P 교육 서비스업,P Education,산업별,By industry,1879,T30,취업자,Employed persons,2026-01-27,101,202201,M,DT_1DA9003S,산업별 계절조정 취업자,천명,Thousand Person
85,P 교육 서비스업,P Education,산업별,By industry,1900.3,T30,취업자,Employed persons,2026-01-27,101,202202,M,DT_1DA9003S,산업별 계절조정 취업자,천명,Thousand Person
85,P 교육 서비스업,P Education,산업별,By industry,1901.6,T30,취업자,Employed persons,2026-01-27,101,202203,M,DT_1DA9003S,산업별 계절조정 취업자,천명,Thousand Person
85,P 교육 서비스업,P Education,산업별,By industry,1903.9,T30,취업자,Employed persons,2026-01-27,101,202204,M,DT_1DA9003S,산업별 계절조정 취업자,천명,Thousand Person
85,P 교육 서비스업,P Education,산업별,By industry,1894.7,T30,취업자,Employed persons,2026-01-27,101,202205,M,DT_1DA9003S,산업별 계절조정 취업자,천명,Thousand Person
85,P 교육 서비스업,P Education,산업별,By industry,1907.6,T30,취업자,Employed persons,2026-01-27,101,202206,M,DT_1DA9003S,산업별 계절조정 취업자,천명,Thousand Person
85,P 교육 서비스업,P Education,산업별,By industry,1912.2,T30,취업자,Employed persons,2026-01-27,101,202207,M,DT_1DA9003S,산업별 계절조정 취업자,천명,Thousand Person
85,P 교육 서비스업,P Education,산업별,By industry,1902.8,T30,취업자,Employed persons,2026-01-27,101,202208,M,DT_1DA9003S,산업별 계절조정 취업자,천명,Thousand Person
85,P 교육 서비스업,P Education,산업별,By industry,1893.8,T30,취업자,Employed persons,2026-01-27,101,202209,M,DT_1DA9003S,산업별 계절조정 취업자,천명,Thousand Person
85,P 교육 서비스업,P Education,산업별,By industry,1905.8,T30,취업자,Employed persons,2026-01-27,101,202210,M,DT_1DA9003S,산업별 계절조정 취업자,천명,Thousand Person
85,P 교육 서비스업,P Education,산업별,By industry,1903.2,T30,취업자,Employed persons,2026-01-27,101,202211,M,DT_1DA9003S,산업별 계절조정 취업자,천명,Thousand Person
85,P 교육 서비스업,P Education,산업별,By industry,1909.2,T30,취업자,Employed persons,2026-01-27,101,202212,M,DT_1DA9003S,산업별 계절조정 취업자,천명,Thousand Person
85,P 교육 서비스업,P Education,산업별,By industry,1880.9,T30,취업자,Employed persons,2026-01-27,101,202301,M,DT_1DA9003S,산업별 계절조정 취업자,천명,Thousand Person
85,P 교육 서비스업,P Education,산업별,By industry,1898.6,T30,취업자,Employed persons,2026-01-27,101,202302,M,DT_1DA9003S,산업별 계절조정 취업자,천명,Thousand Person
85,P 교육 서비스업,P Education,산업별,By industry,1910.6,T30,취업자,Employed persons,2026-01-27,101,202303,M,DT_1DA9003S,산업별 계절조정 취업자,천명,Thousand Person
85,P 교육 서비스업,P Education,산업별,By industry,1912.1,T30,취업자,Employed persons,2026-01-27,101,202304,M,DT_1DA9003S,산업별 계절조정 취업자,천명,Thousand Person
85,P 교육 서비스업,P Education,산업별,By industry,1914.6,T30,취업자,Employed persons,2026-01-27,101,202305,M,DT_1DA9003S,산업별 계절조정 취업자,천명,Thousand Person
85,P 교육 서비스업,P Education,산업별,By industry,1935.8,T30,취업자,Employed persons,2026-01-27,101,202306,M,DT_1DA9003S,산업별 계절조정 취업자,천명,Thousand Person
85,P 교육 서비스업,P Education,산업별,By industry,1902.9,T30,취업자,Employed persons,2026-01-27,101,202307,M,DT_1DA9003S,산업별 계절조정 취업자,천명,Thousand Person
85,P 교육 서비스업,P Education,산업별,By industry,1897,T30,취업자,Employed persons,2026-01-27,101,202308,M,DT_1DA9003S,산업별 계절조정 취업자,천명,Thousand Person
85,P 교육 서비스업,P Education,산업별,By industry,1912.8,T30,취업자,Employed persons,2026-01-27,101,202309,M,DT_1DA9003S,산업별 계절조정 취업자,천명,Thousand Person
85,P 교육 서비스업,P Education,산업별,By industry,1862.1,T30,취업자,Employed persons,2026-01-27,101,202310,M,DT_1DA9003S,산업별 계절조정 취업자,천명,Thousand Person
85,P 교육 서비스업,P Education,산업별,By industry,1845.9,T30,취업자,Employed persons,2026-01-27,101,202311,M,DT_1DA9003S,산업별 계절조정 취업자,천명,Thousand Person
85,P 교육 서비스업,P Education,산업별,By industry,1872.8,T30,취업자,Employed persons,2026-01-27,101,202312,M,DT_1DA9003S,산업별 계절조정 취업자,천명,Thousand Person
85,P 교육 서비스업,P Education,산업별,By industry,1868.3,T30,취업자,Employed persons,2026-01-27,101,202401,M,DT_1DA9003S,산업별 계절조정 취업자,천명,Thousand Person
85,P 교육 서비스업,P Education,산업별,By industry,1877.6,T30,취업자,Employed persons,2026-01-27,101,202402,M,DT_1DA9003S,산업별 계절조정 취업자,천명,Thousand Person
85,P 교육 서비스업,P Education,산업별,By industry,1878.4,T30,취업자,Employed persons,2026-01-27,101,202403,M,DT_1DA9003S,산업별 계절조정 취업자,천명,Thousand Person
85,P 교육 서비스업,P Education,산업별,By industry,1864,T30,취업자,Employed persons,2026-01-27,101,202404,M,DT_1DA9003S,산업별 계절조정 취업자,천명,Thousand Person
85,P 교육 서비스업,P Education,산업별,By industry,1870.5,T30,취업자,Employed persons,2026-01-27,101,202405,M,DT_1DA9003S,산업별 계절조정 취업자,천명,Thousand Person
85,P 교육 서비스업,P Education,산업별,By industry,1874,T30,취업자,Employed persons,2026-01-27,101,202406,M,DT_1DA9003S,산업별 계절조정 취업자,천명,Thousand Person
85,P 교육 서비스업,P Education,산업별,By industry,1903.7,T30,취업자,Employed persons,2026-01-27,101,202407,M,DT_1DA9003S,산업별 계절조정 취업자,천명,Thousand Person
85,P 교육 서비스업,P Education,산업별,By industry,1905.9,T30,취업자,Employed persons,2026-01-27,101,202408,M,DT_1DA9003S,산업별 계절조정 취업자,천명,Thousand Person
85,P 교육 서비스업,P Education,산업별,By industry,1923.5,T30,취업자,Employed persons,2026-01-27,101,202409,M,DT_1DA9003S,산업별 계절조정 취업자,천명,Thousand Person
85,P 교육 서비스업,P Education,산업별,By industry,1945,T30,취업자,Employed persons,2026-01-27,101,202410,M,DT_1DA9003S,산업별 계절조정 취업자,천명,Thousand Person
85,P 교육 서비스업,P Education,산업별,By industry,1950.6,T30,취업자,Employed persons,2026-01-27,101,202411,M,DT_1DA9003S,산업별 계절조정 취업자,천명,Thousand Person
85,P 교육 서비스업,P Education,산업별,By industry,1937.5,T30,취업자,Employed persons,2026-01-27,101,202412,M,DT_1DA9003S,산업별 계절조정 취업자,천명,Thousand Person
85,P 교육 서비스업,P Education,산업별,By industry,1933.4,T30,취업자,Employed persons,2026-01-27,101,202501,M,DT_1DA9003S,산업별 계절조정 취업자,천명,Thousand Person
85,P 교육 서비스업,P Education,산업별,By industry,1914.2,T30,취업자,Employed persons,2026-01-27,101,202502,M,DT_1DA9003S,산업별 계절조정 취업자,천명,Thousand Person
85,P 교육 서비스업,P Education,산업별,By industry,1909.1,T30,취업자,Employed persons,2026-01-27,101,202503,M,DT_1DA9003S,산업별 계절조정 취업자,천명,Thousand Person
85,P 교육 서비스업,P Education,산업별,By industry,1932.7,T30,취업자,Employed persons,2026-01-27,101,202504,M,DT_1DA9003S,산업별 계절조정 취업자,천명,Thousand Person
85,P 교육 서비스업,P Education,산업별,By industry,1939.8,T30,취업자,Employed persons,2026-01-27,101,202505,M,DT_1DA9003S,산업별 계절조정 취업자,천명,Thousand Person
85,P 교육 서비스업,P Education,산업별,By industry,1945.1,T30,취업자,Employed persons,2026-01-27,101,202506,M,DT_1DA9003S,산업별 계절조정 취업자,천명,Thousand Person
85,P 교육 서비스업,P Education,산업별,By industry,1940,T30,취업자,Employed persons,2026-01-27,101,202507,M,DT_1DA9003S,산업별 계절조정 취업자,천명,Thousand Person
85,P 교육 서비스업,P Education,산업별,By industry,1953.3,T30,취업자,Employed persons,2026-01-27,101,202508,M,DT_1DA9003S,산업별 계절조정 취업자,천명,Thousand Person
85,P 교육 서비스업,P Education,산업별,By industry,1978.1,T30,취업자,Employed persons,2026-01-27,101,202509,M,DT_1DA9003S,산업별 계절조정 취업자,천명,Thousand Person
85,P 교육 서비스업,P Education,산업별,By industry,1956.2,T30,취업자,Employed persons,2026-01-27,101,202510,M,DT_1DA9003S,산업별 계절조정 취업자,천명,Thousand Person
85,P 교육 서비스업,P Education,산업별,By industry,1957.4,T30,취업자,Employed persons,2026-01-27,101,202511,M,DT_1DA9003S,산업별 계절조정 취업자,천명,Thousand Person
85,P 교육 서비스업,P Education,산업별,By industry,1958.7,T30,취업자,Employed persons,2026-01-27,101,202512,M,DT_1DA9003S,산업별 계절조정 취업자,천명,Thousand Person
86,Q 보건업 및 사회복지 서비스업,Q Human health and social work activities,산업별,By industry,1500.3,T30,취업자,Employed persons,2026-01-27,101,201301,M,DT_1DA9003S,산업별 계절조정 취업자,천명,Thousand Person
86,Q 보건업 및 사회복지 서비스업,Q Human health and social work activities,산업별,By industry,1515.8,T30,취업자,Employed persons,2026-01-27,101,201302,M,DT_1DA9003S,산업별 계절조정 취업자,천명,Thousand Person
86,Q 보건업 및 사회복지 서비스업,Q Human health and social work activities,산업별,By industry,1528.7,T30,취업자,Employed persons,2026-01-27,101,201303,M,DT_1DA9003S,산업별 계절조정 취업자,천명,Thousand Person
86,Q 보건업 및 사회복지 서비스업,Q Human health and social work activities,산업별,By industry,1536.6,T30,취업자,Employed persons,2026-01-27,101,201304,M,DT_1DA9003S,산업별 계절조정 취업자,천명,Thousand Person
86,Q 보건업 및 사회복지 서비스업,Q Human health and social work activities,산업별,By industry,1558.4,T30,취업자,Employed persons,2026-01-27,101,201305,M,DT_1DA9003S,산업별 계절조정 취업자,천명,Thousand Person
86,Q 보건업 및 사회복지 서비스업,Q Human health and social work activities,산업별,By industry,1571.6,T30,취업자,Employed persons,2026-01-27,101,201306,M,DT_1DA9003S,산업별 계절조정 취업자,천명,Thousand Person
86,Q 보건업 및 사회복지 서비스업,Q Human health and social work activities,산업별,By industry,1590,T30,취업자,Employed persons,2026-01-27,101,201307,M,DT_1DA9003S,산업별 계절조정 취업자,천명,Thousand Person
86,Q 보건업 및 사회복지 서비스업,Q Human health and social work activities,산업별,By industry,1574.8,T30,취업자,Employed persons,2026-01-27,101,201308,M,DT_1DA9003S,산업별 계절조정 취업자,천명,Thousand Person
86,Q 보건업 및 사회복지 서비스업,Q Human health and social work activities,산업별,By industry,1584,T30,취업자,Employed persons,2026-01-27,101,201309,M,DT_1DA9003S,산업별 계절조정 취업자,천명,Thousand Person
86,Q 보건업 및 사회복지 서비스업,Q Human health and social work activities,산업별,By industry,1593.2,T30,취업자,Employed persons,2026-01-27,101,201310,M,DT_1DA9003S,산업별 계절조정 취업자,천명,Thousand Person
86,Q 보건업 및 사회복지 서비스업,Q Human health and social work activities,산업별,By industry,1605.2,T30,취업자,Employed persons,2026-01-27,101,201311,M,DT_1DA9003S,산업별 계절조정 취업자,천명,Thousand Person
86,Q 보건업 및 사회복지 서비스업,Q Human health and social work activities,산업별,By industry,1620.5,T30,취업자,Employed persons,2026-01-27,101,201312,M,DT_1DA9003S,산업별 계절조정 취업자,천명,Thousand Person
86,Q 보건업 및 사회복지 서비스업,Q Human health and social work activities,산업별,By industry,1637,T30,취업자,Employed persons,2026-01-27,101,201401,M,DT_1DA9003S,산업별 계절조정 취업자,천명,Thousand Person
86,Q 보건업 및 사회복지 서비스업,Q Human health and social work activities,산업별,By industry,1635.8,T30,취업자,Employed persons,2026-01-27,101,201402,M,DT_1DA9003S,산업별 계절조정 취업자,천명,Thousand Person
86,Q 보건업 및 사회복지 서비스업,Q Human health and social work activities,산업별,By industry,1655.2,T30,취업자,Employed persons,2026-01-27,101,201403,M,DT_1DA9003S,산업별 계절조정 취업자,천명,Thousand Person
86,Q 보건업 및 사회복지 서비스업,Q Human health and social work activities,산업별,By industry,1681.9,T30,취업자,Employed persons,2026-01-27,101,201404,M,DT_1DA9003S,산업별 계절조정 취업자,천명,Thousand Person
86,Q 보건업 및 사회복지 서비스업,Q Human health and social work activities,산업별,By industry,1694.3,T30,취업자,Employed persons,2026-01-27,101,201405,M,DT_1DA9003S,산업별 계절조정 취업자,천명,Thousand Person
86,Q 보건업 및 사회복지 서비스업,Q Human health and social work activities,산업별,By industry,1723.6,T30,취업자,Employed persons,2026-01-27,101,201406,M,DT_1DA9003S,산업별 계절조정 취업자,천명,Thousand Person
86,Q 보건업 및 사회복지 서비스업,Q Human health and social work activities,산업별,By industry,1718,T30,취업자,Employed persons,2026-01-27,101,201407,M,DT_1DA9003S,산업별 계절조정 취업자,천명,Thousand Person
86,Q 보건업 및 사회복지 서비스업,Q Human health and social work activities,산업별,By industry,1734.6,T30,취업자,Employed persons,2026-01-27,101,201408,M,DT_1DA9003S,산업별 계절조정 취업자,천명,Thousand Person
86,Q 보건업 및 사회복지 서비스업,Q Human health and social work activities,산업별,By industry,1736.3,T30,취업자,Employed persons,2026-01-27,101,201409,M,DT_1DA9003S,산업별 계절조정 취업자,천명,Thousand Person
86,Q 보건업 및 사회복지 서비스업,Q Human health and social work activities,산업별,By industry,1739.6,T30,취업자,Employed persons,2026-01-27,101,201410,M,DT_1DA9003S,산업별 계절조정 취업자,천명,Thousand Person
86,Q 보건업 및 사회복지 서비스업,Q Human health and social work activities,산업별,By industry,1760.7,T30,취업자,Employed persons,2026-01-27,101,201411,M,DT_1DA9003S,산업별 계절조정 취업자,천명,Thousand Person
86,Q 보건업 및 사회복지 서비스업,Q Human health and social work activities,산업별,By industry,1777.1,T30,취업자,Employed persons,2026-01-27,101,201412,M,DT_1DA9003S,산업별 계절조정 취업자,천명,Thousand Person
86,Q 보건업 및 사회복지 서비스업,Q Human health and social work activities,산업별,By industry,1804.8,T30,취업자,Employed persons,2026-01-27,101,201501,M,DT_1DA9003S,산업별 계절조정 취업자,천명,Thousand Person
86,Q 보건업 및 사회복지 서비스업,Q Human health and social work activities,산업별,By industry,1771.7,T30,취업자,Employed persons,2026-01-27,101,201502,M,DT_1DA9003S,산업별 계절조정 취업자,천명,Thousand Person
86,Q 보건업 및 사회복지 서비스업,Q Human health and social work activities,산업별,By industry,1731,T30,취업자,Employed persons,2026-01-27,101,201503,M,DT_1DA9003S,산업별 계절조정 취업자,천명,Thousand Person
86,Q 보건업 및 사회복지 서비스업,Q Human health and social work activities,산업별,By industry,1758.5,T30,취업자,Employed persons,2026-01-27,101,201504,M,DT_1DA9003S,산업별 계절조정 취업자,천명,Thousand Person
86,Q 보건업 및 사회복지 서비스업,Q Human health and social work activities,산업별,By industry,1769.5,T30,취업자,Employed persons,2026-01-27,101,201505,M,DT_1DA9003S,산업별 계절조정 취업자,천명,Thousand Person
86,Q 보건업 및 사회복지 서비스업,Q Human health and social work activities,산업별,By industry,1758.4,T30,취업자,Employed persons,2026-01-27,101,201506,M,DT_1DA9003S,산업별 계절조정 취업자,천명,Thousand Person
86,Q 보건업 및 사회복지 서비스업,Q Human health and social work activities,산업별,By industry,1746.5,T30,취업자,Employed persons,2026-01-27,101,201507,M,DT_1DA9003S,산업별 계절조정 취업자,천명,Thousand Person
86,Q 보건업 및 사회복지 서비스업,Q Human health and social work activities,산업별,By industry,1776.2,T30,취업자,Employed persons,2026-01-27,101,201508,M,DT_1DA9003S,산업별 계절조정 취업자,천명,Thousand Person
86,Q 보건업 및 사회복지 서비스업,Q Human health and social work activities,산업별,By industry,1799.9,T30,취업자,Employed persons,2026-01-27,101,201509,M,DT_1DA9003S,산업별 계절조정 취업자,천명,Thousand Person
86,Q 보건업 및 사회복지 서비스업,Q Human health and social work activities,산업별,By industry,1796.8,T30,취업자,Employed persons,2026-01-27,101,201510,M,DT_1DA9003S,산업별 계절조정 취업자,천명,Thousand Person
86,Q 보건업 및 사회복지 서비스업,Q Human health and social work activities,산업별,By industry,1804.1,T30,취업자,Employed persons,2026-01-27,101,201511,M,DT_1DA9003S,산업별 계절조정 취업자,천명,Thousand Person
86,Q 보건업 및 사회복지 서비스업,Q Human health and social work activities,산업별,By industry,1859.1,T30,취업자,Employed persons,2026-01-27,101,201512,M,DT_1DA9003S,산업별 계절조정 취업자,천명,Thousand Person
86,Q 보건업 및 사회복지 서비스업,Q Human health and social work activities,산업별,By industry,1838.2,T30,취업자,Employed persons,2026-01-27,101,201601,M,DT_1DA9003S,산업별 계절조정 취업자,천명,Thousand Person
86,Q 보건업 및 사회복지 서비스업,Q Human health and social work activities,산업별,By industry,1813.1,T30,취업자,Employed persons,2026-01-27,101,201602,M,DT_1DA9003S,산업별 계절조정 취업자,천명,Thousand Person
86,Q 보건업 및 사회복지 서비스업,Q Human health and social work activities,산업별,By industry,1818.7,T30,취업자,Employed persons,2026-01-27,101,201603,M,DT_1DA9003S,산업별 계절조정 취업자,천명,Thousand Person
86,Q 보건업 및 사회복지 서비스업,Q Human health and social work activities,산업별,By industry,1840,T30,취업자,Employed persons,2026-01-27,101,201604,M,DT_1DA9003S,산업별 계절조정 취업자,천명,Thousand Person
86,Q 보건업 및 사회복지 서비스업,Q Human health and social work activities,산업별,By industry,1854.8,T30,취업자,Employed persons,2026-01-27,101,201605,M,DT_1DA9003S,산업별 계절조정 취업자,천명,Thousand Person
86,Q 보건업 및 사회복지 서비스업,Q Human health and social work activities,산업별,By industry,1850,T30,취업자,Employed persons,2026-01-27,101,201606,M,DT_1DA9003S,산업별 계절조정 취업자,천명,Thousand Person
86,Q 보건업 및 사회복지 서비스업,Q Human health and social work activities,산업별,By industry,1856.9,T30,취업자,Employed persons,2026-01-27,101,201607,M,DT_1DA9003S,산업별 계절조정 취업자,천명,Thousand Person
86,Q 보건업 및 사회복지 서비스업,Q Human health and social work activities,산업별,By industry,1869.6,T30,취업자,Employed persons,2026-01-27,101,201608,M,DT_1DA9003S,산업별 계절조정 취업자,천명,Thousand Person
86,Q 보건업 및 사회복지 서비스업,Q Human health and social work activities,산업별,By industry,1874,T30,취업자,Employed persons,2026-01-27,101,201609,M,DT_1DA9003S,산업별 계절조정 취업자,천명,Thousand Person
86,Q 보건업 및 사회복지 서비스업,Q Human health and social work activities,산업별,By industry,1884.5,T30,취업자,Employed persons,2026-01-27,101,201610,M,DT_1DA9003S,산업별 계절조정 취업자,천명,Thousand Person
86,Q 보건업 및 사회복지 서비스업,Q Human health and social work activities,산업별,By industry,1887.9,T30,취업자,Employed persons,2026-01-27,101,201611,M,DT_1DA9003S,산업별 계절조정 취업자,천명,Thousand Person
86,Q 보건업 및 사회복지 서비스업,Q Human health and social work activities,산업별,By industry,1941.1,T30,취업자,Employed persons,2026-01-27,101,201612,M,DT_1DA9003S,산업별 계절조정 취업자,천명,Thousand Person
86,Q 보건업 및 사회복지 서비스업,Q Human health and social work activities,산업별,By industry,1906.1,T30,취업자,Employed persons,2026-01-27,101,201701,M,DT_1DA9003S,산업별 계절조정 취업자,천명,Thousand Person
86,Q 보건업 및 사회복지 서비스업,Q Human health and social work activities,산업별,By industry,1885.3,T30,취업자,Employed persons,2026-01-27,101,201702,M,DT_1DA9003S,산업별 계절조정 취업자,천명,Thousand Person
86,Q 보건업 및 사회복지 서비스업,Q Human health and social work activities,산업별,By industry,1919.6,T30,취업자,Employed persons,2026-01-27,101,201703,M,DT_1DA9003S,산업별 계절조정 취업자,천명,Thousand Person
86,Q 보건업 및 사회복지 서비스업,Q Human health and social work activities,산업별,By industry,1907.5,T30,취업자,Employed persons,2026-01-27,101,201704,M,DT_1DA9003S,산업별 계절조정 취업자,천명,Thousand Person
86,Q 보건업 및 사회복지 서비스업,Q Human health and social work activities,산업별,By industry,1906.2,T30,취업자,Employed persons,2026-01-27,101,201705,M,DT_1DA9003S,산업별 계절조정 취업자,천명,Thousand Person
86,Q 보건업 및 사회복지 서비스업,Q Human health and social work activities,산업별,By industry,1898.8,T30,취업자,Employed persons,2026-01-27,101,201706,M,DT_1DA9003S,산업별 계절조정 취업자,천명,Thousand Person
86,Q 보건업 및 사회복지 서비스업,Q Human health and social work activities,산업별,By industry,1909,T30,취업자,Employed persons,2026-01-27,101,201707,M,DT_1DA9003S,산업별 계절조정 취업자,천명,Thousand Person
86,Q 보건업 및 사회복지 서비스업,Q Human health and social work activities,산업별,By industry,1911.6,T30,취업자,Employed persons,2026-01-27,101,201708,M,DT_1DA9003S,산업별 계절조정 취업자,천명,Thousand Person
86,Q 보건업 및 사회복지 서비스업,Q Human health and social work activities,산업별,By industry,1933.4,T30,취업자,Employed persons,2026-01-27,101,201709,M,DT_1DA9003S,산업별 계절조정 취업자,천명,Thousand Person
86,Q 보건업 및 사회복지 서비스업,Q Human health and social work activities,산업별,By industry,1949.6,T30,취업자,Employed persons,2026-01-27,101,201710,M,DT_1DA9003S,산업별 계절조정 취업자,천명,Thousand Person
86,Q 보건업 및 사회복지 서비스업,Q Human health and social work activities,산업별,By industry,1959.3,T30,취업자,Employed persons,2026-01-27,101,201711,M,DT_1DA9003S,산업별 계절조정 취업자,천명,Thousand Person
86,Q 보건업 및 사회복지 서비스업,Q Human health and social work activities,산업별,By industry,1969.7,T30,취업자,Employed persons,2026-01-27,101,201712,M,DT_1DA9003S,산업별 계절조정 취업자,천명,Thousand Person
86,Q 보건업 및 사회복지 서비스업,Q Human health and social work activities,산업별,By industry,1953.8,T30,취업자,Employed persons,2026-01-27,101,201801,M,DT_1DA9003S,산업별 계절조정 취업자,천명,Thousand Person
86,Q 보건업 및 사회복지 서비스업,Q Human health and social work activities,산업별,By industry,1905.9,T30,취업자,Employed persons,2026-01-27,101,201802,M,DT_1DA9003S,산업별 계절조정 취업자,천명,Thousand Person
86,Q 보건업 및 사회복지 서비스업,Q Human health and social work activities,산업별,By industry,2008.1,T30,취업자,Employed persons,2026-01-27,101,201803,M,DT_1DA9003S,산업별 계절조정 취업자,천명,Thousand Person
86,Q 보건업 및 사회복지 서비스업,Q Human health and social work activities,산업별,By industry,2050.2,T30,취업자,Employed persons,2026-01-27,101,201804,M,DT_1DA9003S,산업별 계절조정 취업자,천명,Thousand Person
86,Q 보건업 및 사회복지 서비스업,Q Human health and social work activities,산업별,By industry,2041.3,T30,취업자,Employed persons,2026-01-27,101,201805,M,DT_1DA9003S,산업별 계절조정 취업자,천명,Thousand Person
86,Q 보건업 및 사회복지 서비스업,Q Human health and social work activities,산업별,By industry,2057.2,T30,취업자,Employed persons,2026-01-27,101,201806,M,DT_1DA9003S,산업별 계절조정 취업자,천명,Thousand Person
86,Q 보건업 및 사회복지 서비스업,Q Human health and social work activities,산업별,By industry,2054.3,T30,취업자,Employed persons,2026-01-27,101,201807,M,DT_1DA9003S,산업별 계절조정 취업자,천명,Thousand Person
86,Q 보건업 및 사회복지 서비스업,Q Human health and social work activities,산업별,By industry,2051,T30,취업자,Employed persons,2026-01-27,101,201808,M,DT_1DA9003S,산업별 계절조정 취업자,천명,Thousand Person
86,Q 보건업 및 사회복지 서비스업,Q Human health and social work activities,산업별,By industry,2063.4,T30,취업자,Employed persons,2026-01-27,101,201809,M,DT_1DA9003S,산업별 계절조정 취업자,천명,Thousand Person
86,Q 보건업 및 사회복지 서비스업,Q Human health and social work activities,산업별,By industry,2103.6,T30,취업자,Employed persons,2026-01-27,101,201810,M,DT_1DA9003S,산업별 계절조정 취업자,천명,Thousand Person
86,Q 보건업 및 사회복지 서비스업,Q Human health and social work activities,산업별,By industry,2119.8,T30,취업자,Employed persons,2026-01-27,101,201811,M,DT_1DA9003S,산업별 계절조정 취업자,천명,Thousand Person
86,Q 보건업 및 사회복지 서비스업,Q Human health and social work activities,산업별,By industry,2136.7,T30,취업자,Employed persons,2026-01-27,101,201812,M,DT_1DA9003S,산업별 계절조정 취업자,천명,Thousand Person
86,Q 보건업 및 사회복지 서비스업,Q Human health and social work activities,산업별,By industry,2151.6,T30,취업자,Employed persons,2026-01-27,101,201901,M,DT_1DA9003S,산업별 계절조정 취업자,천명,Thousand Person
86,Q 보건업 및 사회복지 서비스업,Q Human health and social work activities,산업별,By industry,2145.7,T30,취업자,Employed persons,2026-01-27,101,201902,M,DT_1DA9003S,산업별 계절조정 취업자,천명,Thousand Person
86,Q 보건업 및 사회복지 서비스업,Q Human health and social work activities,산업별,By industry,2179.9,T30,취업자,Employed persons,2026-01-27,101,201903,M,DT_1DA9003S,산업별 계절조정 취업자,천명,Thousand Person
86,Q 보건업 및 사회복지 서비스업,Q Human health and social work activities,산업별,By industry,2176.4,T30,취업자,Employed persons,2026-01-27,101,201904,M,DT_1DA9003S,산업별 계절조정 취업자,천명,Thousand Person
86,Q 보건업 및 사회복지 서비스업,Q Human health and social work activities,산업별,By industry,2162.8,T30,취업자,Employed persons,2026-01-27,101,201905,M,DT_1DA9003S,산업별 계절조정 취업자,천명,Thousand Person
86,Q 보건업 및 사회복지 서비스업,Q Human health and social work activities,산업별,By industry,2179.5,T30,취업자,Employed persons,2026-01-27,101,201906,M,DT_1DA9003S,산업별 계절조정 취업자,천명,Thousand Person
86,Q 보건업 및 사회복지 서비스업,Q Human health and social work activities,산업별,By industry,2195.7,T30,취업자,Employed persons,2026-01-27,101,201907,M,DT_1DA9003S,산업별 계절조정 취업자,천명,Thousand Person
86,Q 보건업 및 사회복지 서비스업,Q Human health and social work activities,산업별,By industry,2218.7,T30,취업자,Employed persons,2026-01-27,101,201908,M,DT_1DA9003S,산업별 계절조정 취업자,천명,Thousand Person
86,Q 보건업 및 사회복지 서비스업,Q Human health and social work activities,산업별,By industry,2228.9,T30,취업자,Employed persons,2026-01-27,101,201909,M,DT_1DA9003S,산업별 계절조정 취업자,천명,Thousand Person
86,Q 보건업 및 사회복지 서비스업,Q Human health and social work activities,산업별,By industry,2250.3,T30,취업자,Employed persons,2026-01-27,101,201910,M,DT_1DA9003S,산업별 계절조정 취업자,천명,Thousand Person
86,Q 보건업 및 사회복지 서비스업,Q Human health and social work activities,산업별,By industry,2251.5,T30,취업자,Employed persons,2026-01-27,101,201911,M,DT_1DA9003S,산업별 계절조정 취업자,천명,Thousand Person
86,Q 보건업 및 사회복지 서비스업,Q Human health and social work activities,산업별,By industry,2330.7,T30,취업자,Employed persons,2026-01-27,101,201912,M,DT_1DA9003S,산업별 계절조정 취업자,천명,Thousand Person
86,Q 보건업 및 사회복지 서비스업,Q Human health and social work activities,산업별,By industry,2362.9,T30,취업자,Employed persons,2026-01-27,101,202001,M,DT_1DA9003S,산업별 계절조정 취업자,천명,Thousand Person
86,Q 보건업 및 사회복지 서비스업,Q Human health and social work activities,산업별,By industry,2347.1,T30,취업자,Employed persons,2026-01-27,101,202002,M,DT_1DA9003S,산업별 계절조정 취업자,천명,Thousand Person
86,Q 보건업 및 사회복지 서비스업,Q Human health and social work activities,산업별,By industry,2261.8,T30,취업자,Employed persons,2026-01-27,101,202003,M,DT_1DA9003S,산업별 계절조정 취업자,천명,Thousand Person
86,Q 보건업 및 사회복지 서비스업,Q Human health and social work activities,산업별,By industry,2253.2,T30,취업자,Employed persons,2026-01-27,101,202004,M,DT_1DA9003S,산업별 계절조정 취업자,천명,Thousand Person
86,Q 보건업 및 사회복지 서비스업,Q Human health and social work activities,산업별,By industry,2290.5,T30,취업자,Employed persons,2026-01-27,101,202005,M,DT_1DA9003S,산업별 계절조정 취업자,천명,Thousand Person
86,Q 보건업 및 사회복지 서비스업,Q Human health and social work activities,산업별,By industry,2340,T30,취업자,Employed persons,2026-01-27,101,202006,M,DT_1DA9003S,산업별 계절조정 취업자,천명,Thousand Person
86,Q 보건업 및 사회복지 서비스업,Q Human health and social work activities,산업별,By industry,2350.4,T30,취업자,Employed persons,2026-01-27,101,202007,M,DT_1DA9003S,산업별 계절조정 취업자,천명,Thousand Person
86,Q 보건업 및 사회복지 서비스업,Q Human health and social work activities,산업별,By industry,2373.4,T30,취업자,Employed persons,2026-01-27,101,202008,M,DT_1DA9003S,산업별 계절조정 취업자,천명,Thousand Person
86,Q 보건업 및 사회복지 서비스업,Q Human health and social work activities,산업별,By industry,2360.1,T30,취업자,Employed persons,2026-01-27,101,202009,M,DT_1DA9003S,산업별 계절조정 취업자,천명,Thousand Person
86,Q 보건업 및 사회복지 서비스업,Q Human health and social work activities,산업별,By industry,2351.8,T30,취업자,Employed persons,2026-01-27,101,202010,M,DT_1DA9003S,산업별 계절조정 취업자,천명,Thousand Person
86,Q 보건업 및 사회복지 서비스업,Q Human health and social work activities,산업별,By industry,2362.5,T30,취업자,Employed persons,2026-01-27,101,202011,M,DT_1DA9003S,산업별 계절조정 취업자,천명,Thousand Person
86,Q 보건업 및 사회복지 서비스업,Q Human health and social work activities,산업별,By industry,2386.7,T30,취업자,Employed persons,2026-01-27,101,202012,M,DT_1DA9003S,산업별 계절조정 취업자,천명,Thousand Person
86,Q 보건업 및 사회복지 서비스업,Q Human health and social work activities,산업별,By industry,2291.6,T30,취업자,Employed persons,2026-01-27,101,202101,M,DT_1DA9003S,산업별 계절조정 취업자,천명,Thousand Person
86,Q 보건업 및 사회복지 서비스업,Q Human health and social work activities,산업별,By industry,2433.1,T30,취업자,Employed persons,2026-01-27,101,202102,M,DT_1DA9003S,산업별 계절조정 취업자,천명,Thousand Person
86,Q 보건업 및 사회복지 서비스업,Q Human health and social work activities,산업별,By industry,2433.4,T30,취업자,Employed persons,2026-01-27,101,202103,M,DT_1DA9003S,산업별 계절조정 취업자,천명,Thousand Person
86,Q 보건업 및 사회복지 서비스업,Q Human health and social work activities,산업별,By industry,2475.2,T30,취업자,Employed persons,2026-01-27,101,202104,M,DT_1DA9003S,산업별 계절조정 취업자,천명,Thousand Person
86,Q 보건업 및 사회복지 서비스업,Q Human health and social work activities,산업별,By industry,2525.7,T30,취업자,Employed persons,2026-01-27,101,202105,M,DT_1DA9003S,산업별 계절조정 취업자,천명,Thousand Person
86,Q 보건업 및 사회복지 서비스업,Q Human health and social work activities,산업별,By industry,2543,T30,취업자,Employed persons,2026-01-27,101,202106,M,DT_1DA9003S,산업별 계절조정 취업자,천명,Thousand Person
86,Q 보건업 및 사회복지 서비스업,Q Human health and social work activities,산업별,By industry,2579.1,T30,취업자,Employed persons,2026-01-27,101,202107,M,DT_1DA9003S,산업별 계절조정 취업자,천명,Thousand Person
86,Q 보건업 및 사회복지 서비스업,Q Human health and social work activities,산업별,By industry,2609.7,T30,취업자,Employed persons,2026-01-27,101,202108,M,DT_1DA9003S,산업별 계절조정 취업자,천명,Thousand Person
86,Q 보건업 및 사회복지 서비스업,Q Human health and social work activities,산업별,By industry,2633.5,T30,취업자,Employed persons,2026-01-27,101,202109,M,DT_1DA9003S,산업별 계절조정 취업자,천명,Thousand Person
86,Q 보건업 및 사회복지 서비스업,Q Human health and social work activities,산업별,By industry,2644,T30,취업자,Employed persons,2026-01-27,101,202110,M,DT_1DA9003S,산업별 계절조정 취업자,천명,Thousand Person
86,Q 보건업 및 사회복지 서비스업,Q Human health and social work activities,산업별,By industry,2635.1,T30,취업자,Employed persons,2026-01-27,101,202111,M,DT_1DA9003S,산업별 계절조정 취업자,천명,Thousand Person
86,Q 보건업 및 사회복지 서비스업,Q Human health and social work activities,산업별,By industry,2579.8,T30,취업자,Employed persons,2026-01-27,101,202112,M,DT_1DA9003S,산업별 계절조정 취업자,천명,Thousand Person
86,Q 보건업 및 사회복지 서비스업,Q Human health and social work activities,산업별,By industry,2570,T30,취업자,Employed persons,2026-01-27,101,202201,M,DT_1DA9003S,산업별 계절조정 취업자,천명,Thousand Person
86,Q 보건업 및 사회복지 서비스업,Q Human health and social work activities,산업별,By industry,2686,T30,취업자,Employed persons,2026-01-27,101,202202,M,DT_1DA9003S,산업별 계절조정 취업자,천명,Thousand Person
86,Q 보건업 및 사회복지 서비스업,Q Human health and social work activities,산업별,By industry,2684.7,T30,취업자,Employed persons,2026-01-27,101,202203,M,DT_1DA9003S,산업별 계절조정 취업자,천명,Thousand Person
86,Q 보건업 및 사회복지 서비스업,Q Human health and social work activities,산업별,By industry,2703,T30,취업자,Employed persons,2026-01-27,101,202204,M,DT_1DA9003S,산업별 계절조정 취업자,천명,Thousand Person
86,Q 보건업 및 사회복지 서비스업,Q Human health and social work activities,산업별,By industry,2697.8,T30,취업자,Employed persons,2026-01-27,101,202205,M,DT_1DA9003S,산업별 계절조정 취업자,천명,Thousand Person
86,Q 보건업 및 사회복지 서비스업,Q Human health and social work activities,산업별,By industry,2716.6,T30,취업자,Employed persons,2026-01-27,101,202206,M,DT_1DA9003S,산업별 계절조정 취업자,천명,Thousand Person
86,Q 보건업 및 사회복지 서비스업,Q Human health and social work activities,산업별,By industry,2703.4,T30,취업자,Employed persons,2026-01-27,101,202207,M,DT_1DA9003S,산업별 계절조정 취업자,천명,Thousand Person
86,Q 보건업 및 사회복지 서비스업,Q Human health and social work activities,산업별,By industry,2727.8,T30,취업자,Employed persons,2026-01-27,101,202208,M,DT_1DA9003S,산업별 계절조정 취업자,천명,Thousand Person
86,Q 보건업 및 사회복지 서비스업,Q Human health and social work activities,산업별,By industry,2746.6,T30,취업자,Employed persons,2026-01-27,101,202209,M,DT_1DA9003S,산업별 계절조정 취업자,천명,Thousand Person
86,Q 보건업 및 사회복지 서비스업,Q Human health and social work activities,산업별,By industry,2761.6,T30,취업자,Employed persons,2026-01-27,101,202210,M,DT_1DA9003S,산업별 계절조정 취업자,천명,Thousand Person
86,Q 보건업 및 사회복지 서비스업,Q Human health and social work activities,산업별,By industry,2779.9,T30,취업자,Employed persons,2026-01-27,101,202211,M,DT_1DA9003S,산업별 계절조정 취업자,천명,Thousand Person
86,Q 보건업 및 사회복지 서비스업,Q Human health and social work activities,산업별,By industry,2784.1,T30,취업자,Employed persons,2026-01-27,101,202212,M,DT_1DA9003S,산업별 계절조정 취업자,천명,Thousand Person
86,Q 보건업 및 사회복지 서비스업,Q Human health and social work activities,산업별,By industry,2816.4,T30,취업자,Employed persons,2026-01-27,101,202301,M,DT_1DA9003S,산업별 계절조정 취업자,천명,Thousand Person
86,Q 보건업 및 사회복지 서비스업,Q Human health and social work activities,산업별,By industry,2875.3,T30,취업자,Employed persons,2026-01-27,101,202302,M,DT_1DA9003S,산업별 계절조정 취업자,천명,Thousand Person
86,Q 보건업 및 사회복지 서비스업,Q Human health and social work activities,산업별,By industry,2871.8,T30,취업자,Employed persons,2026-01-27,101,202303,M,DT_1DA9003S,산업별 계절조정 취업자,천명,Thousand Person
86,Q 보건업 및 사회복지 서비스업,Q Human health and social work activities,산업별,By industry,2850.3,T30,취업자,Employed persons,2026-01-27,101,202304,M,DT_1DA9003S,산업별 계절조정 취업자,천명,Thousand Person
86,Q 보건업 및 사회복지 서비스업,Q Human health and social work activities,산업별,By industry,2857.6,T30,취업자,Employed persons,2026-01-27,101,202305,M,DT_1DA9003S,산업별 계절조정 취업자,천명,Thousand Person
86,Q 보건업 및 사회복지 서비스업,Q Human health and social work activities,산업별,By industry,2839.9,T30,취업자,Employed persons,2026-01-27,101,202306,M,DT_1DA9003S,산업별 계절조정 취업자,천명,Thousand Person
86,Q 보건업 및 사회복지 서비스업,Q Human health and social work activities,산업별,By industry,2843.1,T30,취업자,Employed persons,2026-01-27,101,202307,M,DT_1DA9003S,산업별 계절조정 취업자,천명,Thousand Person
86,Q 보건업 및 사회복지 서비스업,Q Human health and social work activities,산업별,By industry,2860.6,T30,취업자,Employed persons,2026-01-27,101,202308,M,DT_1DA9003S,산업별 계절조정 취업자,천명,Thousand Person
86,Q 보건업 및 사회복지 서비스업,Q Human health and social work activities,산업별,By industry,2861.2,T30,취업자,Employed persons,2026-01-27,101,202309,M,DT_1DA9003S,산업별 계절조정 취업자,천명,Thousand Person
86,Q 보건업 및 사회복지 서비스업,Q Human health and social work activities,산업별,By industry,2863,T30,취업자,Employed persons,2026-01-27,101,202310,M,DT_1DA9003S,산업별 계절조정 취업자,천명,Thousand Person
86,Q 보건업 및 사회복지 서비스업,Q Human health and social work activities,산업별,By industry,2861.9,T30,취업자,Employed persons,2026-01-27,101,202311,M,DT_1DA9003S,산업별 계절조정 취업자,천명,Thousand Person
86,Q 보건업 및 사회복지 서비스업,Q Human health and social work activities,산업별,By industry,2892.2,T30,취업자,Employed persons,2026-01-27,101,202312,M,DT_1DA9003S,산업별 계절조정 취업자,천명,Thousand Person
86,Q 보건업 및 사회복지 서비스업,Q Human health and social work activities,산업별,By industry,2935.5,T30,취업자,Employed persons,2026-01-27,101,202401,M,DT_1DA9003S,산업별 계절조정 취업자,천명,Thousand Person
86,Q 보건업 및 사회복지 서비스업,Q Human health and social work activities,산업별,By industry,2942.2,T30,취업자,Employed persons,2026-01-27,101,202402,M,DT_1DA9003S,산업별 계절조정 취업자,천명,Thousand Person
86,Q 보건업 및 사회복지 서비스업,Q Human health and social work activities,산업별,By industry,2923.5,T30,취업자,Employed persons,2026-01-27,101,202403,M,DT_1DA9003S,산업별 계절조정 취업자,천명,Thousand Person
86,Q 보건업 및 사회복지 서비스업,Q Human health and social work activities,산업별,By industry,2942.5,T30,취업자,Employed persons,2026-01-27,101,202404,M,DT_1DA9003S,산업별 계절조정 취업자,천명,Thousand Person
86,Q 보건업 및 사회복지 서비스업,Q Human health and social work activities,산업별,By industry,2946.5,T30,취업자,Employed persons,2026-01-27,101,202405,M,DT_1DA9003S,산업별 계절조정 취업자,천명,Thousand Person
86,Q 보건업 및 사회복지 서비스업,Q Human health and social work activities,산업별,By industry,2958.7,T30,취업자,Employed persons,2026-01-27,101,202406,M,DT_1DA9003S,산업별 계절조정 취업자,천명,Thousand Person
86,Q 보건업 및 사회복지 서비스업,Q Human health and social work activities,산업별,By industry,2954.4,T30,취업자,Employed persons,2026-01-27,101,202407,M,DT_1DA9003S,산업별 계절조정 취업자,천명,Thousand Person
86,Q 보건업 및 사회복지 서비스업,Q Human health and social work activities,산업별,By industry,2921.3,T30,취업자,Employed persons,2026-01-27,101,202408,M,DT_1DA9003S,산업별 계절조정 취업자,천명,Thousand Person
86,Q 보건업 및 사회복지 서비스업,Q Human health and social work activities,산업별,By industry,2933.1,T30,취업자,Employed persons,2026-01-27,101,202409,M,DT_1DA9003S,산업별 계절조정 취업자,천명,Thousand Person
86,Q 보건업 및 사회복지 서비스업,Q Human health and social work activities,산업별,By industry,2957.2,T30,취업자,Employed persons,2026-01-27,101,202410,M,DT_1DA9003S,산업별 계절조정 취업자,천명,Thousand Person
86,Q 보건업 및 사회복지 서비스업,Q Human health and social work activities,산업별,By industry,2971.4,T30,취업자,Employed persons,2026-01-27,101,202411,M,DT_1DA9003S,산업별 계절조정 취업자,천명,Thousand Person
86,Q 보건업 및 사회복지 서비스업,Q Human health and social work activities,산업별,By industry,2896.6,T30,취업자,Employed persons,2026-01-27,101,202412,M,DT_1DA9003S,산업별 계절조정 취업자,천명,Thousand Person
86,Q 보건업 및 사회복지 서비스업,Q Human health and social work activities,산업별,By industry,3071.6,T30,취업자,Employed persons,2026-01-27,101,202501,M,DT_1DA9003S,산업별 계절조정 취업자,천명,Thousand Person
86,Q 보건업 및 사회복지 서비스업,Q Human health and social work activities,산업별,By industry,3132.7,T30,취업자,Employed persons,2026-01-27,101,202502,M,DT_1DA9003S,산업별 계절조정 취업자,천명,Thousand Person
86,Q 보건업 및 사회복지 서비스업,Q Human health and social work activities,산업별,By industry,3137.6,T30,취업자,Employed persons,2026-01-27,101,202503,M,DT_1DA9003S,산업별 계절조정 취업자,천명,Thousand Person
86,Q 보건업 및 사회복지 서비스업,Q Human health and social work activities,산업별,By industry,3157.5,T30,취업자,Employed persons,2026-01-27,101,202504,M,DT_1DA9003S,산업별 계절조정 취업자,천명,Thousand Person
86,Q 보건업 및 사회복지 서비스업,Q Human health and social work activities,산업별,By industry,3172.2,T30,취업자,Employed persons,2026-01-27,101,202505,M,DT_1DA9003S,산업별 계절조정 취업자,천명,Thousand Person
86,Q 보건업 및 사회복지 서비스업,Q Human health and social work activities,산업별,By industry,3171.5,T30,취업자,Employed persons,2026-01-27,101,202506,M,DT_1DA9003S,산업별 계절조정 취업자,천명,Thousand Person
86,Q 보건업 및 사회복지 서비스업,Q Human health and social work activities,산업별,By industry,3207.9,T30,취업자,Employed persons,2026-01-27,101,202507,M,DT_1DA9003S,산업별 계절조정 취업자,천명,Thousand Person
86,Q 보건업 및 사회복지 서비스업,Q Human health and social work activities,산업별,By industry,3217.9,T30,취업자,Employed persons,2026-01-27,101,202508,M,DT_1DA9003S,산업별 계절조정 취업자,천명,Thousand Person
86,Q 보건업 및 사회복지 서비스업,Q Human health and social work activities,산업별,By industry,3228.9,T30,취업자,Employed persons,2026-01-27,101,202509,M,DT_1DA9003S,산업별 계절조정 취업자,천명,Thousand Person
86,Q 보건업 및 사회복지 서비스업,Q Human health and social work activities,산업별,By industry,3229.7,T30,취업자,Employed persons,2026-01-27,101,202510,M,DT_1DA9003S,산업별 계절조정 취업자,천명,Thousand Person
86,Q 보건업 및 사회복지 서비스업,Q Human health and social work activities,산업별,By industry,3245.9,T30,취업자,Employed persons,2026-01-27,101,202511,M,DT_1DA9003S,산업별 계절조정 취업자,천명,Thousand Person
86,Q 보건업 및 사회복지 서비스업,Q Human health and social work activities,산업별,By industry,3137.2,T30,취업자,Employed persons,2026-01-27,101,202512,M,DT_1DA9003S,산업별 계절조정 취업자,천명,Thousand Person
90,R 예술 스포츠 및 여가관련 서비스업,R Arts sports and recreation related services,산업별,By industry,390.8,T30,취업자,Employed persons,2026-01-27,101,201301,M,DT_1DA9003S,산업별 계절조정 취업자,천명,Thousand Person
90,R 예술 스포츠 및 여가관련 서비스업,R Arts sports and recreation related services,산업별,By industry,394.9,T30,취업자,Employed persons,2026-01-27,101,201302,M,DT_1DA9003S,산업별 계절조정 취업자,천명,Thousand Person
90,R 예술 스포츠 및 여가관련 서비스업,R Arts sports and recreation related services,산업별,By industry,376.4,T30,취업자,Employed persons,2026-01-27,101,201303,M,DT_1DA9003S,산업별 계절조정 취업자,천명,Thousand Person
90,R 예술 스포츠 및 여가관련 서비스업,R Arts sports and recreation related services,산업별,By industry,397.5,T30,취업자,Employed persons,2026-01-27,101,201304,M,DT_1DA9003S,산업별 계절조정 취업자,천명,Thousand Person
90,R 예술 스포츠 및 여가관련 서비스업,R Arts sports and recreation related services,산업별,By industry,398.1,T30,취업자,Employed persons,2026-01-27,101,201305,M,DT_1DA9003S,산업별 계절조정 취업자,천명,Thousand Person
90,R 예술 스포츠 및 여가관련 서비스업,R Arts sports and recreation related services,산업별,By industry,392.1,T30,취업자,Employed persons,2026-01-27,101,201306,M,DT_1DA9003S,산업별 계절조정 취업자,천명,Thousand Person
90,R 예술 스포츠 및 여가관련 서비스업,R Arts sports and recreation related services,산업별,By industry,394.5,T30,취업자,Employed persons,2026-01-27,101,201307,M,DT_1DA9003S,산업별 계절조정 취업자,천명,Thousand Person
90,R 예술 스포츠 및 여가관련 서비스업,R Arts sports and recreation related services,산업별,By industry,395.4,T30,취업자,Employed persons,2026-01-27,101,201308,M,DT_1DA9003S,산업별 계절조정 취업자,천명,Thousand Person
90,R 예술 스포츠 및 여가관련 서비스업,R Arts sports and recreation related services,산업별,By industry,399.6,T30,취업자,Employed persons,2026-01-27,101,201309,M,DT_1DA9003S,산업별 계절조정 취업자,천명,Thousand Person
90,R 예술 스포츠 및 여가관련 서비스업,R Arts sports and recreation related services,산업별,By industry,391.3,T30,취업자,Employed persons,2026-01-27,101,201310,M,DT_1DA9003S,산업별 계절조정 취업자,천명,Thousand Person
90,R 예술 스포츠 및 여가관련 서비스업,R Arts sports and recreation related services,산업별,By industry,400.2,T30,취업자,Employed persons,2026-01-27,101,201311,M,DT_1DA9003S,산업별 계절조정 취업자,천명,Thousand Person
90,R 예술 스포츠 및 여가관련 서비스업,R Arts sports and recreation related services,산업별,By industry,401,T30,취업자,Employed persons,2026-01-27,101,201312,M,DT_1DA9003S,산업별 계절조정 취업자,천명,Thousand Person
90,R 예술 스포츠 및 여가관련 서비스업,R Arts sports and recreation related services,산업별,By industry,407.7,T30,취업자,Employed persons,2026-01-27,101,201401,M,DT_1DA9003S,산업별 계절조정 취업자,천명,Thousand Person
90,R 예술 스포츠 및 여가관련 서비스업,R Arts sports and recreation related services,산업별,By industry,391.1,T30,취업자,Employed persons,2026-01-27,101,201402,M,DT_1DA9003S,산업별 계절조정 취업자,천명,Thousand Person
90,R 예술 스포츠 및 여가관련 서비스업,R Arts sports and recreation related services,산업별,By industry,385.9,T30,취업자,Employed persons,2026-01-27,101,201403,M,DT_1DA9003S,산업별 계절조정 취업자,천명,Thousand Person
90,R 예술 스포츠 및 여가관련 서비스업,R Arts sports and recreation related services,산업별,By industry,384,T30,취업자,Employed persons,2026-01-27,101,201404,M,DT_1DA9003S,산업별 계절조정 취업자,천명,Thousand Person
90,R 예술 스포츠 및 여가관련 서비스업,R Arts sports and recreation related services,산업별,By industry,384.4,T30,취업자,Employed persons,2026-01-27,101,201405,M,DT_1DA9003S,산업별 계절조정 취업자,천명,Thousand Person
90,R 예술 스포츠 및 여가관련 서비스업,R Arts sports and recreation related services,산업별,By industry,387.8,T30,취업자,Employed persons,2026-01-27,101,201406,M,DT_1DA9003S,산업별 계절조정 취업자,천명,Thousand Person
90,R 예술 스포츠 및 여가관련 서비스업,R Arts sports and recreation related services,산업별,By industry,393.9,T30,취업자,Employed persons,2026-01-27,101,201407,M,DT_1DA9003S,산업별 계절조정 취업자,천명,Thousand Person
90,R 예술 스포츠 및 여가관련 서비스업,R Arts sports and recreation related services,산업별,By industry,406.1,T30,취업자,Employed persons,2026-01-27,101,201408,M,DT_1DA9003S,산업별 계절조정 취업자,천명,Thousand Person
90,R 예술 스포츠 및 여가관련 서비스업,R Arts sports and recreation related services,산업별,By industry,407.6,T30,취업자,Employed persons,2026-01-27,101,201409,M,DT_1DA9003S,산업별 계절조정 취업자,천명,Thousand Person
90,R 예술 스포츠 및 여가관련 서비스업,R Arts sports and recreation related services,산업별,By industry,408,T30,취업자,Employed persons,2026-01-27,101,201410,M,DT_1DA9003S,산업별 계절조정 취업자,천명,Thousand Person
90,R 예술 스포츠 및 여가관련 서비스업,R Arts sports and recreation related services,산업별,By industry,407.6,T30,취업자,Employed persons,2026-01-27,101,201411,M,DT_1DA9003S,산업별 계절조정 취업자,천명,Thousand Person
90,R 예술 스포츠 및 여가관련 서비스업,R Arts sports and recreation related services,산업별,By industry,409.9,T30,취업자,Employed persons,2026-01-27,101,201412,M,DT_1DA9003S,산업별 계절조정 취업자,천명,Thousand Person
90,R 예술 스포츠 및 여가관련 서비스업,R Arts sports and recreation related services,산업별,By industry,417.8,T30,취업자,Employed persons,2026-01-27,101,201501,M,DT_1DA9003S,산업별 계절조정 취업자,천명,Thousand Person
90,R 예술 스포츠 및 여가관련 서비스업,R Arts sports and recreation related services,산업별,By industry,422.9,T30,취업자,Employed persons,2026-01-27,101,201502,M,DT_1DA9003S,산업별 계절조정 취업자,천명,Thousand Person
90,R 예술 스포츠 및 여가관련 서비스업,R Arts sports and recreation related services,산업별,By industry,431,T30,취업자,Employed persons,2026-01-27,101,201503,M,DT_1DA9003S,산업별 계절조정 취업자,천명,Thousand Person
90,R 예술 스포츠 및 여가관련 서비스업,R Arts sports and recreation related services,산업별,By industry,453,T30,취업자,Employed persons,2026-01-27,101,201504,M,DT_1DA9003S,산업별 계절조정 취업자,천명,Thousand Person
90,R 예술 스포츠 및 여가관련 서비스업,R Arts sports and recreation related services,산업별,By industry,442.5,T30,취업자,Employed persons,2026-01-27,101,201505,M,DT_1DA9003S,산업별 계절조정 취업자,천명,Thousand Person
90,R 예술 스포츠 및 여가관련 서비스업,R Arts sports and recreation related services,산업별,By industry,429.7,T30,취업자,Employed persons,2026-01-27,101,201506,M,DT_1DA9003S,산업별 계절조정 취업자,천명,Thousand Person
90,R 예술 스포츠 및 여가관련 서비스업,R Arts sports and recreation related services,산업별,By industry,425.7,T30,취업자,Employed persons,2026-01-27,101,201507,M,DT_1DA9003S,산업별 계절조정 취업자,천명,Thousand Person
90,R 예술 스포츠 및 여가관련 서비스업,R Arts sports and recreation related services,산업별,By industry,434.9,T30,취업자,Employed persons,2026-01-27,101,201508,M,DT_1DA9003S,산업별 계절조정 취업자,천명,Thousand Person
90,R 예술 스포츠 및 여가관련 서비스업,R Arts sports and recreation related services,산업별,By industry,423.2,T30,취업자,Employed persons,2026-01-27,101,201509,M,DT_1DA9003S,산업별 계절조정 취업자,천명,Thousand Person
90,R 예술 스포츠 및 여가관련 서비스업,R Arts sports and recreation related services,산업별,By industry,424.4,T30,취업자,Employed persons,2026-01-27,101,201510,M,DT_1DA9003S,산업별 계절조정 취업자,천명,Thousand Person
90,R 예술 스포츠 및 여가관련 서비스업,R Arts sports and recreation related services,산업별,By industry,422.9,T30,취업자,Employed persons,2026-01-27,101,201511,M,DT_1DA9003S,산업별 계절조정 취업자,천명,Thousand Person
90,R 예술 스포츠 및 여가관련 서비스업,R Arts sports and recreation related services,산업별,By industry,402.6,T30,취업자,Employed persons,2026-01-27,101,201512,M,DT_1DA9003S,산업별 계절조정 취업자,천명,Thousand Person
90,R 예술 스포츠 및 여가관련 서비스업,R Arts sports and recreation related services,산업별,By industry,399.6,T30,취업자,Employed persons,2026-01-27,101,201601,M,DT_1DA9003S,산업별 계절조정 취업자,천명,Thousand Person
90,R 예술 스포츠 및 여가관련 서비스업,R Arts sports and recreation related services,산업별,By industry,408,T30,취업자,Employed persons,2026-01-27,101,201602,M,DT_1DA9003S,산업별 계절조정 취업자,천명,Thousand Person
90,R 예술 스포츠 및 여가관련 서비스업,R Arts sports and recreation related services,산업별,By industry,382.1,T30,취업자,Employed persons,2026-01-27,101,201603,M,DT_1DA9003S,산업별 계절조정 취업자,천명,Thousand Person
90,R 예술 스포츠 및 여가관련 서비스업,R Arts sports and recreation related services,산업별,By industry,392,T30,취업자,Employed persons,2026-01-27,101,201604,M,DT_1DA9003S,산업별 계절조정 취업자,천명,Thousand Person
90,R 예술 스포츠 및 여가관련 서비스업,R Arts sports and recreation related services,산업별,By industry,405.3,T30,취업자,Employed persons,2026-01-27,101,201605,M,DT_1DA9003S,산업별 계절조정 취업자,천명,Thousand Person
90,R 예술 스포츠 및 여가관련 서비스업,R Arts sports and recreation related services,산업별,By industry,417.7,T30,취업자,Employed persons,2026-01-27,101,201606,M,DT_1DA9003S,산업별 계절조정 취업자,천명,Thousand Person
90,R 예술 스포츠 및 여가관련 서비스업,R Arts sports and recreation related services,산업별,By industry,407,T30,취업자,Employed persons,2026-01-27,101,201607,M,DT_1DA9003S,산업별 계절조정 취업자,천명,Thousand Person
90,R 예술 스포츠 및 여가관련 서비스업,R Arts sports and recreation related services,산업별,By industry,395.4,T30,취업자,Employed persons,2026-01-27,101,201608,M,DT_1DA9003S,산업별 계절조정 취업자,천명,Thousand Person
90,R 예술 스포츠 및 여가관련 서비스업,R Arts sports and recreation related services,산업별,By industry,400.8,T30,취업자,Employed persons,2026-01-27,101,201609,M,DT_1DA9003S,산업별 계절조정 취업자,천명,Thousand Person
90,R 예술 스포츠 및 여가관련 서비스업,R Arts sports and recreation related services,산업별,By industry,419.5,T30,취업자,Employed persons,2026-01-27,101,201610,M,DT_1DA9003S,산업별 계절조정 취업자,천명,Thousand Person
90,R 예술 스포츠 및 여가관련 서비스업,R Arts sports and recreation related services,산업별,By industry,421.8,T30,취업자,Employed persons,2026-01-27,101,201611,M,DT_1DA9003S,산업별 계절조정 취업자,천명,Thousand Person
90,R 예술 스포츠 및 여가관련 서비스업,R Arts sports and recreation related services,산업별,By industry,433.2,T30,취업자,Employed persons,2026-01-27,101,201612,M,DT_1DA9003S,산업별 계절조정 취업자,천명,Thousand Person
90,R 예술 스포츠 및 여가관련 서비스업,R Arts sports and recreation related services,산업별,By industry,423.6,T30,취업자,Employed persons,2026-01-27,101,201701,M,DT_1DA9003S,산업별 계절조정 취업자,천명,Thousand Person
90,R 예술 스포츠 및 여가관련 서비스업,R Arts sports and recreation related services,산업별,By industry,423.2,T30,취업자,Employed persons,2026-01-27,101,201702,M,DT_1DA9003S,산업별 계절조정 취업자,천명,Thousand Person
90,R 예술 스포츠 및 여가관련 서비스업,R Arts sports and recreation related services,산업별,By industry,422.1,T30,취업자,Employed persons,2026-01-27,101,201703,M,DT_1DA9003S,산업별 계절조정 취업자,천명,Thousand Person
90,R 예술 스포츠 및 여가관련 서비스업,R Arts sports and recreation related services,산업별,By industry,421.5,T30,취업자,Employed persons,2026-01-27,101,201704,M,DT_1DA9003S,산업별 계절조정 취업자,천명,Thousand Person
90,R 예술 스포츠 및 여가관련 서비스업,R Arts sports and recreation related services,산업별,By industry,420.7,T30,취업자,Employed persons,2026-01-27,101,201705,M,DT_1DA9003S,산업별 계절조정 취업자,천명,Thousand Person
90,R 예술 스포츠 및 여가관련 서비스업,R Arts sports and recreation related services,산업별,By industry,430.4,T30,취업자,Employed persons,2026-01-27,101,201706,M,DT_1DA9003S,산업별 계절조정 취업자,천명,Thousand Person
90,R 예술 스포츠 및 여가관련 서비스업,R Arts sports and recreation related services,산업별,By industry,438.6,T30,취업자,Employed persons,2026-01-27,101,201707,M,DT_1DA9003S,산업별 계절조정 취업자,천명,Thousand Person
90,R 예술 스포츠 및 여가관련 서비스업,R Arts sports and recreation related services,산업별,By industry,421.3,T30,취업자,Employed persons,2026-01-27,101,201708,M,DT_1DA9003S,산업별 계절조정 취업자,천명,Thousand Person
90,R 예술 스포츠 및 여가관련 서비스업,R Arts sports and recreation related services,산업별,By industry,421.3,T30,취업자,Employed persons,2026-01-27,101,201709,M,DT_1DA9003S,산업별 계절조정 취업자,천명,Thousand Person
90,R 예술 스포츠 및 여가관련 서비스업,R Arts sports and recreation related services,산업별,By industry,428.6,T30,취업자,Employed persons,2026-01-27,101,201710,M,DT_1DA9003S,산업별 계절조정 취업자,천명,Thousand Person
90,R 예술 스포츠 및 여가관련 서비스업,R Arts sports and recreation related services,산업별,By industry,436.2,T30,취업자,Employed persons,2026-01-27,101,201711,M,DT_1DA9003S,산업별 계절조정 취업자,천명,Thousand Person
90,R 예술 스포츠 및 여가관련 서비스업,R Arts sports and recreation related services,산업별,By industry,453.3,T30,취업자,Employed persons,2026-01-27,101,201712,M,DT_1DA9003S,산업별 계절조정 취업자,천명,Thousand Person
90,R 예술 스포츠 및 여가관련 서비스업,R Arts sports and recreation related services,산업별,By industry,472.6,T30,취업자,Employed persons,2026-01-27,101,201801,M,DT_1DA9003S,산업별 계절조정 취업자,천명,Thousand Person
90,R 예술 스포츠 및 여가관련 서비스업,R Arts sports and recreation related services,산업별,By industry,465.6,T30,취업자,Employed persons,2026-01-27,101,201802,M,DT_1DA9003S,산업별 계절조정 취업자,천명,Thousand Person
90,R 예술 스포츠 및 여가관련 서비스업,R Arts sports and recreation related services,산업별,By industry,465.7,T30,취업자,Employed persons,2026-01-27,101,201803,M,DT_1DA9003S,산업별 계절조정 취업자,천명,Thousand Person
90,R 예술 스포츠 및 여가관련 서비스업,R Arts sports and recreation related services,산업별,By industry,441.9,T30,취업자,Employed persons,2026-01-27,101,201804,M,DT_1DA9003S,산업별 계절조정 취업자,천명,Thousand Person
90,R 예술 스포츠 및 여가관련 서비스업,R Arts sports and recreation related services,산업별,By industry,433.3,T30,취업자,Employed persons,2026-01-27,101,201805,M,DT_1DA9003S,산업별 계절조정 취업자,천명,Thousand Person
90,R 예술 스포츠 및 여가관련 서비스업,R Arts sports and recreation related services,산업별,By industry,423.6,T30,취업자,Employed persons,2026-01-27,101,201806,M,DT_1DA9003S,산업별 계절조정 취업자,천명,Thousand Person
90,R 예술 스포츠 및 여가관련 서비스업,R Arts sports and recreation related services,산업별,By industry,434.6,T30,취업자,Employed persons,2026-01-27,101,201807,M,DT_1DA9003S,산업별 계절조정 취업자,천명,Thousand Person
90,R 예술 스포츠 및 여가관련 서비스업,R Arts sports and recreation related services,산업별,By industry,434.7,T30,취업자,Employed persons,2026-01-27,101,201808,M,DT_1DA9003S,산업별 계절조정 취업자,천명,Thousand Person
90,R 예술 스포츠 및 여가관련 서비스업,R Arts sports and recreation related services,산업별,By industry,441.2,T30,취업자,Employed persons,2026-01-27,101,201809,M,DT_1DA9003S,산업별 계절조정 취업자,천명,Thousand Person
90,R 예술 스포츠 및 여가관련 서비스업,R Arts sports and recreation related services,산업별,By industry,428.7,T30,취업자,Employed persons,2026-01-27,101,201810,M,DT_1DA9003S,산업별 계절조정 취업자,천명,Thousand Person
90,R 예술 스포츠 및 여가관련 서비스업,R Arts sports and recreation related services,산업별,By industry,447.1,T30,취업자,Employed persons,2026-01-27,101,201811,M,DT_1DA9003S,산업별 계절조정 취업자,천명,Thousand Person
90,R 예술 스포츠 및 여가관련 서비스업,R Arts sports and recreation related services,산업별,By industry,447.9,T30,취업자,Employed persons,2026-01-27,101,201812,M,DT_1DA9003S,산업별 계절조정 취업자,천명,Thousand Person
90,R 예술 스포츠 및 여가관련 서비스업,R Arts sports and recreation related services,산업별,By industry,449.8,T30,취업자,Employed persons,2026-01-27,101,201901,M,DT_1DA9003S,산업별 계절조정 취업자,천명,Thousand Person
90,R 예술 스포츠 및 여가관련 서비스업,R Arts sports and recreation related services,산업별,By industry,461.2,T30,취업자,Employed persons,2026-01-27,101,201902,M,DT_1DA9003S,산업별 계절조정 취업자,천명,Thousand Person
90,R 예술 스포츠 및 여가관련 서비스업,R Arts sports and recreation related services,산업별,By industry,470.6,T30,취업자,Employed persons,2026-01-27,101,201903,M,DT_1DA9003S,산업별 계절조정 취업자,천명,Thousand Person
90,R 예술 스포츠 및 여가관련 서비스업,R Arts sports and recreation related services,산업별,By industry,475.4,T30,취업자,Employed persons,2026-01-27,101,201904,M,DT_1DA9003S,산업별 계절조정 취업자,천명,Thousand Person
90,R 예술 스포츠 및 여가관련 서비스업,R Arts sports and recreation related services,산업별,By industry,478.6,T30,취업자,Employed persons,2026-01-27,101,201905,M,DT_1DA9003S,산업별 계절조정 취업자,천명,Thousand Person
90,R 예술 스포츠 및 여가관련 서비스업,R Arts sports and recreation related services,산업별,By industry,480,T30,취업자,Employed persons,2026-01-27,101,201906,M,DT_1DA9003S,산업별 계절조정 취업자,천명,Thousand Person
90,R 예술 스포츠 및 여가관련 서비스업,R Arts sports and recreation related services,산업별,By industry,497.8,T30,취업자,Employed persons,2026-01-27,101,201907,M,DT_1DA9003S,산업별 계절조정 취업자,천명,Thousand Person
90,R 예술 스포츠 및 여가관련 서비스업,R Arts sports and recreation related services,산업별,By industry,516.1,T30,취업자,Employed persons,2026-01-27,101,201908,M,DT_1DA9003S,산업별 계절조정 취업자,천명,Thousand Person
90,R 예술 스포츠 및 여가관련 서비스업,R Arts sports and recreation related services,산업별,By industry,515.1,T30,취업자,Employed persons,2026-01-27,101,201909,M,DT_1DA9003S,산업별 계절조정 취업자,천명,Thousand Person
90,R 예술 스포츠 및 여가관련 서비스업,R Arts sports and recreation related services,산업별,By industry,524.1,T30,취업자,Employed persons,2026-01-27,101,201910,M,DT_1DA9003S,산업별 계절조정 취업자,천명,Thousand Person
90,R 예술 스포츠 및 여가관련 서비스업,R Arts sports and recreation related services,산업별,By industry,528.9,T30,취업자,Employed persons,2026-01-27,101,201911,M,DT_1DA9003S,산업별 계절조정 취업자,천명,Thousand Person
90,R 예술 스포츠 및 여가관련 서비스업,R Arts sports and recreation related services,산업별,By industry,538.1,T30,취업자,Employed persons,2026-01-27,101,201912,M,DT_1DA9003S,산업별 계절조정 취업자,천명,Thousand Person
90,R 예술 스포츠 및 여가관련 서비스업,R Arts sports and recreation related services,산업별,By industry,521.9,T30,취업자,Employed persons,2026-01-27,101,202001,M,DT_1DA9003S,산업별 계절조정 취업자,천명,Thousand Person
90,R 예술 스포츠 및 여가관련 서비스업,R Arts sports and recreation related services,산업별,By industry,519.6,T30,취업자,Employed persons,2026-01-27,101,202002,M,DT_1DA9003S,산업별 계절조정 취업자,천명,Thousand Person
90,R 예술 스포츠 및 여가관련 서비스업,R Arts sports and recreation related services,산업별,By industry,479.2,T30,취업자,Employed persons,2026-01-27,101,202003,M,DT_1DA9003S,산업별 계절조정 취업자,천명,Thousand Person
90,R 예술 스포츠 및 여가관련 서비스업,R Arts sports and recreation related services,산업별,By industry,485.6,T30,취업자,Employed persons,2026-01-27,101,202004,M,DT_1DA9003S,산업별 계절조정 취업자,천명,Thousand Person
90,R 예술 스포츠 및 여가관련 서비스업,R Arts sports and recreation related services,산업별,By industry,505.3,T30,취업자,Employed persons,2026-01-27,101,202005,M,DT_1DA9003S,산업별 계절조정 취업자,천명,Thousand Person
90,R 예술 스포츠 및 여가관련 서비스업,R Arts sports and recreation related services,산업별,By industry,508,T30,취업자,Employed persons,2026-01-27,101,202006,M,DT_1DA9003S,산업별 계절조정 취업자,천명,Thousand Person
90,R 예술 스포츠 및 여가관련 서비스업,R Arts sports and recreation related services,산업별,By industry,496.4,T30,취업자,Employed persons,2026-01-27,101,202007,M,DT_1DA9003S,산업별 계절조정 취업자,천명,Thousand Person
90,R 예술 스포츠 및 여가관련 서비스업,R Arts sports and recreation related services,산업별,By industry,505.5,T30,취업자,Employed persons,2026-01-27,101,202008,M,DT_1DA9003S,산업별 계절조정 취업자,천명,Thousand Person
90,R 예술 스포츠 및 여가관련 서비스업,R Arts sports and recreation related services,산업별,By industry,501,T30,취업자,Employed persons,2026-01-27,101,202009,M,DT_1DA9003S,산업별 계절조정 취업자,천명,Thousand Person
90,R 예술 스포츠 및 여가관련 서비스업,R Arts sports and recreation related services,산업별,By industry,488.4,T30,취업자,Employed persons,2026-01-27,101,202010,M,DT_1DA9003S,산업별 계절조정 취업자,천명,Thousand Person
90,R 예술 스포츠 및 여가관련 서비스업,R Arts sports and recreation related services,산업별,By industry,481.9,T30,취업자,Employed persons,2026-01-27,101,202011,M,DT_1DA9003S,산업별 계절조정 취업자,천명,Thousand Person
90,R 예술 스포츠 및 여가관련 서비스업,R Arts sports and recreation related services,산업별,By industry,461.8,T30,취업자,Employed persons,2026-01-27,101,202012,M,DT_1DA9003S,산업별 계절조정 취업자,천명,Thousand Person
90,R 예술 스포츠 및 여가관련 서비스업,R Arts sports and recreation related services,산업별,By industry,439.9,T30,취업자,Employed persons,2026-01-27,101,202101,M,DT_1DA9003S,산업별 계절조정 취업자,천명,Thousand Person
90,R 예술 스포츠 및 여가관련 서비스업,R Arts sports and recreation related services,산업별,By industry,466.5,T30,취업자,Employed persons,2026-01-27,101,202102,M,DT_1DA9003S,산업별 계절조정 취업자,천명,Thousand Person
90,R 예술 스포츠 및 여가관련 서비스업,R Arts sports and recreation related services,산업별,By industry,479.2,T30,취업자,Employed persons,2026-01-27,101,202103,M,DT_1DA9003S,산업별 계절조정 취업자,천명,Thousand Person
90,R 예술 스포츠 및 여가관련 서비스업,R Arts sports and recreation related services,산업별,By industry,474.1,T30,취업자,Employed persons,2026-01-27,101,202104,M,DT_1DA9003S,산업별 계절조정 취업자,천명,Thousand Person
90,R 예술 스포츠 및 여가관련 서비스업,R Arts sports and recreation related services,산업별,By industry,465.1,T30,취업자,Employed persons,2026-01-27,101,202105,M,DT_1DA9003S,산업별 계절조정 취업자,천명,Thousand Person
90,R 예술 스포츠 및 여가관련 서비스업,R Arts sports and recreation related services,산업별,By industry,464.8,T30,취업자,Employed persons,2026-01-27,101,202106,M,DT_1DA9003S,산업별 계절조정 취업자,천명,Thousand Person
90,R 예술 스포츠 및 여가관련 서비스업,R Arts sports and recreation related services,산업별,By industry,468.9,T30,취업자,Employed persons,2026-01-27,101,202107,M,DT_1DA9003S,산업별 계절조정 취업자,천명,Thousand Person
90,R 예술 스포츠 및 여가관련 서비스업,R Arts sports and recreation related services,산업별,By industry,463.5,T30,취업자,Employed persons,2026-01-27,101,202108,M,DT_1DA9003S,산업별 계절조정 취업자,천명,Thousand Person
90,R 예술 스포츠 및 여가관련 서비스업,R Arts sports and recreation related services,산업별,By industry,467.2,T30,취업자,Employed persons,2026-01-27,101,202109,M,DT_1DA9003S,산업별 계절조정 취업자,천명,Thousand Person
90,R 예술 스포츠 및 여가관련 서비스업,R Arts sports and recreation related services,산업별,By industry,464,T30,취업자,Employed persons,2026-01-27,101,202110,M,DT_1DA9003S,산업별 계절조정 취업자,천명,Thousand Person
90,R 예술 스포츠 및 여가관련 서비스업,R Arts sports and recreation related services,산업별,By industry,460.3,T30,취업자,Employed persons,2026-01-27,101,202111,M,DT_1DA9003S,산업별 계절조정 취업자,천명,Thousand Person
90,R 예술 스포츠 및 여가관련 서비스업,R Arts sports and recreation related services,산업별,By industry,495.7,T30,취업자,Employed persons,2026-01-27,101,202112,M,DT_1DA9003S,산업별 계절조정 취업자,천명,Thousand Person
90,R 예술 스포츠 및 여가관련 서비스업,R Arts sports and recreation related services,산업별,By industry,466,T30,취업자,Employed persons,2026-01-27,101,202201,M,DT_1DA9003S,산업별 계절조정 취업자,천명,Thousand Person
90,R 예술 스포츠 및 여가관련 서비스업,R Arts sports and recreation related services,산업별,By industry,475.4,T30,취업자,Employed persons,2026-01-27,101,202202,M,DT_1DA9003S,산업별 계절조정 취업자,천명,Thousand Person
90,R 예술 스포츠 및 여가관련 서비스업,R Arts sports and recreation related services,산업별,By industry,484.7,T30,취업자,Employed persons,2026-01-27,101,202203,M,DT_1DA9003S,산업별 계절조정 취업자,천명,Thousand Person
90,R 예술 스포츠 및 여가관련 서비스업,R Arts sports and recreation related services,산업별,By industry,482.1,T30,취업자,Employed persons,2026-01-27,101,202204,M,DT_1DA9003S,산업별 계절조정 취업자,천명,Thousand Person
90,R 예술 스포츠 및 여가관련 서비스업,R Arts sports and recreation related services,산업별,By industry,479.5,T30,취업자,Employed persons,2026-01-27,101,202205,M,DT_1DA9003S,산업별 계절조정 취업자,천명,Thousand Person
90,R 예술 스포츠 및 여가관련 서비스업,R Arts sports and recreation related services,산업별,By industry,480.2,T30,취업자,Employed persons,2026-01-27,101,202206,M,DT_1DA9003S,산업별 계절조정 취업자,천명,Thousand Person
90,R 예술 스포츠 및 여가관련 서비스업,R Arts sports and recreation related services,산업별,By industry,477.9,T30,취업자,Employed persons,2026-01-27,101,202207,M,DT_1DA9003S,산업별 계절조정 취업자,천명,Thousand Person
90,R 예술 스포츠 및 여가관련 서비스업,R Arts sports and recreation related services,산업별,By industry,486.1,T30,취업자,Employed persons,2026-01-27,101,202208,M,DT_1DA9003S,산업별 계절조정 취업자,천명,Thousand Person
90,R 예술 스포츠 및 여가관련 서비스업,R Arts sports and recreation related services,산업별,By industry,497.6,T30,취업자,Employed persons,2026-01-27,101,202209,M,DT_1DA9003S,산업별 계절조정 취업자,천명,Thousand Person
90,R 예술 스포츠 및 여가관련 서비스업,R Arts sports and recreation related services,산업별,By industry,487.8,T30,취업자,Employed persons,2026-01-27,101,202210,M,DT_1DA9003S,산업별 계절조정 취업자,천명,Thousand Person
90,R 예술 스포츠 및 여가관련 서비스업,R Arts sports and recreation related services,산업별,By industry,486.3,T30,취업자,Employed persons,2026-01-27,101,202211,M,DT_1DA9003S,산업별 계절조정 취업자,천명,Thousand Person
90,R 예술 스포츠 및 여가관련 서비스업,R Arts sports and recreation related services,산업별,By industry,483.3,T30,취업자,Employed persons,2026-01-27,101,202212,M,DT_1DA9003S,산업별 계절조정 취업자,천명,Thousand Person
90,R 예술 스포츠 및 여가관련 서비스업,R Arts sports and recreation related services,산업별,By industry,490,T30,취업자,Employed persons,2026-01-27,101,202301,M,DT_1DA9003S,산업별 계절조정 취업자,천명,Thousand Person
90,R 예술 스포츠 및 여가관련 서비스업,R Arts sports and recreation related services,산업별,By industry,504.1,T30,취업자,Employed persons,2026-01-27,101,202302,M,DT_1DA9003S,산업별 계절조정 취업자,천명,Thousand Person
90,R 예술 스포츠 및 여가관련 서비스업,R Arts sports and recreation related services,산업별,By industry,517.1,T30,취업자,Employed persons,2026-01-27,101,202303,M,DT_1DA9003S,산업별 계절조정 취업자,천명,Thousand Person
90,R 예술 스포츠 및 여가관련 서비스업,R Arts sports and recreation related services,산업별,By industry,521.3,T30,취업자,Employed persons,2026-01-27,101,202304,M,DT_1DA9003S,산업별 계절조정 취업자,천명,Thousand Person
90,R 예술 스포츠 및 여가관련 서비스업,R Arts sports and recreation related services,산업별,By industry,524.7,T30,취업자,Employed persons,2026-01-27,101,202305,M,DT_1DA9003S,산업별 계절조정 취업자,천명,Thousand Person
90,R 예술 스포츠 및 여가관련 서비스업,R Arts sports and recreation related services,산업별,By industry,529.1,T30,취업자,Employed persons,2026-01-27,101,202306,M,DT_1DA9003S,산업별 계절조정 취업자,천명,Thousand Person
90,R 예술 스포츠 및 여가관련 서비스업,R Arts sports and recreation related services,산업별,By industry,503.8,T30,취업자,Employed persons,2026-01-27,101,202307,M,DT_1DA9003S,산업별 계절조정 취업자,천명,Thousand Person
90,R 예술 스포츠 및 여가관련 서비스업,R Arts sports and recreation related services,산업별,By industry,507.2,T30,취업자,Employed persons,2026-01-27,101,202308,M,DT_1DA9003S,산업별 계절조정 취업자,천명,Thousand Person
90,R 예술 스포츠 및 여가관련 서비스업,R Arts sports and recreation related services,산업별,By industry,506.7,T30,취업자,Employed persons,2026-01-27,101,202309,M,DT_1DA9003S,산업별 계절조정 취업자,천명,Thousand Person
90,R 예술 스포츠 및 여가관련 서비스업,R Arts sports and recreation related services,산업별,By industry,518,T30,취업자,Employed persons,2026-01-27,101,202310,M,DT_1DA9003S,산업별 계절조정 취업자,천명,Thousand Person
90,R 예술 스포츠 및 여가관련 서비스업,R Arts sports and recreation related services,산업별,By industry,516.1,T30,취업자,Employed persons,2026-01-27,101,202311,M,DT_1DA9003S,산업별 계절조정 취업자,천명,Thousand Person
90,R 예술 스포츠 및 여가관련 서비스업,R Arts sports and recreation related services,산업별,By industry,507.7,T30,취업자,Employed persons,2026-01-27,101,202312,M,DT_1DA9003S,산업별 계절조정 취업자,천명,Thousand Person
90,R 예술 스포츠 및 여가관련 서비스업,R Arts sports and recreation related services,산업별,By industry,533.5,T30,취업자,Employed persons,2026-01-27,101,202401,M,DT_1DA9003S,산업별 계절조정 취업자,천명,Thousand Person
90,R 예술 스포츠 및 여가관련 서비스업,R Arts sports and recreation related services,산업별,By industry,512.6,T30,취업자,Employed persons,2026-01-27,101,202402,M,DT_1DA9003S,산업별 계절조정 취업자,천명,Thousand Person
90,R 예술 스포츠 및 여가관련 서비스업,R Arts sports and recreation related services,산업별,By industry,503.4,T30,취업자,Employed persons,2026-01-27,101,202403,M,DT_1DA9003S,산업별 계절조정 취업자,천명,Thousand Person
90,R 예술 스포츠 및 여가관련 서비스업,R Arts sports and recreation related services,산업별,By industry,535.5,T30,취업자,Employed persons,2026-01-27,101,202404,M,DT_1DA9003S,산업별 계절조정 취업자,천명,Thousand Person
90,R 예술 스포츠 및 여가관련 서비스업,R Arts sports and recreation related services,산업별,By industry,530,T30,취업자,Employed persons,2026-01-27,101,202405,M,DT_1DA9003S,산업별 계절조정 취업자,천명,Thousand Person
90,R 예술 스포츠 및 여가관련 서비스업,R Arts sports and recreation related services,산업별,By industry,537.9,T30,취업자,Employed persons,2026-01-27,101,202406,M,DT_1DA9003S,산업별 계절조정 취업자,천명,Thousand Person
90,R 예술 스포츠 및 여가관련 서비스업,R Arts sports and recreation related services,산업별,By industry,528.1,T30,취업자,Employed persons,2026-01-27,101,202407,M,DT_1DA9003S,산업별 계절조정 취업자,천명,Thousand Person
90,R 예술 스포츠 및 여가관련 서비스업,R Arts sports and recreation related services,산업별,By industry,526.3,T30,취업자,Employed persons,2026-01-27,101,202408,M,DT_1DA9003S,산업별 계절조정 취업자,천명,Thousand Person
90,R 예술 스포츠 및 여가관련 서비스업,R Arts sports and recreation related services,산업별,By industry,508.4,T30,취업자,Employed persons,2026-01-27,101,202409,M,DT_1DA9003S,산업별 계절조정 취업자,천명,Thousand Person
90,R 예술 스포츠 및 여가관련 서비스업,R Arts sports and recreation related services,산업별,By industry,506.9,T30,취업자,Employed persons,2026-01-27,101,202410,M,DT_1DA9003S,산업별 계절조정 취업자,천명,Thousand Person
90,R 예술 스포츠 및 여가관련 서비스업,R Arts sports and recreation related services,산업별,By industry,518.6,T30,취업자,Employed persons,2026-01-27,101,202411,M,DT_1DA9003S,산업별 계절조정 취업자,천명,Thousand Person
90,R 예술 스포츠 및 여가관련 서비스업,R Arts sports and recreation related services,산업별,By industry,525.9,T30,취업자,Employed persons,2026-01-27,101,202412,M,DT_1DA9003S,산업별 계절조정 취업자,천명,Thousand Person
90,R 예술 스포츠 및 여가관련 서비스업,R Arts sports and recreation related services,산업별,By industry,538.8,T30,취업자,Employed persons,2026-01-27,101,202501,M,DT_1DA9003S,산업별 계절조정 취업자,천명,Thousand Person
90,R 예술 스포츠 및 여가관련 서비스업,R Arts sports and recreation related services,산업별,By industry,522.1,T30,취업자,Employed persons,2026-01-27,101,202502,M,DT_1DA9003S,산업별 계절조정 취업자,천명,Thousand Person
90,R 예술 스포츠 및 여가관련 서비스업,R Arts sports and recreation related services,산업별,By industry,532.8,T30,취업자,Employed persons,2026-01-27,101,202503,M,DT_1DA9003S,산업별 계절조정 취업자,천명,Thousand Person
90,R 예술 스포츠 및 여가관련 서비스업,R Arts sports and recreation related services,산업별,By industry,537.8,T30,취업자,Employed persons,2026-01-27,101,202504,M,DT_1DA9003S,산업별 계절조정 취업자,천명,Thousand Person
90,R 예술 스포츠 및 여가관련 서비스업,R Arts sports and recreation related services,산업별,By industry,542.7,T30,취업자,Employed persons,2026-01-27,101,202505,M,DT_1DA9003S,산업별 계절조정 취업자,천명,Thousand Person
90,R 예술 스포츠 및 여가관련 서비스업,R Arts sports and recreation related services,산업별,By industry,541.1,T30,취업자,Employed persons,2026-01-27,101,202506,M,DT_1DA9003S,산업별 계절조정 취업자,천명,Thousand Person
90,R 예술 스포츠 및 여가관련 서비스업,R Arts sports and recreation related services,산업별,By industry,558.4,T30,취업자,Employed persons,2026-01-27,101,202507,M,DT_1DA9003S,산업별 계절조정 취업자,천명,Thousand Person
90,R 예술 스포츠 및 여가관련 서비스업,R Arts sports and recreation related services,산업별,By industry,542.4,T30,취업자,Employed persons,2026-01-27,101,202508,M,DT_1DA9003S,산업별 계절조정 취업자,천명,Thousand Person
90,R 예술 스포츠 및 여가관련 서비스업,R Arts sports and recreation related services,산업별,By industry,581.9,T30,취업자,Employed persons,2026-01-27,101,202509,M,DT_1DA9003S,산업별 계절조정 취업자,천명,Thousand Person
90,R 예술 스포츠 및 여가관련 서비스업,R Arts sports and recreation related services,산업별,By industry,577.5,T30,취업자,Employed persons,2026-01-27,101,202510,M,DT_1DA9003S,산업별 계절조정 취업자,천명,Thousand Person
90,R 예술 스포츠 및 여가관련 서비스업,R Arts sports and recreation related services,산업별,By industry,579.6,T30,취업자,Employed persons,2026-01-27,101,202511,M,DT_1DA9003S,산업별 계절조정 취업자,천명,Thousand Person
90,R 예술 스포츠 및 여가관련 서비스업,R Arts sports and recreation related services,산업별,By industry,582.6,T30,취업자,Employed persons,2026-01-27,101,202512,M,DT_1DA9003S,산업별 계절조정 취업자,천명,Thousand Person
94,S 협회 및 단체 수리 및 기타 개인 서비스업,S Membership organizations repair and other personal services,산업별,By industry,1272.4,T30,취업자,Employed persons,2026-01-27,101,201301,M,DT_1DA9003S,산업별 계절조정 취업자,천명,Thousand Person
94,S 협회 및 단체 수리 및 기타 개인 서비스업,S Membership organizations repair and other personal services,산업별,By industry,1280.7,T30,취업자,Employed persons,2026-01-27,101,201302,M,DT_1DA9003S,산업별 계절조정 취업자,천명,Thousand Person
94,S 협회 및 단체 수리 및 기타 개인 서비스업,S Membership organizations repair and other personal services,산업별,By industry,1274.5,T30,취업자,Employed persons,2026-01-27,101,201303,M,DT_1DA9003S,산업별 계절조정 취업자,천명,Thousand Person
94,S 협회 및 단체 수리 및 기타 개인 서비스업,S Membership organizations repair and other personal services,산업별,By industry,1250.8,T30,취업자,Employed persons,2026-01-27,101,201304,M,DT_1DA9003S,산업별 계절조정 취업자,천명,Thousand Person
94,S 협회 및 단체 수리 및 기타 개인 서비스업,S Membership organizations repair and other personal services,산업별,By industry,1240.6,T30,취업자,Employed persons,2026-01-27,101,201305,M,DT_1DA9003S,산업별 계절조정 취업자,천명,Thousand Person
94,S 협회 및 단체 수리 및 기타 개인 서비스업,S Membership organizations repair and other personal services,산업별,By industry,1248,T30,취업자,Employed persons,2026-01-27,101,201306,M,DT_1DA9003S,산업별 계절조정 취업자,천명,Thousand Person
94,S 협회 및 단체 수리 및 기타 개인 서비스업,S Membership organizations repair and other personal services,산업별,By industry,1232.5,T30,취업자,Employed persons,2026-01-27,101,201307,M,DT_1DA9003S,산업별 계절조정 취업자,천명,Thousand Person
94,S 협회 및 단체 수리 및 기타 개인 서비스업,S Membership organizations repair and other personal services,산업별,By industry,1230.1,T30,취업자,Employed persons,2026-01-27,101,201308,M,DT_1DA9003S,산업별 계절조정 취업자,천명,Thousand Person
94,S 협회 및 단체 수리 및 기타 개인 서비스업,S Membership organizations repair and other personal services,산업별,By industry,1256.5,T30,취업자,Employed persons,2026-01-27,101,201309,M,DT_1DA9003S,산업별 계절조정 취업자,천명,Thousand Person
94,S 협회 및 단체 수리 및 기타 개인 서비스업,S Membership organizations repair and other personal services,산업별,By industry,1270.4,T30,취업자,Employed persons,2026-01-27,101,201310,M,DT_1DA9003S,산업별 계절조정 취업자,천명,Thousand Person
94,S 협회 및 단체 수리 및 기타 개인 서비스업,S Membership organizations repair and other personal services,산업별,By industry,1282.6,T30,취업자,Employed persons,2026-01-27,101,201311,M,DT_1DA9003S,산업별 계절조정 취업자,천명,Thousand Person
94,S 협회 및 단체 수리 및 기타 개인 서비스업,S Membership organizations repair and other personal services,산업별,By industry,1290,T30,취업자,Employed persons,2026-01-27,101,201312,M,DT_1DA9003S,산업별 계절조정 취업자,천명,Thousand Person
94,S 협회 및 단체 수리 및 기타 개인 서비스업,S Membership organizations repair and other personal services,산업별,By industry,1280.1,T30,취업자,Employed persons,2026-01-27,101,201401,M,DT_1DA9003S,산업별 계절조정 취업자,천명,Thousand Person
94,S 협회 및 단체 수리 및 기타 개인 서비스업,S Membership organizations repair and other personal services,산업별,By industry,1263,T30,취업자,Employed persons,2026-01-27,101,201402,M,DT_1DA9003S,산업별 계절조정 취업자,천명,Thousand Person
94,S 협회 및 단체 수리 및 기타 개인 서비스업,S Membership organizations repair and other personal services,산업별,By industry,1285.9,T30,취업자,Employed persons,2026-01-27,101,201403,M,DT_1DA9003S,산업별 계절조정 취업자,천명,Thousand Person
94,S 협회 및 단체 수리 및 기타 개인 서비스업,S Membership organizations repair and other personal services,산업별,By industry,1253.6,T30,취업자,Employed persons,2026-01-27,101,201404,M,DT_1DA9003S,산업별 계절조정 취업자,천명,Thousand Person
94,S 협회 및 단체 수리 및 기타 개인 서비스업,S Membership organizations repair and other personal services,산업별,By industry,1271.7,T30,취업자,Employed persons,2026-01-27,101,201405,M,DT_1DA9003S,산업별 계절조정 취업자,천명,Thousand Person
94,S 협회 및 단체 수리 및 기타 개인 서비스업,S Membership organizations repair and other personal services,산업별,By industry,1254.3,T30,취업자,Employed persons,2026-01-27,101,201406,M,DT_1DA9003S,산업별 계절조정 취업자,천명,Thousand Person
94,S 협회 및 단체 수리 및 기타 개인 서비스업,S Membership organizations repair and other personal services,산업별,By industry,1260,T30,취업자,Employed persons,2026-01-27,101,201407,M,DT_1DA9003S,산업별 계절조정 취업자,천명,Thousand Person
94,S 협회 및 단체 수리 및 기타 개인 서비스업,S Membership organizations repair and other personal services,산업별,By industry,1256.4,T30,취업자,Employed persons,2026-01-27,101,201408,M,DT_1DA9003S,산업별 계절조정 취업자,천명,Thousand Person
94,S 협회 및 단체 수리 및 기타 개인 서비스업,S Membership organizations repair and other personal services,산업별,By industry,1250.9,T30,취업자,Employed persons,2026-01-27,101,201409,M,DT_1DA9003S,산업별 계절조정 취업자,천명,Thousand Person
94,S 협회 및 단체 수리 및 기타 개인 서비스업,S Membership organizations repair and other personal services,산업별,By industry,1234.6,T30,취업자,Employed persons,2026-01-27,101,201410,M,DT_1DA9003S,산업별 계절조정 취업자,천명,Thousand Person
94,S 협회 및 단체 수리 및 기타 개인 서비스업,S Membership organizations repair and other personal services,산업별,By industry,1248.5,T30,취업자,Employed persons,2026-01-27,101,201411,M,DT_1DA9003S,산업별 계절조정 취업자,천명,Thousand Person
94,S 협회 및 단체 수리 및 기타 개인 서비스업,S Membership organizations repair and other personal services,산업별,By industry,1225.5,T30,취업자,Employed persons,2026-01-27,101,201412,M,DT_1DA9003S,산업별 계절조정 취업자,천명,Thousand Person
94,S 협회 및 단체 수리 및 기타 개인 서비스업,S Membership organizations repair and other personal services,산업별,By industry,1230.5,T30,취업자,Employed persons,2026-01-27,101,201501,M,DT_1DA9003S,산업별 계절조정 취업자,천명,Thousand Person
94,S 협회 및 단체 수리 및 기타 개인 서비스업,S Membership organizations repair and other personal services,산업별,By industry,1244.2,T30,취업자,Employed persons,2026-01-27,101,201502,M,DT_1DA9003S,산업별 계절조정 취업자,천명,Thousand Person
94,S 협회 및 단체 수리 및 기타 개인 서비스업,S Membership organizations repair and other personal services,산업별,By industry,1237.2,T30,취업자,Employed persons,2026-01-27,101,201503,M,DT_1DA9003S,산업별 계절조정 취업자,천명,Thousand Person
94,S 협회 및 단체 수리 및 기타 개인 서비스업,S Membership organizations repair and other personal services,산업별,By industry,1234.6,T30,취업자,Employed persons,2026-01-27,101,201504,M,DT_1DA9003S,산업별 계절조정 취업자,천명,Thousand Person
94,S 협회 및 단체 수리 및 기타 개인 서비스업,S Membership organizations repair and other personal services,산업별,By industry,1223.4,T30,취업자,Employed persons,2026-01-27,101,201505,M,DT_1DA9003S,산업별 계절조정 취업자,천명,Thousand Person
94,S 협회 및 단체 수리 및 기타 개인 서비스업,S Membership organizations repair and other personal services,산업별,By industry,1204.4,T30,취업자,Employed persons,2026-01-27,101,201506,M,DT_1DA9003S,산업별 계절조정 취업자,천명,Thousand Person
94,S 협회 및 단체 수리 및 기타 개인 서비스업,S Membership organizations repair and other personal services,산업별,By industry,1228.3,T30,취업자,Employed persons,2026-01-27,101,201507,M,DT_1DA9003S,산업별 계절조정 취업자,천명,Thousand Person
94,S 협회 및 단체 수리 및 기타 개인 서비스업,S Membership organizations repair and other personal services,산업별,By industry,1227.9,T30,취업자,Employed persons,2026-01-27,101,201508,M,DT_1DA9003S,산업별 계절조정 취업자,천명,Thousand Person
94,S 협회 및 단체 수리 및 기타 개인 서비스업,S Membership organizations repair and other personal services,산업별,By industry,1218.9,T30,취업자,Employed persons,2026-01-27,101,201509,M,DT_1DA9003S,산업별 계절조정 취업자,천명,Thousand Person
94,S 협회 및 단체 수리 및 기타 개인 서비스업,S Membership organizations repair and other personal services,산업별,By industry,1232.1,T30,취업자,Employed persons,2026-01-27,101,201510,M,DT_1DA9003S,산업별 계절조정 취업자,천명,Thousand Person
94,S 협회 및 단체 수리 및 기타 개인 서비스업,S Membership organizations repair and other personal services,산업별,By industry,1249.1,T30,취업자,Employed persons,2026-01-27,101,201511,M,DT_1DA9003S,산업별 계절조정 취업자,천명,Thousand Person
94,S 협회 및 단체 수리 및 기타 개인 서비스업,S Membership organizations repair and other personal services,산업별,By industry,1254,T30,취업자,Employed persons,2026-01-27,101,201512,M,DT_1DA9003S,산업별 계절조정 취업자,천명,Thousand Person
94,S 협회 및 단체 수리 및 기타 개인 서비스업,S Membership organizations repair and other personal services,산업별,By industry,1218.9,T30,취업자,Employed persons,2026-01-27,101,201601,M,DT_1DA9003S,산업별 계절조정 취업자,천명,Thousand Person
94,S 협회 및 단체 수리 및 기타 개인 서비스업,S Membership organizations repair and other personal services,산업별,By industry,1216.9,T30,취업자,Employed persons,2026-01-27,101,201602,M,DT_1DA9003S,산업별 계절조정 취업자,천명,Thousand Person
94,S 협회 및 단체 수리 및 기타 개인 서비스업,S Membership organizations repair and other personal services,산업별,By industry,1229.5,T30,취업자,Employed persons,2026-01-27,101,201603,M,DT_1DA9003S,산업별 계절조정 취업자,천명,Thousand Person
94,S 협회 및 단체 수리 및 기타 개인 서비스업,S Membership organizations repair and other personal services,산업별,By industry,1240.4,T30,취업자,Employed persons,2026-01-27,101,201604,M,DT_1DA9003S,산업별 계절조정 취업자,천명,Thousand Person
94,S 협회 및 단체 수리 및 기타 개인 서비스업,S Membership organizations repair and other personal services,산업별,By industry,1229.2,T30,취업자,Employed persons,2026-01-27,101,201605,M,DT_1DA9003S,산업별 계절조정 취업자,천명,Thousand Person
94,S 협회 및 단체 수리 및 기타 개인 서비스업,S Membership organizations repair and other personal services,산업별,By industry,1219.6,T30,취업자,Employed persons,2026-01-27,101,201606,M,DT_1DA9003S,산업별 계절조정 취업자,천명,Thousand Person
94,S 협회 및 단체 수리 및 기타 개인 서비스업,S Membership organizations repair and other personal services,산업별,By industry,1220.4,T30,취업자,Employed persons,2026-01-27,101,201607,M,DT_1DA9003S,산업별 계절조정 취업자,천명,Thousand Person
94,S 협회 및 단체 수리 및 기타 개인 서비스업,S Membership organizations repair and other personal services,산업별,By industry,1238.8,T30,취업자,Employed persons,2026-01-27,101,201608,M,DT_1DA9003S,산업별 계절조정 취업자,천명,Thousand Person
94,S 협회 및 단체 수리 및 기타 개인 서비스업,S Membership organizations repair and other personal services,산업별,By industry,1239.7,T30,취업자,Employed persons,2026-01-27,101,201609,M,DT_1DA9003S,산업별 계절조정 취업자,천명,Thousand Person
94,S 협회 및 단체 수리 및 기타 개인 서비스업,S Membership organizations repair and other personal services,산업별,By industry,1226.4,T30,취업자,Employed persons,2026-01-27,101,201610,M,DT_1DA9003S,산업별 계절조정 취업자,천명,Thousand Person
94,S 협회 및 단체 수리 및 기타 개인 서비스업,S Membership organizations repair and other personal services,산업별,By industry,1202.5,T30,취업자,Employed persons,2026-01-27,101,201611,M,DT_1DA9003S,산업별 계절조정 취업자,천명,Thousand Person
94,S 협회 및 단체 수리 및 기타 개인 서비스업,S Membership organizations repair and other personal services,산업별,By industry,1209.1,T30,취업자,Employed persons,2026-01-27,101,201612,M,DT_1DA9003S,산업별 계절조정 취업자,천명,Thousand Person
94,S 협회 및 단체 수리 및 기타 개인 서비스업,S Membership organizations repair and other personal services,산업별,By industry,1219.3,T30,취업자,Employed persons,2026-01-27,101,201701,M,DT_1DA9003S,산업별 계절조정 취업자,천명,Thousand Person
94,S 협회 및 단체 수리 및 기타 개인 서비스업,S Membership organizations repair and other personal services,산업별,By industry,1208.2,T30,취업자,Employed persons,2026-01-27,101,201702,M,DT_1DA9003S,산업별 계절조정 취업자,천명,Thousand Person
94,S 협회 및 단체 수리 및 기타 개인 서비스업,S Membership organizations repair and other personal services,산업별,By industry,1206.4,T30,취업자,Employed persons,2026-01-27,101,201703,M,DT_1DA9003S,산업별 계절조정 취업자,천명,Thousand Person
94,S 협회 및 단체 수리 및 기타 개인 서비스업,S Membership organizations repair and other personal services,산업별,By industry,1214.3,T30,취업자,Employed persons,2026-01-27,101,201704,M,DT_1DA9003S,산업별 계절조정 취업자,천명,Thousand Person
94,S 협회 및 단체 수리 및 기타 개인 서비스업,S Membership organizations repair and other personal services,산업별,By industry,1207.5,T30,취업자,Employed persons,2026-01-27,101,201705,M,DT_1DA9003S,산업별 계절조정 취업자,천명,Thousand Person
94,S 협회 및 단체 수리 및 기타 개인 서비스업,S Membership organizations repair and other personal services,산업별,By industry,1212.5,T30,취업자,Employed persons,2026-01-27,101,201706,M,DT_1DA9003S,산업별 계절조정 취업자,천명,Thousand Person
94,S 협회 및 단체 수리 및 기타 개인 서비스업,S Membership organizations repair and other personal services,산업별,By industry,1235.5,T30,취업자,Employed persons,2026-01-27,101,201707,M,DT_1DA9003S,산업별 계절조정 취업자,천명,Thousand Person
94,S 협회 및 단체 수리 및 기타 개인 서비스업,S Membership organizations repair and other personal services,산업별,By industry,1224.5,T30,취업자,Employed persons,2026-01-27,101,201708,M,DT_1DA9003S,산업별 계절조정 취업자,천명,Thousand Person
94,S 협회 및 단체 수리 및 기타 개인 서비스업,S Membership organizations repair and other personal services,산업별,By industry,1255.5,T30,취업자,Employed persons,2026-01-27,101,201709,M,DT_1DA9003S,산업별 계절조정 취업자,천명,Thousand Person
94,S 협회 및 단체 수리 및 기타 개인 서비스업,S Membership organizations repair and other personal services,산업별,By industry,1233.7,T30,취업자,Employed persons,2026-01-27,101,201710,M,DT_1DA9003S,산업별 계절조정 취업자,천명,Thousand Person
94,S 협회 및 단체 수리 및 기타 개인 서비스업,S Membership organizations repair and other personal services,산업별,By industry,1212.9,T30,취업자,Employed persons,2026-01-27,101,201711,M,DT_1DA9003S,산업별 계절조정 취업자,천명,Thousand Person
94,S 협회 및 단체 수리 및 기타 개인 서비스업,S Membership organizations repair and other personal services,산업별,By industry,1230.4,T30,취업자,Employed persons,2026-01-27,101,201712,M,DT_1DA9003S,산업별 계절조정 취업자,천명,Thousand Person
94,S 협회 및 단체 수리 및 기타 개인 서비스업,S Membership organizations repair and other personal services,산업별,By industry,1240.5,T30,취업자,Employed persons,2026-01-27,101,201801,M,DT_1DA9003S,산업별 계절조정 취업자,천명,Thousand Person
94,S 협회 및 단체 수리 및 기타 개인 서비스업,S Membership organizations repair and other personal services,산업별,By industry,1226,T30,취업자,Employed persons,2026-01-27,101,201802,M,DT_1DA9003S,산업별 계절조정 취업자,천명,Thousand Person
94,S 협회 및 단체 수리 및 기타 개인 서비스업,S Membership organizations repair and other personal services,산업별,By industry,1247.4,T30,취업자,Employed persons,2026-01-27,101,201803,M,DT_1DA9003S,산업별 계절조정 취업자,천명,Thousand Person
94,S 협회 및 단체 수리 및 기타 개인 서비스업,S Membership organizations repair and other personal services,산업별,By industry,1245,T30,취업자,Employed persons,2026-01-27,101,201804,M,DT_1DA9003S,산업별 계절조정 취업자,천명,Thousand Person
94,S 협회 및 단체 수리 및 기타 개인 서비스업,S Membership organizations repair and other personal services,산업별,By industry,1242.2,T30,취업자,Employed persons,2026-01-27,101,201805,M,DT_1DA9003S,산업별 계절조정 취업자,천명,Thousand Person
94,S 협회 및 단체 수리 및 기타 개인 서비스업,S Membership organizations repair and other personal services,산업별,By industry,1256.5,T30,취업자,Employed persons,2026-01-27,101,201806,M,DT_1DA9003S,산업별 계절조정 취업자,천명,Thousand Person
94,S 협회 및 단체 수리 및 기타 개인 서비스업,S Membership organizations repair and other personal services,산업별,By industry,1240.1,T30,취업자,Employed persons,2026-01-27,101,201807,M,DT_1DA9003S,산업별 계절조정 취업자,천명,Thousand Person
94,S 협회 및 단체 수리 및 기타 개인 서비스업,S Membership organizations repair and other personal services,산업별,By industry,1232.7,T30,취업자,Employed persons,2026-01-27,101,201808,M,DT_1DA9003S,산업별 계절조정 취업자,천명,Thousand Person
94,S 협회 및 단체 수리 및 기타 개인 서비스업,S Membership organizations repair and other personal services,산업별,By industry,1212.3,T30,취업자,Employed persons,2026-01-27,101,201809,M,DT_1DA9003S,산업별 계절조정 취업자,천명,Thousand Person
94,S 협회 및 단체 수리 및 기타 개인 서비스업,S Membership organizations repair and other personal services,산업별,By industry,1201.7,T30,취업자,Employed persons,2026-01-27,101,201810,M,DT_1DA9003S,산업별 계절조정 취업자,천명,Thousand Person
94,S 협회 및 단체 수리 및 기타 개인 서비스업,S Membership organizations repair and other personal services,산업별,By industry,1242.3,T30,취업자,Employed persons,2026-01-27,101,201811,M,DT_1DA9003S,산업별 계절조정 취업자,천명,Thousand Person
94,S 협회 및 단체 수리 및 기타 개인 서비스업,S Membership organizations repair and other personal services,산업별,By industry,1244.4,T30,취업자,Employed persons,2026-01-27,101,201812,M,DT_1DA9003S,산업별 계절조정 취업자,천명,Thousand Person
94,S 협회 및 단체 수리 및 기타 개인 서비스업,S Membership organizations repair and other personal services,산업별,By industry,1251.3,T30,취업자,Employed persons,2026-01-27,101,201901,M,DT_1DA9003S,산업별 계절조정 취업자,천명,Thousand Person
94,S 협회 및 단체 수리 및 기타 개인 서비스업,S Membership organizations repair and other personal services,산업별,By industry,1251.1,T30,취업자,Employed persons,2026-01-27,101,201902,M,DT_1DA9003S,산업별 계절조정 취업자,천명,Thousand Person
94,S 협회 및 단체 수리 및 기타 개인 서비스업,S Membership organizations repair and other personal services,산업별,By industry,1240,T30,취업자,Employed persons,2026-01-27,101,201903,M,DT_1DA9003S,산업별 계절조정 취업자,천명,Thousand Person
94,S 협회 및 단체 수리 및 기타 개인 서비스업,S Membership organizations repair and other personal services,산업별,By industry,1256.4,T30,취업자,Employed persons,2026-01-27,101,201904,M,DT_1DA9003S,산업별 계절조정 취업자,천명,Thousand Person
94,S 협회 및 단체 수리 및 기타 개인 서비스업,S Membership organizations repair and other personal services,산업별,By industry,1257,T30,취업자,Employed persons,2026-01-27,101,201905,M,DT_1DA9003S,산업별 계절조정 취업자,천명,Thousand Person
94,S 협회 및 단체 수리 및 기타 개인 서비스업,S Membership organizations repair and other personal services,산업별,By industry,1249.4,T30,취업자,Employed persons,2026-01-27,101,201906,M,DT_1DA9003S,산업별 계절조정 취업자,천명,Thousand Person
94,S 협회 및 단체 수리 및 기타 개인 서비스업,S Membership organizations repair and other personal services,산업별,By industry,1226.3,T30,취업자,Employed persons,2026-01-27,101,201907,M,DT_1DA9003S,산업별 계절조정 취업자,천명,Thousand Person
94,S 협회 및 단체 수리 및 기타 개인 서비스업,S Membership organizations repair and other personal services,산업별,By industry,1212.1,T30,취업자,Employed persons,2026-01-27,101,201908,M,DT_1DA9003S,산업별 계절조정 취업자,천명,Thousand Person
94,S 협회 및 단체 수리 및 기타 개인 서비스업,S Membership organizations repair and other personal services,산업별,By industry,1199.6,T30,취업자,Employed persons,2026-01-27,101,201909,M,DT_1DA9003S,산업별 계절조정 취업자,천명,Thousand Person
94,S 협회 및 단체 수리 및 기타 개인 서비스업,S Membership organizations repair and other personal services,산업별,By industry,1216.1,T30,취업자,Employed persons,2026-01-27,101,201910,M,DT_1DA9003S,산업별 계절조정 취업자,천명,Thousand Person
94,S 협회 및 단체 수리 및 기타 개인 서비스업,S Membership organizations repair and other personal services,산업별,By industry,1211.1,T30,취업자,Employed persons,2026-01-27,101,201911,M,DT_1DA9003S,산업별 계절조정 취업자,천명,Thousand Person
94,S 협회 및 단체 수리 및 기타 개인 서비스업,S Membership organizations repair and other personal services,산업별,By industry,1221.3,T30,취업자,Employed persons,2026-01-27,101,201912,M,DT_1DA9003S,산업별 계절조정 취업자,천명,Thousand Person
94,S 협회 및 단체 수리 및 기타 개인 서비스업,S Membership organizations repair and other personal services,산업별,By industry,1232.3,T30,취업자,Employed persons,2026-01-27,101,202001,M,DT_1DA9003S,산업별 계절조정 취업자,천명,Thousand Person
94,S 협회 및 단체 수리 및 기타 개인 서비스업,S Membership organizations repair and other personal services,산업별,By industry,1226.9,T30,취업자,Employed persons,2026-01-27,101,202002,M,DT_1DA9003S,산업별 계절조정 취업자,천명,Thousand Person
94,S 협회 및 단체 수리 및 기타 개인 서비스업,S Membership organizations repair and other personal services,산업별,By industry,1207.8,T30,취업자,Employed persons,2026-01-27,101,202003,M,DT_1DA9003S,산업별 계절조정 취업자,천명,Thousand Person
94,S 협회 및 단체 수리 및 기타 개인 서비스업,S Membership organizations repair and other personal services,산업별,By industry,1158.2,T30,취업자,Employed persons,2026-01-27,101,202004,M,DT_1DA9003S,산업별 계절조정 취업자,천명,Thousand Person
94,S 협회 및 단체 수리 및 기타 개인 서비스업,S Membership organizations repair and other personal services,산업별,By industry,1172.8,T30,취업자,Employed persons,2026-01-27,101,202005,M,DT_1DA9003S,산업별 계절조정 취업자,천명,Thousand Person
94,S 협회 및 단체 수리 및 기타 개인 서비스업,S Membership organizations repair and other personal services,산업별,By industry,1190.1,T30,취업자,Employed persons,2026-01-27,101,202006,M,DT_1DA9003S,산업별 계절조정 취업자,천명,Thousand Person
94,S 협회 및 단체 수리 및 기타 개인 서비스업,S Membership organizations repair and other personal services,산업별,By industry,1190.3,T30,취업자,Employed persons,2026-01-27,101,202007,M,DT_1DA9003S,산업별 계절조정 취업자,천명,Thousand Person
94,S 협회 및 단체 수리 및 기타 개인 서비스업,S Membership organizations repair and other personal services,산업별,By industry,1187.8,T30,취업자,Employed persons,2026-01-27,101,202008,M,DT_1DA9003S,산업별 계절조정 취업자,천명,Thousand Person
94,S 협회 및 단체 수리 및 기타 개인 서비스업,S Membership organizations repair and other personal services,산업별,By industry,1185.6,T30,취업자,Employed persons,2026-01-27,101,202009,M,DT_1DA9003S,산업별 계절조정 취업자,천명,Thousand Person
94,S 협회 및 단체 수리 및 기타 개인 서비스업,S Membership organizations repair and other personal services,산업별,By industry,1185.3,T30,취업자,Employed persons,2026-01-27,101,202010,M,DT_1DA9003S,산업별 계절조정 취업자,천명,Thousand Person
94,S 협회 및 단체 수리 및 기타 개인 서비스업,S Membership organizations repair and other personal services,산업별,By industry,1181.4,T30,취업자,Employed persons,2026-01-27,101,202011,M,DT_1DA9003S,산업별 계절조정 취업자,천명,Thousand Person
94,S 협회 및 단체 수리 및 기타 개인 서비스업,S Membership organizations repair and other personal services,산업별,By industry,1152.6,T30,취업자,Employed persons,2026-01-27,101,202012,M,DT_1DA9003S,산업별 계절조정 취업자,천명,Thousand Person
94,S 협회 및 단체 수리 및 기타 개인 서비스업,S Membership organizations repair and other personal services,산업별,By industry,1127.7,T30,취업자,Employed persons,2026-01-27,101,202101,M,DT_1DA9003S,산업별 계절조정 취업자,천명,Thousand Person
94,S 협회 및 단체 수리 및 기타 개인 서비스업,S Membership organizations repair and other personal services,산업별,By industry,1142.2,T30,취업자,Employed persons,2026-01-27,101,202102,M,DT_1DA9003S,산업별 계절조정 취업자,천명,Thousand Person
94,S 협회 및 단체 수리 및 기타 개인 서비스업,S Membership organizations repair and other personal services,산업별,By industry,1136.4,T30,취업자,Employed persons,2026-01-27,101,202103,M,DT_1DA9003S,산업별 계절조정 취업자,천명,Thousand Person
94,S 협회 및 단체 수리 및 기타 개인 서비스업,S Membership organizations repair and other personal services,산업별,By industry,1129.5,T30,취업자,Employed persons,2026-01-27,101,202104,M,DT_1DA9003S,산업별 계절조정 취업자,천명,Thousand Person
94,S 협회 및 단체 수리 및 기타 개인 서비스업,S Membership organizations repair and other personal services,산업별,By industry,1128.1,T30,취업자,Employed persons,2026-01-27,101,202105,M,DT_1DA9003S,산업별 계절조정 취업자,천명,Thousand Person
94,S 협회 및 단체 수리 및 기타 개인 서비스업,S Membership organizations repair and other personal services,산업별,By industry,1136.2,T30,취업자,Employed persons,2026-01-27,101,202106,M,DT_1DA9003S,산업별 계절조정 취업자,천명,Thousand Person
94,S 협회 및 단체 수리 및 기타 개인 서비스업,S Membership organizations repair and other personal services,산업별,By industry,1141,T30,취업자,Employed persons,2026-01-27,101,202107,M,DT_1DA9003S,산업별 계절조정 취업자,천명,Thousand Person
94,S 협회 및 단체 수리 및 기타 개인 서비스업,S Membership organizations repair and other personal services,산업별,By industry,1147.6,T30,취업자,Employed persons,2026-01-27,101,202108,M,DT_1DA9003S,산업별 계절조정 취업자,천명,Thousand Person
94,S 협회 및 단체 수리 및 기타 개인 서비스업,S Membership organizations repair and other personal services,산업별,By industry,1142.9,T30,취업자,Employed persons,2026-01-27,101,202109,M,DT_1DA9003S,산업별 계절조정 취업자,천명,Thousand Person
94,S 협회 및 단체 수리 및 기타 개인 서비스업,S Membership organizations repair and other personal services,산업별,By industry,1127.9,T30,취업자,Employed persons,2026-01-27,101,202110,M,DT_1DA9003S,산업별 계절조정 취업자,천명,Thousand Person
94,S 협회 및 단체 수리 및 기타 개인 서비스업,S Membership organizations repair and other personal services,산업별,By industry,1131.5,T30,취업자,Employed persons,2026-01-27,101,202111,M,DT_1DA9003S,산업별 계절조정 취업자,천명,Thousand Person
94,S 협회 및 단체 수리 및 기타 개인 서비스업,S Membership organizations repair and other personal services,산업별,By industry,1124.5,T30,취업자,Employed persons,2026-01-27,101,202112,M,DT_1DA9003S,산업별 계절조정 취업자,천명,Thousand Person
94,S 협회 및 단체 수리 및 기타 개인 서비스업,S Membership organizations repair and other personal services,산업별,By industry,1107.2,T30,취업자,Employed persons,2026-01-27,101,202201,M,DT_1DA9003S,산업별 계절조정 취업자,천명,Thousand Person
94,S 협회 및 단체 수리 및 기타 개인 서비스업,S Membership organizations repair and other personal services,산업별,By industry,1108.6,T30,취업자,Employed persons,2026-01-27,101,202202,M,DT_1DA9003S,산업별 계절조정 취업자,천명,Thousand Person
94,S 협회 및 단체 수리 및 기타 개인 서비스업,S Membership organizations repair and other personal services,산업별,By industry,1105.6,T30,취업자,Employed persons,2026-01-27,101,202203,M,DT_1DA9003S,산업별 계절조정 취업자,천명,Thousand Person
94,S 협회 및 단체 수리 및 기타 개인 서비스업,S Membership organizations repair and other personal services,산업별,By industry,1106,T30,취업자,Employed persons,2026-01-27,101,202204,M,DT_1DA9003S,산업별 계절조정 취업자,천명,Thousand Person
94,S 협회 및 단체 수리 및 기타 개인 서비스업,S Membership organizations repair and other personal services,산업별,By industry,1132.2,T30,취업자,Employed persons,2026-01-27,101,202205,M,DT_1DA9003S,산업별 계절조정 취업자,천명,Thousand Person
94,S 협회 및 단체 수리 및 기타 개인 서비스업,S Membership organizations repair and other personal services,산업별,By industry,1121,T30,취업자,Employed persons,2026-01-27,101,202206,M,DT_1DA9003S,산업별 계절조정 취업자,천명,Thousand Person
94,S 협회 및 단체 수리 및 기타 개인 서비스업,S Membership organizations repair and other personal services,산업별,By industry,1118.7,T30,취업자,Employed persons,2026-01-27,101,202207,M,DT_1DA9003S,산업별 계절조정 취업자,천명,Thousand Person
94,S 협회 및 단체 수리 및 기타 개인 서비스업,S Membership organizations repair and other personal services,산업별,By industry,1109.8,T30,취업자,Employed persons,2026-01-27,101,202208,M,DT_1DA9003S,산업별 계절조정 취업자,천명,Thousand Person
94,S 협회 및 단체 수리 및 기타 개인 서비스업,S Membership organizations repair and other personal services,산업별,By industry,1116.7,T30,취업자,Employed persons,2026-01-27,101,202209,M,DT_1DA9003S,산업별 계절조정 취업자,천명,Thousand Person
94,S 협회 및 단체 수리 및 기타 개인 서비스업,S Membership organizations repair and other personal services,산업별,By industry,1121.4,T30,취업자,Employed persons,2026-01-27,101,202210,M,DT_1DA9003S,산업별 계절조정 취업자,천명,Thousand Person
94,S 협회 및 단체 수리 및 기타 개인 서비스업,S Membership organizations repair and other personal services,산업별,By industry,1141.2,T30,취업자,Employed persons,2026-01-27,101,202211,M,DT_1DA9003S,산업별 계절조정 취업자,천명,Thousand Person
94,S 협회 및 단체 수리 및 기타 개인 서비스업,S Membership organizations repair and other personal services,산업별,By industry,1139.1,T30,취업자,Employed persons,2026-01-27,101,202212,M,DT_1DA9003S,산업별 계절조정 취업자,천명,Thousand Person
94,S 협회 및 단체 수리 및 기타 개인 서비스업,S Membership organizations repair and other personal services,산업별,By industry,1124.5,T30,취업자,Employed persons,2026-01-27,101,202301,M,DT_1DA9003S,산업별 계절조정 취업자,천명,Thousand Person
94,S 협회 및 단체 수리 및 기타 개인 서비스업,S Membership organizations repair and other personal services,산업별,By industry,1141.6,T30,취업자,Employed persons,2026-01-27,101,202302,M,DT_1DA9003S,산업별 계절조정 취업자,천명,Thousand Person
94,S 협회 및 단체 수리 및 기타 개인 서비스업,S Membership organizations repair and other personal services,산업별,By industry,1133.9,T30,취업자,Employed persons,2026-01-27,101,202303,M,DT_1DA9003S,산업별 계절조정 취업자,천명,Thousand Person
94,S 협회 및 단체 수리 및 기타 개인 서비스업,S Membership organizations repair and other personal services,산업별,By industry,1130.2,T30,취업자,Employed persons,2026-01-27,101,202304,M,DT_1DA9003S,산업별 계절조정 취업자,천명,Thousand Person
94,S 협회 및 단체 수리 및 기타 개인 서비스업,S Membership organizations repair and other personal services,산업별,By industry,1117.4,T30,취업자,Employed persons,2026-01-27,101,202305,M,DT_1DA9003S,산업별 계절조정 취업자,천명,Thousand Person
94,S 협회 및 단체 수리 및 기타 개인 서비스업,S Membership organizations repair and other personal services,산업별,By industry,1123.1,T30,취업자,Employed persons,2026-01-27,101,202306,M,DT_1DA9003S,산업별 계절조정 취업자,천명,Thousand Person
94,S 협회 및 단체 수리 및 기타 개인 서비스업,S Membership organizations repair and other personal services,산업별,By industry,1122.8,T30,취업자,Employed persons,2026-01-27,101,202307,M,DT_1DA9003S,산업별 계절조정 취업자,천명,Thousand Person
94,S 협회 및 단체 수리 및 기타 개인 서비스업,S Membership organizations repair and other personal services,산업별,By industry,1142.5,T30,취업자,Employed persons,2026-01-27,101,202308,M,DT_1DA9003S,산업별 계절조정 취업자,천명,Thousand Person
94,S 협회 및 단체 수리 및 기타 개인 서비스업,S Membership organizations repair and other personal services,산업별,By industry,1129.7,T30,취업자,Employed persons,2026-01-27,101,202309,M,DT_1DA9003S,산업별 계절조정 취업자,천명,Thousand Person
94,S 협회 및 단체 수리 및 기타 개인 서비스업,S Membership organizations repair and other personal services,산업별,By industry,1130.2,T30,취업자,Employed persons,2026-01-27,101,202310,M,DT_1DA9003S,산업별 계절조정 취업자,천명,Thousand Person
94,S 협회 및 단체 수리 및 기타 개인 서비스업,S Membership organizations repair and other personal services,산업별,By industry,1123.7,T30,취업자,Employed persons,2026-01-27,101,202311,M,DT_1DA9003S,산업별 계절조정 취업자,천명,Thousand Person
94,S 협회 및 단체 수리 및 기타 개인 서비스업,S Membership organizations repair and other personal services,산업별,By industry,1134,T30,취업자,Employed persons,2026-01-27,101,202312,M,DT_1DA9003S,산업별 계절조정 취업자,천명,Thousand Person
94,S 협회 및 단체 수리 및 기타 개인 서비스업,S Membership organizations repair and other personal services,산업별,By industry,1132.8,T30,취업자,Employed persons,2026-01-27,101,202401,M,DT_1DA9003S,산업별 계절조정 취업자,천명,Thousand Person
94,S 협회 및 단체 수리 및 기타 개인 서비스업,S Membership organizations repair and other personal services,산업별,By industry,1119.6,T30,취업자,Employed persons,2026-01-27,101,202402,M,DT_1DA9003S,산업별 계절조정 취업자,천명,Thousand Person
94,S 협회 및 단체 수리 및 기타 개인 서비스업,S Membership organizations repair and other personal services,산업별,By industry,1124.6,T30,취업자,Employed persons,2026-01-27,101,202403,M,DT_1DA9003S,산업별 계절조정 취업자,천명,Thousand Person
94,S 협회 및 단체 수리 및 기타 개인 서비스업,S Membership organizations repair and other personal services,산업별,By industry,1127,T30,취업자,Employed persons,2026-01-27,101,202404,M,DT_1DA9003S,산업별 계절조정 취업자,천명,Thousand Person
94,S 협회 및 단체 수리 및 기타 개인 서비스업,S Membership organizations repair and other personal services,산업별,By industry,1130.1,T30,취업자,Employed persons,2026-01-27,101,202405,M,DT_1DA9003S,산업별 계절조정 취업자,천명,Thousand Person
94,S 협회 및 단체 수리 및 기타 개인 서비스업,S Membership organizations repair and other personal services,산업별,By industry,1119.2,T30,취업자,Employed persons,2026-01-27,101,202406,M,DT_1DA9003S,산업별 계절조정 취업자,천명,Thousand Person
94,S 협회 및 단체 수리 및 기타 개인 서비스업,S Membership organizations repair and other personal services,산업별,By industry,1129.3,T30,취업자,Employed persons,2026-01-27,101,202407,M,DT_1DA9003S,산업별 계절조정 취업자,천명,Thousand Person
94,S 협회 및 단체 수리 및 기타 개인 서비스업,S Membership organizations repair and other personal services,산업별,By industry,1112.1,T30,취업자,Employed persons,2026-01-27,101,202408,M,DT_1DA9003S,산업별 계절조정 취업자,천명,Thousand Person
94,S 협회 및 단체 수리 및 기타 개인 서비스업,S Membership organizations repair and other personal services,산업별,By industry,1145.3,T30,취업자,Employed persons,2026-01-27,101,202409,M,DT_1DA9003S,산업별 계절조정 취업자,천명,Thousand Person
94,S 협회 및 단체 수리 및 기타 개인 서비스업,S Membership organizations repair and other personal services,산업별,By industry,1153.5,T30,취업자,Employed persons,2026-01-27,101,202410,M,DT_1DA9003S,산업별 계절조정 취업자,천명,Thousand Person
94,S 협회 및 단체 수리 및 기타 개인 서비스업,S Membership organizations repair and other personal services,산업별,By industry,1138.6,T30,취업자,Employed persons,2026-01-27,101,202411,M,DT_1DA9003S,산업별 계절조정 취업자,천명,Thousand Person
94,S 협회 및 단체 수리 및 기타 개인 서비스업,S Membership organizations repair and other personal services,산업별,By industry,1133.9,T30,취업자,Employed persons,2026-01-27,101,202412,M,DT_1DA9003S,산업별 계절조정 취업자,천명,Thousand Person
94,S 협회 및 단체 수리 및 기타 개인 서비스업,S Membership organizations repair and other personal services,산업별,By industry,1139.1,T30,취업자,Employed persons,2026-01-27,101,202501,M,DT_1DA9003S,산업별 계절조정 취업자,천명,Thousand Person
94,S 협회 및 단체 수리 및 기타 개인 서비스업,S Membership organizations repair and other personal services,산업별,By industry,1151.7,T30,취업자,Employed persons,2026-01-27,101,202502,M,DT_1DA9003S,산업별 계절조정 취업자,천명,Thousand Person
94,S 협회 및 단체 수리 및 기타 개인 서비스업,S Membership organizations repair and other personal services,산업별,By industry,1158.3,T30,취업자,Employed persons,2026-01-27,101,202503,M,DT_1DA9003S,산업별 계절조정 취업자,천명,Thousand Person
94,S 협회 및 단체 수리 및 기타 개인 서비스업,S Membership organizations repair and other personal services,산업별,By industry,1154.2,T30,취업자,Employed persons,2026-01-27,101,202504,M,DT_1DA9003S,산업별 계절조정 취업자,천명,Thousand Person
94,S 협회 및 단체 수리 및 기타 개인 서비스업,S Membership organizations repair and other personal services,산업별,By industry,1147.2,T30,취업자,Employed persons,2026-01-27,101,202505,M,DT_1DA9003S,산업별 계절조정 취업자,천명,Thousand Person
94,S 협회 및 단체 수리 및 기타 개인 서비스업,S Membership organizations repair and other personal services,산업별,By industry,1145,T30,취업자,Employed persons,2026-01-27,101,202506,M,DT_1DA9003S,산업별 계절조정 취업자,천명,Thousand Person
94,S 협회 및 단체 수리 및 기타 개인 서비스업,S Membership organizations repair and other personal services,산업별,By industry,1138.2,T30,취업자,Employed persons,2026-01-27,101,202507,M,DT_1DA9003S,산업별 계절조정 취업자,천명,Thousand Person
94,S 협회 및 단체 수리 및 기타 개인 서비스업,S Membership organizations repair and other personal services,산업별,By industry,1144.2,T30,취업자,Employed persons,2026-01-27,101,202508,M,DT_1DA9003S,산업별 계절조정 취업자,천명,Thousand Person
94,S 협회 및 단체 수리 및 기타 개인 서비스업,S Membership organizations repair and other personal services,산업별,By industry,1142.8,T30,취업자,Employed persons,2026-01-27,101,202509,M,DT_1DA9003S,산업별 계절조정 취업자,천명,Thousand Person
94,S 협회 및 단체 수리 및 기타 개인 서비스업,S Membership organizations repair and other personal services,산업별,By industry,1140.2,T30,취업자,Employed persons,2026-01-27,101,202510,M,DT_1DA9003S,산업별 계절조정 취업자,천명,Thousand Person
94,S 협회 및 단체 수리 및 기타 개인 서비스업,S Membership organizations repair and other personal services,산업별,By industry,1143.9,T30,취업자,Employed persons,2026-01-27,101,202511,M,DT_1DA9003S,산업별 계절조정 취업자,천명,Thousand Person
94,S 협회 및 단체 수리 및 기타 개인 서비스업,S Membership organizations repair and other personal services,산업별,By industry,1139,T30,취업자,Employed persons,2026-01-27,101,202512,M,DT_1DA9003S,산업별 계절조정 취업자,천명,Thousand Person
97,T 가구 내 고용활동 및 달리 분류되지 않은 자가소비 생산활동,T Activities of households as employers; undifferentiated goods-and services-producing activities of households for own use,산업별,By industry,177.9,T30,취업자,Employed persons,2026-01-27,101,201301,M,DT_1DA9003S,산업별 계절조정 취업자,천명,Thousand Person
97,T 가구 내 고용활동 및 달리 분류되지 않은 자가소비 생산활동,T Activities of households as employers; undifferentiated goods-and services-producing activities of households for own use,산업별,By industry,175.4,T30,취업자,Employed persons,2026-01-27,101,201302,M,DT_1DA9003S,산업별 계절조정 취업자,천명,Thousand Person
97,T 가구 내 고용활동 및 달리 분류되지 않은 자가소비 생산활동,T Activities of households as employers; undifferentiated goods-and services-producing activities of households for own use,산업별,By industry,178.4,T30,취업자,Employed persons,2026-01-27,101,201303,M,DT_1DA9003S,산업별 계절조정 취업자,천명,Thousand Person
97,T 가구 내 고용활동 및 달리 분류되지 않은 자가소비 생산활동,T Activities of households as employers; undifferentiated goods-and services-producing activities of households for own use,산업별,By industry,177,T30,취업자,Employed persons,2026-01-27,101,201304,M,DT_1DA9003S,산업별 계절조정 취업자,천명,Thousand Person
97,T 가구 내 고용활동 및 달리 분류되지 않은 자가소비 생산활동,T Activities of households as employers; undifferentiated goods-and services-producing activities of households for own use,산업별,By industry,175.2,T30,취업자,Employed persons,2026-01-27,101,201305,M,DT_1DA9003S,산업별 계절조정 취업자,천명,Thousand Person
97,T 가구 내 고용활동 및 달리 분류되지 않은 자가소비 생산활동,T Activities of households as employers; undifferentiated goods-and services-producing activities of households for own use,산업별,By industry,181.2,T30,취업자,Employed persons,2026-01-27,101,201306,M,DT_1DA9003S,산업별 계절조정 취업자,천명,Thousand Person
97,T 가구 내 고용활동 및 달리 분류되지 않은 자가소비 생산활동,T Activities of households as employers; undifferentiated goods-and services-producing activities of households for own use,산업별,By industry,177.6,T30,취업자,Employed persons,2026-01-27,101,201307,M,DT_1DA9003S,산업별 계절조정 취업자,천명,Thousand Person
97,T 가구 내 고용활동 및 달리 분류되지 않은 자가소비 생산활동,T Activities of households as employers; undifferentiated goods-and services-producing activities of households for own use,산업별,By industry,182,T30,취업자,Employed persons,2026-01-27,101,201308,M,DT_1DA9003S,산업별 계절조정 취업자,천명,Thousand Person
97,T 가구 내 고용활동 및 달리 분류되지 않은 자가소비 생산활동,T Activities of households as employers; undifferentiated goods-and services-producing activities of households for own use,산업별,By industry,171.6,T30,취업자,Employed persons,2026-01-27,101,201309,M,DT_1DA9003S,산업별 계절조정 취업자,천명,Thousand Person
97,T 가구 내 고용활동 및 달리 분류되지 않은 자가소비 생산활동,T Activities of households as employers; undifferentiated goods-and services-producing activities of households for own use,산업별,By industry,167.6,T30,취업자,Employed persons,2026-01-27,101,201310,M,DT_1DA9003S,산업별 계절조정 취업자,천명,Thousand Person
97,T 가구 내 고용활동 및 달리 분류되지 않은 자가소비 생산활동,T Activities of households as employers; undifferentiated goods-and services-producing activities of households for own use,산업별,By industry,157.6,T30,취업자,Employed persons,2026-01-27,101,201311,M,DT_1DA9003S,산업별 계절조정 취업자,천명,Thousand Person
97,T 가구 내 고용활동 및 달리 분류되지 않은 자가소비 생산활동,T Activities of households as employers; undifferentiated goods-and services-producing activities of households for own use,산업별,By industry,150.5,T30,취업자,Employed persons,2026-01-27,101,201312,M,DT_1DA9003S,산업별 계절조정 취업자,천명,Thousand Person
97,T 가구 내 고용활동 및 달리 분류되지 않은 자가소비 생산활동,T Activities of households as employers; undifferentiated goods-and services-producing activities of households for own use,산업별,By industry,130.4,T30,취업자,Employed persons,2026-01-27,101,201401,M,DT_1DA9003S,산업별 계절조정 취업자,천명,Thousand Person
97,T 가구 내 고용활동 및 달리 분류되지 않은 자가소비 생산활동,T Activities of households as employers; undifferentiated goods-and services-producing activities of households for own use,산업별,By industry,137.4,T30,취업자,Employed persons,2026-01-27,101,201402,M,DT_1DA9003S,산업별 계절조정 취업자,천명,Thousand Person
97,T 가구 내 고용활동 및 달리 분류되지 않은 자가소비 생산활동,T Activities of households as employers; undifferentiated goods-and services-producing activities of households for own use,산업별,By industry,123.8,T30,취업자,Employed persons,2026-01-27,101,201403,M,DT_1DA9003S,산업별 계절조정 취업자,천명,Thousand Person
97,T 가구 내 고용활동 및 달리 분류되지 않은 자가소비 생산활동,T Activities of households as employers; undifferentiated goods-and services-producing activities of households for own use,산업별,By industry,123.9,T30,취업자,Employed persons,2026-01-27,101,201404,M,DT_1DA9003S,산업별 계절조정 취업자,천명,Thousand Person
97,T 가구 내 고용활동 및 달리 분류되지 않은 자가소비 생산활동,T Activities of households as employers; undifferentiated goods-and services-producing activities of households for own use,산업별,By industry,118,T30,취업자,Employed persons,2026-01-27,101,201405,M,DT_1DA9003S,산업별 계절조정 취업자,천명,Thousand Person
97,T 가구 내 고용활동 및 달리 분류되지 않은 자가소비 생산활동,T Activities of households as employers; undifferentiated goods-and services-producing activities of households for own use,산업별,By industry,119.7,T30,취업자,Employed persons,2026-01-27,101,201406,M,DT_1DA9003S,산업별 계절조정 취업자,천명,Thousand Person
97,T 가구 내 고용활동 및 달리 분류되지 않은 자가소비 생산활동,T Activities of households as employers; undifferentiated goods-and services-producing activities of households for own use,산업별,By industry,116.8,T30,취업자,Employed persons,2026-01-27,101,201407,M,DT_1DA9003S,산업별 계절조정 취업자,천명,Thousand Person
97,T 가구 내 고용활동 및 달리 분류되지 않은 자가소비 생산활동,T Activities of households as employers; undifferentiated goods-and services-producing activities of households for own use,산업별,By industry,112.1,T30,취업자,Employed persons,2026-01-27,101,201408,M,DT_1DA9003S,산업별 계절조정 취업자,천명,Thousand Person
97,T 가구 내 고용활동 및 달리 분류되지 않은 자가소비 생산활동,T Activities of households as employers; undifferentiated goods-and services-producing activities of households for own use,산업별,By industry,106.3,T30,취업자,Employed persons,2026-01-27,101,201409,M,DT_1DA9003S,산업별 계절조정 취업자,천명,Thousand Person
97,T 가구 내 고용활동 및 달리 분류되지 않은 자가소비 생산활동,T Activities of households as employers; undifferentiated goods-and services-producing activities of households for own use,산업별,By industry,103.5,T30,취업자,Employed persons,2026-01-27,101,201410,M,DT_1DA9003S,산업별 계절조정 취업자,천명,Thousand Person
97,T 가구 내 고용활동 및 달리 분류되지 않은 자가소비 생산활동,T Activities of households as employers; undifferentiated goods-and services-producing activities of households for own use,산업별,By industry,105.1,T30,취업자,Employed persons,2026-01-27,101,201411,M,DT_1DA9003S,산업별 계절조정 취업자,천명,Thousand Person
97,T 가구 내 고용활동 및 달리 분류되지 않은 자가소비 생산활동,T Activities of households as employers; undifferentiated goods-and services-producing activities of households for own use,산업별,By industry,100.3,T30,취업자,Employed persons,2026-01-27,101,201412,M,DT_1DA9003S,산업별 계절조정 취업자,천명,Thousand Person
97,T 가구 내 고용활동 및 달리 분류되지 않은 자가소비 생산활동,T Activities of households as employers; undifferentiated goods-and services-producing activities of households for own use,산업별,By industry,95.3,T30,취업자,Employed persons,2026-01-27,101,201501,M,DT_1DA9003S,산업별 계절조정 취업자,천명,Thousand Person
97,T 가구 내 고용활동 및 달리 분류되지 않은 자가소비 생산활동,T Activities of households as employers; undifferentiated goods-and services-producing activities of households for own use,산업별,By industry,98,T30,취업자,Employed persons,2026-01-27,101,201502,M,DT_1DA9003S,산업별 계절조정 취업자,천명,Thousand Person
97,T 가구 내 고용활동 및 달리 분류되지 않은 자가소비 생산활동,T Activities of households as employers; undifferentiated goods-and services-producing activities of households for own use,산업별,By industry,88.8,T30,취업자,Employed persons,2026-01-27,101,201503,M,DT_1DA9003S,산업별 계절조정 취업자,천명,Thousand Person
97,T 가구 내 고용활동 및 달리 분류되지 않은 자가소비 생산활동,T Activities of households as employers; undifferentiated goods-and services-producing activities of households for own use,산업별,By industry,89.4,T30,취업자,Employed persons,2026-01-27,101,201504,M,DT_1DA9003S,산업별 계절조정 취업자,천명,Thousand Person
97,T 가구 내 고용활동 및 달리 분류되지 않은 자가소비 생산활동,T Activities of households as employers; undifferentiated goods-and services-producing activities of households for own use,산업별,By industry,85.4,T30,취업자,Employed persons,2026-01-27,101,201505,M,DT_1DA9003S,산업별 계절조정 취업자,천명,Thousand Person
97,T 가구 내 고용활동 및 달리 분류되지 않은 자가소비 생산활동,T Activities of households as employers; undifferentiated goods-and services-producing activities of households for own use,산업별,By industry,81.2,T30,취업자,Employed persons,2026-01-27,101,201506,M,DT_1DA9003S,산업별 계절조정 취업자,천명,Thousand Person
97,T 가구 내 고용활동 및 달리 분류되지 않은 자가소비 생산활동,T Activities of households as employers; undifferentiated goods-and services-producing activities of households for own use,산업별,By industry,78.2,T30,취업자,Employed persons,2026-01-27,101,201507,M,DT_1DA9003S,산업별 계절조정 취업자,천명,Thousand Person
97,T 가구 내 고용활동 및 달리 분류되지 않은 자가소비 생산활동,T Activities of households as employers; undifferentiated goods-and services-producing activities of households for own use,산업별,By industry,77,T30,취업자,Employed persons,2026-01-27,101,201508,M,DT_1DA9003S,산업별 계절조정 취업자,천명,Thousand Person
97,T 가구 내 고용활동 및 달리 분류되지 않은 자가소비 생산활동,T Activities of households as employers; undifferentiated goods-and services-producing activities of households for own use,산업별,By industry,76.5,T30,취업자,Employed persons,2026-01-27,101,201509,M,DT_1DA9003S,산업별 계절조정 취업자,천명,Thousand Person
97,T 가구 내 고용활동 및 달리 분류되지 않은 자가소비 생산활동,T Activities of households as employers; undifferentiated goods-and services-producing activities of households for own use,산업별,By industry,71.2,T30,취업자,Employed persons,2026-01-27,101,201510,M,DT_1DA9003S,산업별 계절조정 취업자,천명,Thousand Person
97,T 가구 내 고용활동 및 달리 분류되지 않은 자가소비 생산활동,T Activities of households as employers; undifferentiated goods-and services-producing activities of households for own use,산업별,By industry,74.5,T30,취업자,Employed persons,2026-01-27,101,201511,M,DT_1DA9003S,산업별 계절조정 취업자,천명,Thousand Person
97,T 가구 내 고용활동 및 달리 분류되지 않은 자가소비 생산활동,T Activities of households as employers; undifferentiated goods-and services-producing activities of households for own use,산업별,By industry,73.3,T30,취업자,Employed persons,2026-01-27,101,201512,M,DT_1DA9003S,산업별 계절조정 취업자,천명,Thousand Person
97,T 가구 내 고용활동 및 달리 분류되지 않은 자가소비 생산활동,T Activities of households as employers; undifferentiated goods-and services-producing activities of households for own use,산업별,By industry,76.6,T30,취업자,Employed persons,2026-01-27,101,201601,M,DT_1DA9003S,산업별 계절조정 취업자,천명,Thousand Person
97,T 가구 내 고용활동 및 달리 분류되지 않은 자가소비 생산활동,T Activities of households as employers; undifferentiated goods-and services-producing activities of households for own use,산업별,By industry,75.7,T30,취업자,Employed persons,2026-01-27,101,201602,M,DT_1DA9003S,산업별 계절조정 취업자,천명,Thousand Person
97,T 가구 내 고용활동 및 달리 분류되지 않은 자가소비 생산활동,T Activities of households as employers; undifferentiated goods-and services-producing activities of households for own use,산업별,By industry,70.9,T30,취업자,Employed persons,2026-01-27,101,201603,M,DT_1DA9003S,산업별 계절조정 취업자,천명,Thousand Person
97,T 가구 내 고용활동 및 달리 분류되지 않은 자가소비 생산활동,T Activities of households as employers; undifferentiated goods-and services-producing activities of households for own use,산업별,By industry,70.4,T30,취업자,Employed persons,2026-01-27,101,201604,M,DT_1DA9003S,산업별 계절조정 취업자,천명,Thousand Person
97,T 가구 내 고용활동 및 달리 분류되지 않은 자가소비 생산활동,T Activities of households as employers; undifferentiated goods-and services-producing activities of households for own use,산업별,By industry,70.6,T30,취업자,Employed persons,2026-01-27,101,201605,M,DT_1DA9003S,산업별 계절조정 취업자,천명,Thousand Person
97,T 가구 내 고용활동 및 달리 분류되지 않은 자가소비 생산활동,T Activities of households as employers; undifferentiated goods-and services-producing activities of households for own use,산업별,By industry,77.9,T30,취업자,Employed persons,2026-01-27,101,201606,M,DT_1DA9003S,산업별 계절조정 취업자,천명,Thousand Person
97,T 가구 내 고용활동 및 달리 분류되지 않은 자가소비 생산활동,T Activities of households as employers; undifferentiated goods-and services-producing activities of households for own use,산업별,By industry,74.8,T30,취업자,Employed persons,2026-01-27,101,201607,M,DT_1DA9003S,산업별 계절조정 취업자,천명,Thousand Person
97,T 가구 내 고용활동 및 달리 분류되지 않은 자가소비 생산활동,T Activities of households as employers; undifferentiated goods-and services-producing activities of households for own use,산업별,By industry,63.8,T30,취업자,Employed persons,2026-01-27,101,201608,M,DT_1DA9003S,산업별 계절조정 취업자,천명,Thousand Person
97,T 가구 내 고용활동 및 달리 분류되지 않은 자가소비 생산활동,T Activities of households as employers; undifferentiated goods-and services-producing activities of households for own use,산업별,By industry,67.3,T30,취업자,Employed persons,2026-01-27,101,201609,M,DT_1DA9003S,산업별 계절조정 취업자,천명,Thousand Person
97,T 가구 내 고용활동 및 달리 분류되지 않은 자가소비 생산활동,T Activities of households as employers; undifferentiated goods-and services-producing activities of households for own use,산업별,By industry,64.8,T30,취업자,Employed persons,2026-01-27,101,201610,M,DT_1DA9003S,산업별 계절조정 취업자,천명,Thousand Person
97,T 가구 내 고용활동 및 달리 분류되지 않은 자가소비 생산활동,T Activities of households as employers; undifferentiated goods-and services-producing activities of households for own use,산업별,By industry,64.5,T30,취업자,Employed persons,2026-01-27,101,201611,M,DT_1DA9003S,산업별 계절조정 취업자,천명,Thousand Person
97,T 가구 내 고용활동 및 달리 분류되지 않은 자가소비 생산활동,T Activities of households as employers; undifferentiated goods-and services-producing activities of households for own use,산업별,By industry,60.4,T30,취업자,Employed persons,2026-01-27,101,201612,M,DT_1DA9003S,산업별 계절조정 취업자,천명,Thousand Person
97,T 가구 내 고용활동 및 달리 분류되지 않은 자가소비 생산활동,T Activities of households as employers; undifferentiated goods-and services-producing activities of households for own use,산업별,By industry,66.8,T30,취업자,Employed persons,2026-01-27,101,201701,M,DT_1DA9003S,산업별 계절조정 취업자,천명,Thousand Person
97,T 가구 내 고용활동 및 달리 분류되지 않은 자가소비 생산활동,T Activities of households as employers; undifferentiated goods-and services-producing activities of households for own use,산업별,By industry,69,T30,취업자,Employed persons,2026-01-27,101,201702,M,DT_1DA9003S,산업별 계절조정 취업자,천명,Thousand Person
97,T 가구 내 고용활동 및 달리 분류되지 않은 자가소비 생산활동,T Activities of households as employers; undifferentiated goods-and services-producing activities of households for own use,산업별,By industry,72.2,T30,취업자,Employed persons,2026-01-27,101,201703,M,DT_1DA9003S,산업별 계절조정 취업자,천명,Thousand Person
97,T 가구 내 고용활동 및 달리 분류되지 않은 자가소비 생산활동,T Activities of households as employers; undifferentiated goods-and services-producing activities of households for own use,산업별,By industry,70.6,T30,취업자,Employed persons,2026-01-27,101,201704,M,DT_1DA9003S,산업별 계절조정 취업자,천명,Thousand Person
97,T 가구 내 고용활동 및 달리 분류되지 않은 자가소비 생산활동,T Activities of households as employers; undifferentiated goods-and services-producing activities of households for own use,산업별,By industry,68.8,T30,취업자,Employed persons,2026-01-27,101,201705,M,DT_1DA9003S,산업별 계절조정 취업자,천명,Thousand Person
97,T 가구 내 고용활동 및 달리 분류되지 않은 자가소비 생산활동,T Activities of households as employers; undifferentiated goods-and services-producing activities of households for own use,산업별,By industry,57.1,T30,취업자,Employed persons,2026-01-27,101,201706,M,DT_1DA9003S,산업별 계절조정 취업자,천명,Thousand Person
97,T 가구 내 고용활동 및 달리 분류되지 않은 자가소비 생산활동,T Activities of households as employers; undifferentiated goods-and services-producing activities of households for own use,산업별,By industry,61.3,T30,취업자,Employed persons,2026-01-27,101,201707,M,DT_1DA9003S,산업별 계절조정 취업자,천명,Thousand Person
97,T 가구 내 고용활동 및 달리 분류되지 않은 자가소비 생산활동,T Activities of households as employers; undifferentiated goods-and services-producing activities of households for own use,산업별,By industry,60.4,T30,취업자,Employed persons,2026-01-27,101,201708,M,DT_1DA9003S,산업별 계절조정 취업자,천명,Thousand Person
97,T 가구 내 고용활동 및 달리 분류되지 않은 자가소비 생산활동,T Activities of households as employers; undifferentiated goods-and services-producing activities of households for own use,산업별,By industry,59.9,T30,취업자,Employed persons,2026-01-27,101,201709,M,DT_1DA9003S,산업별 계절조정 취업자,천명,Thousand Person
97,T 가구 내 고용활동 및 달리 분류되지 않은 자가소비 생산활동,T Activities of households as employers; undifferentiated goods-and services-producing activities of households for own use,산업별,By industry,59.1,T30,취업자,Employed persons,2026-01-27,101,201710,M,DT_1DA9003S,산업별 계절조정 취업자,천명,Thousand Person
97,T 가구 내 고용활동 및 달리 분류되지 않은 자가소비 생산활동,T Activities of households as employers; undifferentiated goods-and services-producing activities of households for own use,산업별,By industry,63.6,T30,취업자,Employed persons,2026-01-27,101,201711,M,DT_1DA9003S,산업별 계절조정 취업자,천명,Thousand Person
97,T 가구 내 고용활동 및 달리 분류되지 않은 자가소비 생산활동,T Activities of households as employers; undifferentiated goods-and services-producing activities of households for own use,산업별,By industry,63.8,T30,취업자,Employed persons,2026-01-27,101,201712,M,DT_1DA9003S,산업별 계절조정 취업자,천명,Thousand Person
97,T 가구 내 고용활동 및 달리 분류되지 않은 자가소비 생산활동,T Activities of households as employers; undifferentiated goods-and services-producing activities of households for own use,산업별,By industry,53.5,T30,취업자,Employed persons,2026-01-27,101,201801,M,DT_1DA9003S,산업별 계절조정 취업자,천명,Thousand Person
97,T 가구 내 고용활동 및 달리 분류되지 않은 자가소비 생산활동,T Activities of households as employers; undifferentiated goods-and services-producing activities of households for own use,산업별,By industry,52.4,T30,취업자,Employed persons,2026-01-27,101,201802,M,DT_1DA9003S,산업별 계절조정 취업자,천명,Thousand Person
97,T 가구 내 고용활동 및 달리 분류되지 않은 자가소비 생산활동,T Activities of households as employers; undifferentiated goods-and services-producing activities of households for own use,산업별,By industry,54.5,T30,취업자,Employed persons,2026-01-27,101,201803,M,DT_1DA9003S,산업별 계절조정 취업자,천명,Thousand Person
97,T 가구 내 고용활동 및 달리 분류되지 않은 자가소비 생산활동,T Activities of households as employers; undifferentiated goods-and services-producing activities of households for own use,산업별,By industry,51.1,T30,취업자,Employed persons,2026-01-27,101,201804,M,DT_1DA9003S,산업별 계절조정 취업자,천명,Thousand Person
97,T 가구 내 고용활동 및 달리 분류되지 않은 자가소비 생산활동,T Activities of households as employers; undifferentiated goods-and services-producing activities of households for own use,산업별,By industry,48,T30,취업자,Employed persons,2026-01-27,101,201805,M,DT_1DA9003S,산업별 계절조정 취업자,천명,Thousand Person
97,T 가구 내 고용활동 및 달리 분류되지 않은 자가소비 생산활동,T Activities of households as employers; undifferentiated goods-and services-producing activities of households for own use,산업별,By industry,49,T30,취업자,Employed persons,2026-01-27,101,201806,M,DT_1DA9003S,산업별 계절조정 취업자,천명,Thousand Person
97,T 가구 내 고용활동 및 달리 분류되지 않은 자가소비 생산활동,T Activities of households as employers; undifferentiated goods-and services-producing activities of households for own use,산업별,By industry,47,T30,취업자,Employed persons,2026-01-27,101,201807,M,DT_1DA9003S,산업별 계절조정 취업자,천명,Thousand Person
97,T 가구 내 고용활동 및 달리 분류되지 않은 자가소비 생산활동,T Activities of households as employers; undifferentiated goods-and services-producing activities of households for own use,산업별,By industry,46.6,T30,취업자,Employed persons,2026-01-27,101,201808,M,DT_1DA9003S,산업별 계절조정 취업자,천명,Thousand Person
97,T 가구 내 고용활동 및 달리 분류되지 않은 자가소비 생산활동,T Activities of households as employers; undifferentiated goods-and services-producing activities of households for own use,산업별,By industry,45.4,T30,취업자,Employed persons,2026-01-27,101,201809,M,DT_1DA9003S,산업별 계절조정 취업자,천명,Thousand Person
97,T 가구 내 고용활동 및 달리 분류되지 않은 자가소비 생산활동,T Activities of households as employers; undifferentiated goods-and services-producing activities of households for own use,산업별,By industry,41,T30,취업자,Employed persons,2026-01-27,101,201810,M,DT_1DA9003S,산업별 계절조정 취업자,천명,Thousand Person
97,T 가구 내 고용활동 및 달리 분류되지 않은 자가소비 생산활동,T Activities of households as employers; undifferentiated goods-and services-producing activities of households for own use,산업별,By industry,40.9,T30,취업자,Employed persons,2026-01-27,101,201811,M,DT_1DA9003S,산업별 계절조정 취업자,천명,Thousand Person
97,T 가구 내 고용활동 및 달리 분류되지 않은 자가소비 생산활동,T Activities of households as employers; undifferentiated goods-and services-producing activities of households for own use,산업별,By industry,44.4,T30,취업자,Employed persons,2026-01-27,101,201812,M,DT_1DA9003S,산업별 계절조정 취업자,천명,Thousand Person
97,T 가구 내 고용활동 및 달리 분류되지 않은 자가소비 생산활동,T Activities of households as employers; undifferentiated goods-and services-producing activities of households for own use,산업별,By industry,42.5,T30,취업자,Employed persons,2026-01-27,101,201901,M,DT_1DA9003S,산업별 계절조정 취업자,천명,Thousand Person
97,T 가구 내 고용활동 및 달리 분류되지 않은 자가소비 생산활동,T Activities of households as employers; undifferentiated goods-and services-producing activities of households for own use,산업별,By industry,44.6,T30,취업자,Employed persons,2026-01-27,101,201902,M,DT_1DA9003S,산업별 계절조정 취업자,천명,Thousand Person
97,T 가구 내 고용활동 및 달리 분류되지 않은 자가소비 생산활동,T Activities of households as employers; undifferentiated goods-and services-producing activities of households for own use,산업별,By industry,51,T30,취업자,Employed persons,2026-01-27,101,201903,M,DT_1DA9003S,산업별 계절조정 취업자,천명,Thousand Person
97,T 가구 내 고용활동 및 달리 분류되지 않은 자가소비 생산활동,T Activities of households as employers; undifferentiated goods-and services-producing activities of households for own use,산업별,By industry,58.8,T30,취업자,Employed persons,2026-01-27,101,201904,M,DT_1DA9003S,산업별 계절조정 취업자,천명,Thousand Person
97,T 가구 내 고용활동 및 달리 분류되지 않은 자가소비 생산활동,T Activities of households as employers; undifferentiated goods-and services-producing activities of households for own use,산업별,By industry,63.4,T30,취업자,Employed persons,2026-01-27,101,201905,M,DT_1DA9003S,산업별 계절조정 취업자,천명,Thousand Person
97,T 가구 내 고용활동 및 달리 분류되지 않은 자가소비 생산활동,T Activities of households as employers; undifferentiated goods-and services-producing activities of households for own use,산업별,By industry,72.2,T30,취업자,Employed persons,2026-01-27,101,201906,M,DT_1DA9003S,산업별 계절조정 취업자,천명,Thousand Person
97,T 가구 내 고용활동 및 달리 분류되지 않은 자가소비 생산활동,T Activities of households as employers; undifferentiated goods-and services-producing activities of households for own use,산업별,By industry,86.8,T30,취업자,Employed persons,2026-01-27,101,201907,M,DT_1DA9003S,산업별 계절조정 취업자,천명,Thousand Person
97,T 가구 내 고용활동 및 달리 분류되지 않은 자가소비 생산활동,T Activities of households as employers; undifferentiated goods-and services-producing activities of households for own use,산업별,By industry,85.8,T30,취업자,Employed persons,2026-01-27,101,201908,M,DT_1DA9003S,산업별 계절조정 취업자,천명,Thousand Person
97,T 가구 내 고용활동 및 달리 분류되지 않은 자가소비 생산활동,T Activities of households as employers; undifferentiated goods-and services-producing activities of households for own use,산업별,By industry,90.7,T30,취업자,Employed persons,2026-01-27,101,201909,M,DT_1DA9003S,산업별 계절조정 취업자,천명,Thousand Person
97,T 가구 내 고용활동 및 달리 분류되지 않은 자가소비 생산활동,T Activities of households as employers; undifferentiated goods-and services-producing activities of households for own use,산업별,By industry,100.6,T30,취업자,Employed persons,2026-01-27,101,201910,M,DT_1DA9003S,산업별 계절조정 취업자,천명,Thousand Person
97,T 가구 내 고용활동 및 달리 분류되지 않은 자가소비 생산활동,T Activities of households as employers; undifferentiated goods-and services-producing activities of households for own use,산업별,By industry,103.6,T30,취업자,Employed persons,2026-01-27,101,201911,M,DT_1DA9003S,산업별 계절조정 취업자,천명,Thousand Person
97,T 가구 내 고용활동 및 달리 분류되지 않은 자가소비 생산활동,T Activities of households as employers; undifferentiated goods-and services-producing activities of households for own use,산업별,By industry,96.6,T30,취업자,Employed persons,2026-01-27,101,201912,M,DT_1DA9003S,산업별 계절조정 취업자,천명,Thousand Person
97,T 가구 내 고용활동 및 달리 분류되지 않은 자가소비 생산활동,T Activities of households as employers; undifferentiated goods-and services-producing activities of households for own use,산업별,By industry,92.6,T30,취업자,Employed persons,2026-01-27,101,202001,M,DT_1DA9003S,산업별 계절조정 취업자,천명,Thousand Person
97,T 가구 내 고용활동 및 달리 분류되지 않은 자가소비 생산활동,T Activities of households as employers; undifferentiated goods-and services-producing activities of households for own use,산업별,By industry,89,T30,취업자,Employed persons,2026-01-27,101,202002,M,DT_1DA9003S,산업별 계절조정 취업자,천명,Thousand Person
97,T 가구 내 고용활동 및 달리 분류되지 않은 자가소비 생산활동,T Activities of households as employers; undifferentiated goods-and services-producing activities of households for own use,산업별,By industry,87.8,T30,취업자,Employed persons,2026-01-27,101,202003,M,DT_1DA9003S,산업별 계절조정 취업자,천명,Thousand Person
97,T 가구 내 고용활동 및 달리 분류되지 않은 자가소비 생산활동,T Activities of households as employers; undifferentiated goods-and services-producing activities of households for own use,산업별,By industry,88.8,T30,취업자,Employed persons,2026-01-27,101,202004,M,DT_1DA9003S,산업별 계절조정 취업자,천명,Thousand Person
97,T 가구 내 고용활동 및 달리 분류되지 않은 자가소비 생산활동,T Activities of households as employers; undifferentiated goods-and services-producing activities of households for own use,산업별,By industry,94.7,T30,취업자,Employed persons,2026-01-27,101,202005,M,DT_1DA9003S,산업별 계절조정 취업자,천명,Thousand Person
97,T 가구 내 고용활동 및 달리 분류되지 않은 자가소비 생산활동,T Activities of households as employers; undifferentiated goods-and services-producing activities of households for own use,산업별,By industry,100.7,T30,취업자,Employed persons,2026-01-27,101,202006,M,DT_1DA9003S,산업별 계절조정 취업자,천명,Thousand Person
97,T 가구 내 고용활동 및 달리 분류되지 않은 자가소비 생산활동,T Activities of households as employers; undifferentiated goods-and services-producing activities of households for own use,산업별,By industry,105.5,T30,취업자,Employed persons,2026-01-27,101,202007,M,DT_1DA9003S,산업별 계절조정 취업자,천명,Thousand Person
97,T 가구 내 고용활동 및 달리 분류되지 않은 자가소비 생산활동,T Activities of households as employers; undifferentiated goods-and services-producing activities of households for own use,산업별,By industry,107.8,T30,취업자,Employed persons,2026-01-27,101,202008,M,DT_1DA9003S,산업별 계절조정 취업자,천명,Thousand Person
97,T 가구 내 고용활동 및 달리 분류되지 않은 자가소비 생산활동,T Activities of households as employers; undifferentiated goods-and services-producing activities of households for own use,산업별,By industry,106.7,T30,취업자,Employed persons,2026-01-27,101,202009,M,DT_1DA9003S,산업별 계절조정 취업자,천명,Thousand Person
97,T 가구 내 고용활동 및 달리 분류되지 않은 자가소비 생산활동,T Activities of households as employers; undifferentiated goods-and services-producing activities of households for own use,산업별,By industry,105.1,T30,취업자,Employed persons,2026-01-27,101,202010,M,DT_1DA9003S,산업별 계절조정 취업자,천명,Thousand Person
97,T 가구 내 고용활동 및 달리 분류되지 않은 자가소비 생산활동,T Activities of households as employers; undifferentiated goods-and services-producing activities of households for own use,산업별,By industry,98,T30,취업자,Employed persons,2026-01-27,101,202011,M,DT_1DA9003S,산업별 계절조정 취업자,천명,Thousand Person
97,T 가구 내 고용활동 및 달리 분류되지 않은 자가소비 생산활동,T Activities of households as employers; undifferentiated goods-and services-producing activities of households for own use,산업별,By industry,102.4,T30,취업자,Employed persons,2026-01-27,101,202012,M,DT_1DA9003S,산업별 계절조정 취업자,천명,Thousand Person
97,T 가구 내 고용활동 및 달리 분류되지 않은 자가소비 생산활동,T Activities of households as employers; undifferentiated goods-and services-producing activities of households for own use,산업별,By industry,94.8,T30,취업자,Employed persons,2026-01-27,101,202101,M,DT_1DA9003S,산업별 계절조정 취업자,천명,Thousand Person
97,T 가구 내 고용활동 및 달리 분류되지 않은 자가소비 생산활동,T Activities of households as employers; undifferentiated goods-and services-producing activities of households for own use,산업별,By industry,95.5,T30,취업자,Employed persons,2026-01-27,101,202102,M,DT_1DA9003S,산업별 계절조정 취업자,천명,Thousand Person
97,T 가구 내 고용활동 및 달리 분류되지 않은 자가소비 생산활동,T Activities of households as employers; undifferentiated goods-and services-producing activities of households for own use,산업별,By industry,92.2,T30,취업자,Employed persons,2026-01-27,101,202103,M,DT_1DA9003S,산업별 계절조정 취업자,천명,Thousand Person
97,T 가구 내 고용활동 및 달리 분류되지 않은 자가소비 생산활동,T Activities of households as employers; undifferentiated goods-and services-producing activities of households for own use,산업별,By industry,91.1,T30,취업자,Employed persons,2026-01-27,101,202104,M,DT_1DA9003S,산업별 계절조정 취업자,천명,Thousand Person
97,T 가구 내 고용활동 및 달리 분류되지 않은 자가소비 생산활동,T Activities of households as employers; undifferentiated goods-and services-producing activities of households for own use,산업별,By industry,89.3,T30,취업자,Employed persons,2026-01-27,101,202105,M,DT_1DA9003S,산업별 계절조정 취업자,천명,Thousand Person
97,T 가구 내 고용활동 및 달리 분류되지 않은 자가소비 생산활동,T Activities of households as employers; undifferentiated goods-and services-producing activities of households for own use,산업별,By industry,81.7,T30,취업자,Employed persons,2026-01-27,101,202106,M,DT_1DA9003S,산업별 계절조정 취업자,천명,Thousand Person
97,T 가구 내 고용활동 및 달리 분류되지 않은 자가소비 생산활동,T Activities of households as employers; undifferentiated goods-and services-producing activities of households for own use,산업별,By industry,81,T30,취업자,Employed persons,2026-01-27,101,202107,M,DT_1DA9003S,산업별 계절조정 취업자,천명,Thousand Person
97,T 가구 내 고용활동 및 달리 분류되지 않은 자가소비 생산활동,T Activities of households as employers; undifferentiated goods-and services-producing activities of households for own use,산업별,By industry,83.8,T30,취업자,Employed persons,2026-01-27,101,202108,M,DT_1DA9003S,산업별 계절조정 취업자,천명,Thousand Person
97,T 가구 내 고용활동 및 달리 분류되지 않은 자가소비 생산활동,T Activities of households as employers; undifferentiated goods-and services-producing activities of households for own use,산업별,By industry,85.8,T30,취업자,Employed persons,2026-01-27,101,202109,M,DT_1DA9003S,산업별 계절조정 취업자,천명,Thousand Person
97,T 가구 내 고용활동 및 달리 분류되지 않은 자가소비 생산활동,T Activities of households as employers; undifferentiated goods-and services-producing activities of households for own use,산업별,By industry,82.7,T30,취업자,Employed persons,2026-01-27,101,202110,M,DT_1DA9003S,산업별 계절조정 취업자,천명,Thousand Person
97,T 가구 내 고용활동 및 달리 분류되지 않은 자가소비 생산활동,T Activities of households as employers; undifferentiated goods-and services-producing activities of households for own use,산업별,By industry,86.2,T30,취업자,Employed persons,2026-01-27,101,202111,M,DT_1DA9003S,산업별 계절조정 취업자,천명,Thousand Person
97,T 가구 내 고용활동 및 달리 분류되지 않은 자가소비 생산활동,T Activities of households as employers; undifferentiated goods-and services-producing activities of households for own use,산업별,By industry,84.1,T30,취업자,Employed persons,2026-01-27,101,202112,M,DT_1DA9003S,산업별 계절조정 취업자,천명,Thousand Person
97,T 가구 내 고용활동 및 달리 분류되지 않은 자가소비 생산활동,T Activities of households as employers; undifferentiated goods-and services-producing activities of households for own use,산업별,By industry,80.2,T30,취업자,Employed persons,2026-01-27,101,202201,M,DT_1DA9003S,산업별 계절조정 취업자,천명,Thousand Person
97,T 가구 내 고용활동 및 달리 분류되지 않은 자가소비 생산활동,T Activities of households as employers; undifferentiated goods-and services-producing activities of households for own use,산업별,By industry,76.2,T30,취업자,Employed persons,2026-01-27,101,202202,M,DT_1DA9003S,산업별 계절조정 취업자,천명,Thousand Person
97,T 가구 내 고용활동 및 달리 분류되지 않은 자가소비 생산활동,T Activities of households as employers; undifferentiated goods-and services-producing activities of households for own use,산업별,By industry,75.4,T30,취업자,Employed persons,2026-01-27,101,202203,M,DT_1DA9003S,산업별 계절조정 취업자,천명,Thousand Person
97,T 가구 내 고용활동 및 달리 분류되지 않은 자가소비 생산활동,T Activities of households as employers; undifferentiated goods-and services-producing activities of households for own use,산업별,By industry,73.1,T30,취업자,Employed persons,2026-01-27,101,202204,M,DT_1DA9003S,산업별 계절조정 취업자,천명,Thousand Person
97,T 가구 내 고용활동 및 달리 분류되지 않은 자가소비 생산활동,T Activities of households as employers; undifferentiated goods-and services-producing activities of households for own use,산업별,By industry,76.3,T30,취업자,Employed persons,2026-01-27,101,202205,M,DT_1DA9003S,산업별 계절조정 취업자,천명,Thousand Person
97,T 가구 내 고용활동 및 달리 분류되지 않은 자가소비 생산활동,T Activities of households as employers; undifferentiated goods-and services-producing activities of households for own use,산업별,By industry,80.2,T30,취업자,Employed persons,2026-01-27,101,202206,M,DT_1DA9003S,산업별 계절조정 취업자,천명,Thousand Person
97,T 가구 내 고용활동 및 달리 분류되지 않은 자가소비 생산활동,T Activities of households as employers; undifferentiated goods-and services-producing activities of households for own use,산업별,By industry,85.2,T30,취업자,Employed persons,2026-01-27,101,202207,M,DT_1DA9003S,산업별 계절조정 취업자,천명,Thousand Person
97,T 가구 내 고용활동 및 달리 분류되지 않은 자가소비 생산활동,T Activities of households as employers; undifferentiated goods-and services-producing activities of households for own use,산업별,By industry,80.2,T30,취업자,Employed persons,2026-01-27,101,202208,M,DT_1DA9003S,산업별 계절조정 취업자,천명,Thousand Person
97,T 가구 내 고용활동 및 달리 분류되지 않은 자가소비 생산활동,T Activities of households as employers; undifferentiated goods-and services-producing activities of households for own use,산업별,By industry,83.5,T30,취업자,Employed persons,2026-01-27,101,202209,M,DT_1DA9003S,산업별 계절조정 취업자,천명,Thousand Person
97,T 가구 내 고용활동 및 달리 분류되지 않은 자가소비 생산활동,T Activities of households as employers; undifferentiated goods-and services-producing activities of households for own use,산업별,By industry,80.3,T30,취업자,Employed persons,2026-01-27,101,202210,M,DT_1DA9003S,산업별 계절조정 취업자,천명,Thousand Person
97,T 가구 내 고용활동 및 달리 분류되지 않은 자가소비 생산활동,T Activities of households as employers; undifferentiated goods-and services-producing activities of households for own use,산업별,By industry,81.2,T30,취업자,Employed persons,2026-01-27,101,202211,M,DT_1DA9003S,산업별 계절조정 취업자,천명,Thousand Person
97,T 가구 내 고용활동 및 달리 분류되지 않은 자가소비 생산활동,T Activities of households as employers; undifferentiated goods-and services-producing activities of households for own use,산업별,By industry,87.4,T30,취업자,Employed persons,2026-01-27,101,202212,M,DT_1DA9003S,산업별 계절조정 취업자,천명,Thousand Person
97,T 가구 내 고용활동 및 달리 분류되지 않은 자가소비 생산활동,T Activities of households as employers; undifferentiated goods-and services-producing activities of households for own use,산업별,By industry,90.2,T30,취업자,Employed persons,2026-01-27,101,202301,M,DT_1DA9003S,산업별 계절조정 취업자,천명,Thousand Person
97,T 가구 내 고용활동 및 달리 분류되지 않은 자가소비 생산활동,T Activities of households as employers; undifferentiated goods-and services-producing activities of households for own use,산업별,By industry,91.9,T30,취업자,Employed persons,2026-01-27,101,202302,M,DT_1DA9003S,산업별 계절조정 취업자,천명,Thousand Person
97,T 가구 내 고용활동 및 달리 분류되지 않은 자가소비 생산활동,T Activities of households as employers; undifferentiated goods-and services-producing activities of households for own use,산업별,By industry,82.2,T30,취업자,Employed persons,2026-01-27,101,202303,M,DT_1DA9003S,산업별 계절조정 취업자,천명,Thousand Person
97,T 가구 내 고용활동 및 달리 분류되지 않은 자가소비 생산활동,T Activities of households as employers; undifferentiated goods-and services-producing activities of households for own use,산업별,By industry,78.7,T30,취업자,Employed persons,2026-01-27,101,202304,M,DT_1DA9003S,산업별 계절조정 취업자,천명,Thousand Person
97,T 가구 내 고용활동 및 달리 분류되지 않은 자가소비 생산활동,T Activities of households as employers; undifferentiated goods-and services-producing activities of households for own use,산업별,By industry,80,T30,취업자,Employed persons,2026-01-27,101,202305,M,DT_1DA9003S,산업별 계절조정 취업자,천명,Thousand Person
97,T 가구 내 고용활동 및 달리 분류되지 않은 자가소비 생산활동,T Activities of households as employers; undifferentiated goods-and services-producing activities of households for own use,산업별,By industry,76.1,T30,취업자,Employed persons,2026-01-27,101,202306,M,DT_1DA9003S,산업별 계절조정 취업자,천명,Thousand Person
97,T 가구 내 고용활동 및 달리 분류되지 않은 자가소비 생산활동,T Activities of households as employers; undifferentiated goods-and services-producing activities of households for own use,산업별,By industry,72.5,T30,취업자,Employed persons,2026-01-27,101,202307,M,DT_1DA9003S,산업별 계절조정 취업자,천명,Thousand Person
97,T 가구 내 고용활동 및 달리 분류되지 않은 자가소비 생산활동,T Activities of households as employers; undifferentiated goods-and services-producing activities of households for own use,산업별,By industry,70.7,T30,취업자,Employed persons,2026-01-27,101,202308,M,DT_1DA9003S,산업별 계절조정 취업자,천명,Thousand Person
97,T 가구 내 고용활동 및 달리 분류되지 않은 자가소비 생산활동,T Activities of households as employers; undifferentiated goods-and services-producing activities of households for own use,산업별,By industry,75.5,T30,취업자,Employed persons,2026-01-27,101,202309,M,DT_1DA9003S,산업별 계절조정 취업자,천명,Thousand Person
97,T 가구 내 고용활동 및 달리 분류되지 않은 자가소비 생산활동,T Activities of households as employers; undifferentiated goods-and services-producing activities of households for own use,산업별,By industry,70.6,T30,취업자,Employed persons,2026-01-27,101,202310,M,DT_1DA9003S,산업별 계절조정 취업자,천명,Thousand Person
97,T 가구 내 고용활동 및 달리 분류되지 않은 자가소비 생산활동,T Activities of households as employers; undifferentiated goods-and services-producing activities of households for own use,산업별,By industry,64.4,T30,취업자,Employed persons,2026-01-27,101,202311,M,DT_1DA9003S,산업별 계절조정 취업자,천명,Thousand Person
97,T 가구 내 고용활동 및 달리 분류되지 않은 자가소비 생산활동,T Activities of households as employers; undifferentiated goods-and services-producing activities of households for own use,산업별,By industry,72.4,T30,취업자,Employed persons,2026-01-27,101,202312,M,DT_1DA9003S,산업별 계절조정 취업자,천명,Thousand Person
97,T 가구 내 고용활동 및 달리 분류되지 않은 자가소비 생산활동,T Activities of households as employers; undifferentiated goods-and services-producing activities of households for own use,산업별,By industry,71.9,T30,취업자,Employed persons,2026-01-27,101,202401,M,DT_1DA9003S,산업별 계절조정 취업자,천명,Thousand Person
97,T 가구 내 고용활동 및 달리 분류되지 않은 자가소비 생산활동,T Activities of households as employers; undifferentiated goods-and services-producing activities of households for own use,산업별,By industry,68.6,T30,취업자,Employed persons,2026-01-27,101,202402,M,DT_1DA9003S,산업별 계절조정 취업자,천명,Thousand Person
97,T 가구 내 고용활동 및 달리 분류되지 않은 자가소비 생산활동,T Activities of households as employers; undifferentiated goods-and services-producing activities of households for own use,산업별,By industry,76.4,T30,취업자,Employed persons,2026-01-27,101,202403,M,DT_1DA9003S,산업별 계절조정 취업자,천명,Thousand Person
97,T 가구 내 고용활동 및 달리 분류되지 않은 자가소비 생산활동,T Activities of households as employers; undifferentiated goods-and services-producing activities of households for own use,산업별,By industry,81.2,T30,취업자,Employed persons,2026-01-27,101,202404,M,DT_1DA9003S,산업별 계절조정 취업자,천명,Thousand Person
97,T 가구 내 고용활동 및 달리 분류되지 않은 자가소비 생산활동,T Activities of households as employers; undifferentiated goods-and services-producing activities of households for own use,산업별,By industry,76.8,T30,취업자,Employed persons,2026-01-27,101,202405,M,DT_1DA9003S,산업별 계절조정 취업자,천명,Thousand Person
97,T 가구 내 고용활동 및 달리 분류되지 않은 자가소비 생산활동,T Activities of households as employers; undifferentiated goods-and services-producing activities of households for own use,산업별,By industry,77.1,T30,취업자,Employed persons,2026-01-27,101,202406,M,DT_1DA9003S,산업별 계절조정 취업자,천명,Thousand Person
97,T 가구 내 고용활동 및 달리 분류되지 않은 자가소비 생산활동,T Activities of households as employers; undifferentiated goods-and services-producing activities of households for own use,산업별,By industry,78.6,T30,취업자,Employed persons,2026-01-27,101,202407,M,DT_1DA9003S,산업별 계절조정 취업자,천명,Thousand Person
97,T 가구 내 고용활동 및 달리 분류되지 않은 자가소비 생산활동,T Activities of households as employers; undifferentiated goods-and services-producing activities of households for own use,산업별,By industry,76.9,T30,취업자,Employed persons,2026-01-27,101,202408,M,DT_1DA9003S,산업별 계절조정 취업자,천명,Thousand Person
97,T 가구 내 고용활동 및 달리 분류되지 않은 자가소비 생산활동,T Activities of households as employers; undifferentiated goods-and services-producing activities of households for own use,산업별,By industry,84.9,T30,취업자,Employed persons,2026-01-27,101,202409,M,DT_1DA9003S,산업별 계절조정 취업자,천명,Thousand Person
97,T 가구 내 고용활동 및 달리 분류되지 않은 자가소비 생산활동,T Activities of households as employers; undifferentiated goods-and services-producing activities of households for own use,산업별,By industry,84.7,T30,취업자,Employed persons,2026-01-27,101,202410,M,DT_1DA9003S,산업별 계절조정 취업자,천명,Thousand Person
97,T 가구 내 고용활동 및 달리 분류되지 않은 자가소비 생산활동,T Activities of households as employers; undifferentiated goods-and services-producing activities of households for own use,산업별,By industry,85.8,T30,취업자,Employed persons,2026-01-27,101,202411,M,DT_1DA9003S,산업별 계절조정 취업자,천명,Thousand Person
97,T 가구 내 고용활동 및 달리 분류되지 않은 자가소비 생산활동,T Activities of households as employers; undifferentiated goods-and services-producing activities of households for own use,산업별,By industry,89.3,T30,취업자,Employed persons,2026-01-27,101,202412,M,DT_1DA9003S,산업별 계절조정 취업자,천명,Thousand Person
97,T 가구 내 고용활동 및 달리 분류되지 않은 자가소비 생산활동,T Activities of households as employers; undifferentiated goods-and services-producing activities of households for own use,산업별,By industry,86.7,T30,취업자,Employed persons,2026-01-27,101,202501,M,DT_1DA9003S,산업별 계절조정 취업자,천명,Thousand Person
97,T 가구 내 고용활동 및 달리 분류되지 않은 자가소비 생산활동,T Activities of households as employers; undifferentiated goods-and services-producing activities of households for own use,산업별,By industry,85.4,T30,취업자,Employed persons,2026-01-27,101,202502,M,DT_1DA9003S,산업별 계절조정 취업자,천명,Thousand Person
97,T 가구 내 고용활동 및 달리 분류되지 않은 자가소비 생산활동,T Activities of households as employers; undifferentiated goods-and services-producing activities of households for own use,산업별,By industry,77.7,T30,취업자,Employed persons,2026-01-27,101,202503,M,DT_1DA9003S,산업별 계절조정 취업자,천명,Thousand Person
97,T 가구 내 고용활동 및 달리 분류되지 않은 자가소비 생산활동,T Activities of households as employers; undifferentiated goods-and services-producing activities of households for own use,산업별,By industry,76.7,T30,취업자,Employed persons,2026-01-27,101,202504,M,DT_1DA9003S,산업별 계절조정 취업자,천명,Thousand Person
97,T 가구 내 고용활동 및 달리 분류되지 않은 자가소비 생산활동,T Activities of households as employers; undifferentiated goods-and services-producing activities of households for own use,산업별,By industry,78,T30,취업자,Employed persons,2026-01-27,101,202505,M,DT_1DA9003S,산업별 계절조정 취업자,천명,Thousand Person
97,T 가구 내 고용활동 및 달리 분류되지 않은 자가소비 생산활동,T Activities of households as employers; undifferentiated goods-and services-producing activities of households for own use,산업별,By industry,78.2,T30,취업자,Employed persons,2026-01-27,101,202506,M,DT_1DA9003S,산업별 계절조정 취업자,천명,Thousand Person
97,T 가구 내 고용활동 및 달리 분류되지 않은 자가소비 생산활동,T Activities of households as employers; undifferentiated goods-and services-producing activities of households for own use,산업별,By industry,80.3,T30,취업자,Employed persons,2026-01-27,101,202507,M,DT_1DA9003S,산업별 계절조정 취업자,천명,Thousand Person
97,T 가구 내 고용활동 및 달리 분류되지 않은 자가소비 생산활동,T Activities of households as employers; undifferentiated goods-and services-producing activities of households for own use,산업별,By industry,77.3,T30,취업자,Employed persons,2026-01-27,101,202508,M,DT_1DA9003S,산업별 계절조정 취업자,천명,Thousand Person
97,T 가구 내 고용활동 및 달리 분류되지 않은 자가소비 생산활동,T Activities of households as employers; undifferentiated goods-and services-producing activities of households for own use,산업별,By industry,78,T30,취업자,Employed persons,2026-01-27,101,202509,M,DT_1DA9003S,산업별 계절조정 취업자,천명,Thousand Person
97,T 가구 내 고용활동 및 달리 분류되지 않은 자가소비 생산활동,T Activities of households as employers; undifferentiated goods-and services-producing activities of households for own use,산업별,By industry,76,T30,취업자,Employed persons,2026-01-27,101,202510,M,DT_1DA9003S,산업별 계절조정 취업자,천명,Thousand Person
97,T 가구 내 고용활동 및 달리 분류되지 않은 자가소비 생산활동,T Activities of households as employers; undifferentiated goods-and services-producing activities of households for own use,산업별,By industry,76,T30,취업자,Employed persons,2026-01-27,101,202511,M,DT_1DA9003S,산업별 계절조정 취업자,천명,Thousand Person
97,T 가구 내 고용활동 및 달리 분류되지 않은 자가소비 생산활동,T Activities of households as employers; undifferentiated goods-and services-producing activities of households for own use,산업별,By industry,67,T30,취업자,Employed persons,2026-01-27,101,202512,M,DT_1DA9003S,산업별 계절조정 취업자,천명,Thousand Person
99,U 국제 및 외국기관,U Activities of extraterritorial organizations and bodies,산업별,By industry,9.3,T30,취업자,Employed persons,2026-01-27,101,201301,M,DT_1DA9003S,산업별 계절조정 취업자,천명,Thousand Person
99,U 국제 및 외국기관,U Activities of extraterritorial organizations and bodies,산업별,By industry,7.6,T30,취업자,Employed persons,2026-01-27,101,201302,M,DT_1DA9003S,산업별 계절조정 취업자,천명,Thousand Person
99,U 국제 및 외국기관,U Activities of extraterritorial organizations and bodies,산업별,By industry,7.1,T30,취업자,Employed persons,2026-01-27,101,201303,M,DT_1DA9003S,산업별 계절조정 취업자,천명,Thousand Person
99,U 국제 및 외국기관,U Activities of extraterritorial organizations and bodies,산업별,By industry,7.6,T30,취업자,Employed persons,2026-01-27,101,201304,M,DT_1DA9003S,산업별 계절조정 취업자,천명,Thousand Person
99,U 국제 및 외국기관,U Activities of extraterritorial organizations and bodies,산업별,By industry,7.2,T30,취업자,Employed persons,2026-01-27,101,201305,M,DT_1DA9003S,산업별 계절조정 취업자,천명,Thousand Person
99,U 국제 및 외국기관,U Activities of extraterritorial organizations and bodies,산업별,By industry,6.2,T30,취업자,Employed persons,2026-01-27,101,201306,M,DT_1DA9003S,산업별 계절조정 취업자,천명,Thousand Person
99,U 국제 및 외국기관,U Activities of extraterritorial organizations and bodies,산업별,By industry,6.1,T30,취업자,Employed persons,2026-01-27,101,201307,M,DT_1DA9003S,산업별 계절조정 취업자,천명,Thousand Person
99,U 국제 및 외국기관,U Activities of extraterritorial organizations and bodies,산업별,By industry,5.7,T30,취업자,Employed persons,2026-01-27,101,201308,M,DT_1DA9003S,산업별 계절조정 취업자,천명,Thousand Person
99,U 국제 및 외국기관,U Activities of extraterritorial organizations and bodies,산업별,By industry,6.3,T30,취업자,Employed persons,2026-01-27,101,201309,M,DT_1DA9003S,산업별 계절조정 취업자,천명,Thousand Person
99,U 국제 및 외국기관,U Activities of extraterritorial organizations and bodies,산업별,By industry,8.6,T30,취업자,Employed persons,2026-01-27,101,201310,M,DT_1DA9003S,산업별 계절조정 취업자,천명,Thousand Person
99,U 국제 및 외국기관,U Activities of extraterritorial organizations and bodies,산업별,By industry,9.4,T30,취업자,Employed persons,2026-01-27,101,201311,M,DT_1DA9003S,산업별 계절조정 취업자,천명,Thousand Person
99,U 국제 및 외국기관,U Activities of extraterritorial organizations and bodies,산업별,By industry,9.3,T30,취업자,Employed persons,2026-01-27,101,201312,M,DT_1DA9003S,산업별 계절조정 취업자,천명,Thousand Person
99,U 국제 및 외국기관,U Activities of extraterritorial organizations and bodies,산업별,By industry,10.5,T30,취업자,Employed persons,2026-01-27,101,201401,M,DT_1DA9003S,산업별 계절조정 취업자,천명,Thousand Person
99,U 국제 및 외국기관,U Activities of extraterritorial organizations and bodies,산업별,By industry,10.6,T30,취업자,Employed persons,2026-01-27,101,201402,M,DT_1DA9003S,산업별 계절조정 취업자,천명,Thousand Person
99,U 국제 및 외국기관,U Activities of extraterritorial organizations and bodies,산업별,By industry,11.9,T30,취업자,Employed persons,2026-01-27,101,201403,M,DT_1DA9003S,산업별 계절조정 취업자,천명,Thousand Person
99,U 국제 및 외국기관,U Activities of extraterritorial organizations and bodies,산업별,By industry,13.2,T30,취업자,Employed persons,2026-01-27,101,201404,M,DT_1DA9003S,산업별 계절조정 취업자,천명,Thousand Person
99,U 국제 및 외국기관,U Activities of extraterritorial organizations and bodies,산업별,By industry,12.6,T30,취업자,Employed persons,2026-01-27,101,201405,M,DT_1DA9003S,산업별 계절조정 취업자,천명,Thousand Person
99,U 국제 및 외국기관,U Activities of extraterritorial organizations and bodies,산업별,By industry,15.2,T30,취업자,Employed persons,2026-01-27,101,201406,M,DT_1DA9003S,산업별 계절조정 취업자,천명,Thousand Person
99,U 국제 및 외국기관,U Activities of extraterritorial organizations and bodies,산업별,By industry,15.2,T30,취업자,Employed persons,2026-01-27,101,201407,M,DT_1DA9003S,산업별 계절조정 취업자,천명,Thousand Person
99,U 국제 및 외국기관,U Activities of extraterritorial organizations and bodies,산업별,By industry,16.2,T30,취업자,Employed persons,2026-01-27,101,201408,M,DT_1DA9003S,산업별 계절조정 취업자,천명,Thousand Person
99,U 국제 및 외국기관,U Activities of extraterritorial organizations and bodies,산업별,By industry,15.9,T30,취업자,Employed persons,2026-01-27,101,201409,M,DT_1DA9003S,산업별 계절조정 취업자,천명,Thousand Person
99,U 국제 및 외국기관,U Activities of extraterritorial organizations and bodies,산업별,By industry,16.5,T30,취업자,Employed persons,2026-01-27,101,201410,M,DT_1DA9003S,산업별 계절조정 취업자,천명,Thousand Person
99,U 국제 및 외국기관,U Activities of extraterritorial organizations and bodies,산업별,By industry,18.2,T30,취업자,Employed persons,2026-01-27,101,201411,M,DT_1DA9003S,산업별 계절조정 취업자,천명,Thousand Person
99,U 국제 및 외국기관,U Activities of extraterritorial organizations and bodies,산업별,By industry,17.3,T30,취업자,Employed persons,2026-01-27,101,201412,M,DT_1DA9003S,산업별 계절조정 취업자,천명,Thousand Person
99,U 국제 및 외국기관,U Activities of extraterritorial organizations and bodies,산업별,By industry,18,T30,취업자,Employed persons,2026-01-27,101,201501,M,DT_1DA9003S,산업별 계절조정 취업자,천명,Thousand Person
99,U 국제 및 외국기관,U Activities of extraterritorial organizations and bodies,산업별,By industry,17.8,T30,취업자,Employed persons,2026-01-27,101,201502,M,DT_1DA9003S,산업별 계절조정 취업자,천명,Thousand Person
99,U 국제 및 외국기관,U Activities of extraterritorial organizations and bodies,산업별,By industry,17.3,T30,취업자,Employed persons,2026-01-27,101,201503,M,DT_1DA9003S,산업별 계절조정 취업자,천명,Thousand Person
99,U 국제 및 외국기관,U Activities of extraterritorial organizations and bodies,산업별,By industry,16.1,T30,취업자,Employed persons,2026-01-27,101,201504,M,DT_1DA9003S,산업별 계절조정 취업자,천명,Thousand Person
99,U 국제 및 외국기관,U Activities of extraterritorial organizations and bodies,산업별,By industry,16,T30,취업자,Employed persons,2026-01-27,101,201505,M,DT_1DA9003S,산업별 계절조정 취업자,천명,Thousand Person
99,U 국제 및 외국기관,U Activities of extraterritorial organizations and bodies,산업별,By industry,19.2,T30,취업자,Employed persons,2026-01-27,101,201506,M,DT_1DA9003S,산업별 계절조정 취업자,천명,Thousand Person
99,U 국제 및 외국기관,U Activities of extraterritorial organizations and bodies,산업별,By industry,19.5,T30,취업자,Employed persons,2026-01-27,101,201507,M,DT_1DA9003S,산업별 계절조정 취업자,천명,Thousand Person
99,U 국제 및 외국기관,U Activities of extraterritorial organizations and bodies,산업별,By industry,19.5,T30,취업자,Employed persons,2026-01-27,101,201508,M,DT_1DA9003S,산업별 계절조정 취업자,천명,Thousand Person
99,U 국제 및 외국기관,U Activities of extraterritorial organizations and bodies,산업별,By industry,21.5,T30,취업자,Employed persons,2026-01-27,101,201509,M,DT_1DA9003S,산업별 계절조정 취업자,천명,Thousand Person
99,U 국제 및 외국기관,U Activities of extraterritorial organizations and bodies,산업별,By industry,20.6,T30,취업자,Employed persons,2026-01-27,101,201510,M,DT_1DA9003S,산업별 계절조정 취업자,천명,Thousand Person
99,U 국제 및 외국기관,U Activities of extraterritorial organizations and bodies,산업별,By industry,19,T30,취업자,Employed persons,2026-01-27,101,201511,M,DT_1DA9003S,산업별 계절조정 취업자,천명,Thousand Person
99,U 국제 및 외국기관,U Activities of extraterritorial organizations and bodies,산업별,By industry,19.1,T30,취업자,Employed persons,2026-01-27,101,201512,M,DT_1DA9003S,산업별 계절조정 취업자,천명,Thousand Person
99,U 국제 및 외국기관,U Activities of extraterritorial organizations and bodies,산업별,By industry,17.8,T30,취업자,Employed persons,2026-01-27,101,201601,M,DT_1DA9003S,산업별 계절조정 취업자,천명,Thousand Person
99,U 국제 및 외국기관,U Activities of extraterritorial organizations and bodies,산업별,By industry,16,T30,취업자,Employed persons,2026-01-27,101,201602,M,DT_1DA9003S,산업별 계절조정 취업자,천명,Thousand Person
99,U 국제 및 외국기관,U Activities of extraterritorial organizations and bodies,산업별,By industry,15.9,T30,취업자,Employed persons,2026-01-27,101,201603,M,DT_1DA9003S,산업별 계절조정 취업자,천명,Thousand Person
99,U 국제 및 외국기관,U Activities of extraterritorial organizations and bodies,산업별,By industry,19.1,T30,취업자,Employed persons,2026-01-27,101,201604,M,DT_1DA9003S,산업별 계절조정 취업자,천명,Thousand Person
99,U 국제 및 외국기관,U Activities of extraterritorial organizations and bodies,산업별,By industry,19.3,T30,취업자,Employed persons,2026-01-27,101,201605,M,DT_1DA9003S,산업별 계절조정 취업자,천명,Thousand Person
99,U 국제 및 외국기관,U Activities of extraterritorial organizations and bodies,산업별,By industry,17.2,T30,취업자,Employed persons,2026-01-27,101,201606,M,DT_1DA9003S,산업별 계절조정 취업자,천명,Thousand Person
99,U 국제 및 외국기관,U Activities of extraterritorial organizations and bodies,산업별,By industry,17.2,T30,취업자,Employed persons,2026-01-27,101,201607,M,DT_1DA9003S,산업별 계절조정 취업자,천명,Thousand Person
99,U 국제 및 외국기관,U Activities of extraterritorial organizations and bodies,산업별,By industry,17.1,T30,취업자,Employed persons,2026-01-27,101,201608,M,DT_1DA9003S,산업별 계절조정 취업자,천명,Thousand Person
99,U 국제 및 외국기관,U Activities of extraterritorial organizations and bodies,산업별,By industry,14.2,T30,취업자,Employed persons,2026-01-27,101,201609,M,DT_1DA9003S,산업별 계절조정 취업자,천명,Thousand Person
99,U 국제 및 외국기관,U Activities of extraterritorial organizations and bodies,산업별,By industry,14.1,T30,취업자,Employed persons,2026-01-27,101,201610,M,DT_1DA9003S,산업별 계절조정 취업자,천명,Thousand Person
99,U 국제 및 외국기관,U Activities of extraterritorial organizations and bodies,산업별,By industry,14.2,T30,취업자,Employed persons,2026-01-27,101,201611,M,DT_1DA9003S,산업별 계절조정 취업자,천명,Thousand Person
99,U 국제 및 외국기관,U Activities of extraterritorial organizations and bodies,산업별,By industry,14.6,T30,취업자,Employed persons,2026-01-27,101,201612,M,DT_1DA9003S,산업별 계절조정 취업자,천명,Thousand Person
99,U 국제 및 외국기관,U Activities of extraterritorial organizations and bodies,산업별,By industry,12.7,T30,취업자,Employed persons,2026-01-27,101,201701,M,DT_1DA9003S,산업별 계절조정 취업자,천명,Thousand Person
99,U 국제 및 외국기관,U Activities of extraterritorial organizations and bodies,산업별,By industry,10.4,T30,취업자,Employed persons,2026-01-27,101,201702,M,DT_1DA9003S,산업별 계절조정 취업자,천명,Thousand Person
99,U 국제 및 외국기관,U Activities of extraterritorial organizations and bodies,산업별,By industry,10.4,T30,취업자,Employed persons,2026-01-27,101,201703,M,DT_1DA9003S,산업별 계절조정 취업자,천명,Thousand Person
99,U 국제 및 외국기관,U Activities of extraterritorial organizations and bodies,산업별,By industry,10.9,T30,취업자,Employed persons,2026-01-27,101,201704,M,DT_1DA9003S,산업별 계절조정 취업자,천명,Thousand Person
99,U 국제 및 외국기관,U Activities of extraterritorial organizations and bodies,산업별,By industry,11.4,T30,취업자,Employed persons,2026-01-27,101,201705,M,DT_1DA9003S,산업별 계절조정 취업자,천명,Thousand Person
99,U 국제 및 외국기관,U Activities of extraterritorial organizations and bodies,산업별,By industry,12,T30,취업자,Employed persons,2026-01-27,101,201706,M,DT_1DA9003S,산업별 계절조정 취업자,천명,Thousand Person
99,U 국제 및 외국기관,U Activities of extraterritorial organizations and bodies,산업별,By industry,12,T30,취업자,Employed persons,2026-01-27,101,201707,M,DT_1DA9003S,산업별 계절조정 취업자,천명,Thousand Person
99,U 국제 및 외국기관,U Activities of extraterritorial organizations and bodies,산업별,By industry,13.8,T30,취업자,Employed persons,2026-01-27,101,201708,M,DT_1DA9003S,산업별 계절조정 취업자,천명,Thousand Person
99,U 국제 및 외국기관,U Activities of extraterritorial organizations and bodies,산업별,By industry,12.8,T30,취업자,Employed persons,2026-01-27,101,201709,M,DT_1DA9003S,산업별 계절조정 취업자,천명,Thousand Person
99,U 국제 및 외국기관,U Activities of extraterritorial organizations and bodies,산업별,By industry,12.3,T30,취업자,Employed persons,2026-01-27,101,201710,M,DT_1DA9003S,산업별 계절조정 취업자,천명,Thousand Person
99,U 국제 및 외국기관,U Activities of extraterritorial organizations and bodies,산업별,By industry,10.5,T30,취업자,Employed persons,2026-01-27,101,201711,M,DT_1DA9003S,산업별 계절조정 취업자,천명,Thousand Person
99,U 국제 및 외국기관,U Activities of extraterritorial organizations and bodies,산업별,By industry,10.3,T30,취업자,Employed persons,2026-01-27,101,201712,M,DT_1DA9003S,산업별 계절조정 취업자,천명,Thousand Person
99,U 국제 및 외국기관,U Activities of extraterritorial organizations and bodies,산업별,By industry,8.3,T30,취업자,Employed persons,2026-01-27,101,201801,M,DT_1DA9003S,산업별 계절조정 취업자,천명,Thousand Person
99,U 국제 및 외국기관,U Activities of extraterritorial organizations and bodies,산업별,By industry,8.4,T30,취업자,Employed persons,2026-01-27,101,201802,M,DT_1DA9003S,산업별 계절조정 취업자,천명,Thousand Person
99,U 국제 및 외국기관,U Activities of extraterritorial organizations and bodies,산업별,By industry,6.3,T30,취업자,Employed persons,2026-01-27,101,201803,M,DT_1DA9003S,산업별 계절조정 취업자,천명,Thousand Person
99,U 국제 및 외국기관,U Activities of extraterritorial organizations and bodies,산업별,By industry,4.8,T30,취업자,Employed persons,2026-01-27,101,201804,M,DT_1DA9003S,산업별 계절조정 취업자,천명,Thousand Person
99,U 국제 및 외국기관,U Activities of extraterritorial organizations and bodies,산업별,By industry,6,T30,취업자,Employed persons,2026-01-27,101,201805,M,DT_1DA9003S,산업별 계절조정 취업자,천명,Thousand Person
99,U 국제 및 외국기관,U Activities of extraterritorial organizations and bodies,산업별,By industry,6.1,T30,취업자,Employed persons,2026-01-27,101,201806,M,DT_1DA9003S,산업별 계절조정 취업자,천명,Thousand Person
99,U 국제 및 외국기관,U Activities of extraterritorial organizations and bodies,산업별,By industry,7.1,T30,취업자,Employed persons,2026-01-27,101,201807,M,DT_1DA9003S,산업별 계절조정 취업자,천명,Thousand Person
99,U 국제 및 외국기관,U Activities of extraterritorial organizations and bodies,산업별,By industry,8.9,T30,취업자,Employed persons,2026-01-27,101,201808,M,DT_1DA9003S,산업별 계절조정 취업자,천명,Thousand Person
99,U 국제 및 외국기관,U Activities of extraterritorial organizations and bodies,산업별,By industry,8.2,T30,취업자,Employed persons,2026-01-27,101,201809,M,DT_1DA9003S,산업별 계절조정 취업자,천명,Thousand Person
99,U 국제 및 외국기관,U Activities of extraterritorial organizations and bodies,산업별,By industry,7.1,T30,취업자,Employed persons,2026-01-27,101,201810,M,DT_1DA9003S,산업별 계절조정 취업자,천명,Thousand Person
99,U 국제 및 외국기관,U Activities of extraterritorial organizations and bodies,산업별,By industry,7.1,T30,취업자,Employed persons,2026-01-27,101,201811,M,DT_1DA9003S,산업별 계절조정 취업자,천명,Thousand Person
99,U 국제 및 외국기관,U Activities of extraterritorial organizations and bodies,산업별,By industry,7,T30,취업자,Employed persons,2026-01-27,101,201812,M,DT_1DA9003S,산업별 계절조정 취업자,천명,Thousand Person
99,U 국제 및 외국기관,U Activities of extraterritorial organizations and bodies,산업별,By industry,7.7,T30,취업자,Employed persons,2026-01-27,101,201901,M,DT_1DA9003S,산업별 계절조정 취업자,천명,Thousand Person
99,U 국제 및 외국기관,U Activities of extraterritorial organizations and bodies,산업별,By industry,7.7,T30,취업자,Employed persons,2026-01-27,101,201902,M,DT_1DA9003S,산업별 계절조정 취업자,천명,Thousand Person
99,U 국제 및 외국기관,U Activities of extraterritorial organizations and bodies,산업별,By industry,10.6,T30,취업자,Employed persons,2026-01-27,101,201903,M,DT_1DA9003S,산업별 계절조정 취업자,천명,Thousand Person
99,U 국제 및 외국기관,U Activities of extraterritorial organizations and bodies,산업별,By industry,10.6,T30,취업자,Employed persons,2026-01-27,101,201904,M,DT_1DA9003S,산업별 계절조정 취업자,천명,Thousand Person
99,U 국제 및 외국기관,U Activities of extraterritorial organizations and bodies,산업별,By industry,11.2,T30,취업자,Employed persons,2026-01-27,101,201905,M,DT_1DA9003S,산업별 계절조정 취업자,천명,Thousand Person
99,U 국제 및 외국기관,U Activities of extraterritorial organizations and bodies,산업별,By industry,12.1,T30,취업자,Employed persons,2026-01-27,101,201906,M,DT_1DA9003S,산업별 계절조정 취업자,천명,Thousand Person
99,U 국제 및 외국기관,U Activities of extraterritorial organizations and bodies,산업별,By industry,14.1,T30,취업자,Employed persons,2026-01-27,101,201907,M,DT_1DA9003S,산업별 계절조정 취업자,천명,Thousand Person
99,U 국제 및 외국기관,U Activities of extraterritorial organizations and bodies,산업별,By industry,10.5,T30,취업자,Employed persons,2026-01-27,101,201908,M,DT_1DA9003S,산업별 계절조정 취업자,천명,Thousand Person
99,U 국제 및 외국기관,U Activities of extraterritorial organizations and bodies,산업별,By industry,12.1,T30,취업자,Employed persons,2026-01-27,101,201909,M,DT_1DA9003S,산업별 계절조정 취업자,천명,Thousand Person
99,U 국제 및 외국기관,U Activities of extraterritorial organizations and bodies,산업별,By industry,15.1,T30,취업자,Employed persons,2026-01-27,101,201910,M,DT_1DA9003S,산업별 계절조정 취업자,천명,Thousand Person
99,U 국제 및 외국기관,U Activities of extraterritorial organizations and bodies,산업별,By industry,14.7,T30,취업자,Employed persons,2026-01-27,101,201911,M,DT_1DA9003S,산업별 계절조정 취업자,천명,Thousand Person
99,U 국제 및 외국기관,U Activities of extraterritorial organizations and bodies,산업별,By industry,15,T30,취업자,Employed persons,2026-01-27,101,201912,M,DT_1DA9003S,산업별 계절조정 취업자,천명,Thousand Person
99,U 국제 및 외국기관,U Activities of extraterritorial organizations and bodies,산업별,By industry,15.3,T30,취업자,Employed persons,2026-01-27,101,202001,M,DT_1DA9003S,산업별 계절조정 취업자,천명,Thousand Person
99,U 국제 및 외국기관,U Activities of extraterritorial organizations and bodies,산업별,By industry,15.4,T30,취업자,Employed persons,2026-01-27,101,202002,M,DT_1DA9003S,산업별 계절조정 취업자,천명,Thousand Person
99,U 국제 및 외국기관,U Activities of extraterritorial organizations and bodies,산업별,By industry,14.9,T30,취업자,Employed persons,2026-01-27,101,202003,M,DT_1DA9003S,산업별 계절조정 취업자,천명,Thousand Person
99,U 국제 및 외국기관,U Activities of extraterritorial organizations and bodies,산업별,By industry,16.1,T30,취업자,Employed persons,2026-01-27,101,202004,M,DT_1DA9003S,산업별 계절조정 취업자,천명,Thousand Person
99,U 국제 및 외국기관,U Activities of extraterritorial organizations and bodies,산업별,By industry,18.5,T30,취업자,Employed persons,2026-01-27,101,202005,M,DT_1DA9003S,산업별 계절조정 취업자,천명,Thousand Person
99,U 국제 및 외국기관,U Activities of extraterritorial organizations and bodies,산업별,By industry,18.4,T30,취업자,Employed persons,2026-01-27,101,202006,M,DT_1DA9003S,산업별 계절조정 취업자,천명,Thousand Person
99,U 국제 및 외국기관,U Activities of extraterritorial organizations and bodies,산업별,By industry,18.1,T30,취업자,Employed persons,2026-01-27,101,202007,M,DT_1DA9003S,산업별 계절조정 취업자,천명,Thousand Person
99,U 국제 및 외국기관,U Activities of extraterritorial organizations and bodies,산업별,By industry,19,T30,취업자,Employed persons,2026-01-27,101,202008,M,DT_1DA9003S,산업별 계절조정 취업자,천명,Thousand Person
99,U 국제 및 외국기관,U Activities of extraterritorial organizations and bodies,산업별,By industry,17.8,T30,취업자,Employed persons,2026-01-27,101,202009,M,DT_1DA9003S,산업별 계절조정 취업자,천명,Thousand Person
99,U 국제 및 외국기관,U Activities of extraterritorial organizations and bodies,산업별,By industry,16,T30,취업자,Employed persons,2026-01-27,101,202010,M,DT_1DA9003S,산업별 계절조정 취업자,천명,Thousand Person
99,U 국제 및 외국기관,U Activities of extraterritorial organizations and bodies,산업별,By industry,16.6,T30,취업자,Employed persons,2026-01-27,101,202011,M,DT_1DA9003S,산업별 계절조정 취업자,천명,Thousand Person
99,U 국제 및 외국기관,U Activities of extraterritorial organizations and bodies,산업별,By industry,17.6,T30,취업자,Employed persons,2026-01-27,101,202012,M,DT_1DA9003S,산업별 계절조정 취업자,천명,Thousand Person
99,U 국제 및 외국기관,U Activities of extraterritorial organizations and bodies,산업별,By industry,16.2,T30,취업자,Employed persons,2026-01-27,101,202101,M,DT_1DA9003S,산업별 계절조정 취업자,천명,Thousand Person
99,U 국제 및 외국기관,U Activities of extraterritorial organizations and bodies,산업별,By industry,16.9,T30,취업자,Employed persons,2026-01-27,101,202102,M,DT_1DA9003S,산업별 계절조정 취업자,천명,Thousand Person
99,U 국제 및 외국기관,U Activities of extraterritorial organizations and bodies,산업별,By industry,16.8,T30,취업자,Employed persons,2026-01-27,101,202103,M,DT_1DA9003S,산업별 계절조정 취업자,천명,Thousand Person
99,U 국제 및 외국기관,U Activities of extraterritorial organizations and bodies,산업별,By industry,14.7,T30,취업자,Employed persons,2026-01-27,101,202104,M,DT_1DA9003S,산업별 계절조정 취업자,천명,Thousand Person
99,U 국제 및 외국기관,U Activities of extraterritorial organizations and bodies,산업별,By industry,15,T30,취업자,Employed persons,2026-01-27,101,202105,M,DT_1DA9003S,산업별 계절조정 취업자,천명,Thousand Person
99,U 국제 및 외국기관,U Activities of extraterritorial organizations and bodies,산업별,By industry,14.5,T30,취업자,Employed persons,2026-01-27,101,202106,M,DT_1DA9003S,산업별 계절조정 취업자,천명,Thousand Person
99,U 국제 및 외국기관,U Activities of extraterritorial organizations and bodies,산업별,By industry,12.9,T30,취업자,Employed persons,2026-01-27,101,202107,M,DT_1DA9003S,산업별 계절조정 취업자,천명,Thousand Person
99,U 국제 및 외국기관,U Activities of extraterritorial organizations and bodies,산업별,By industry,13,T30,취업자,Employed persons,2026-01-27,101,202108,M,DT_1DA9003S,산업별 계절조정 취업자,천명,Thousand Person
99,U 국제 및 외국기관,U Activities of extraterritorial organizations and bodies,산업별,By industry,14.6,T30,취업자,Employed persons,2026-01-27,101,202109,M,DT_1DA9003S,산업별 계절조정 취업자,천명,Thousand Person
99,U 국제 및 외국기관,U Activities of extraterritorial organizations and bodies,산업별,By industry,13,T30,취업자,Employed persons,2026-01-27,101,202110,M,DT_1DA9003S,산업별 계절조정 취업자,천명,Thousand Person
99,U 국제 및 외국기관,U Activities of extraterritorial organizations and bodies,산업별,By industry,14.7,T30,취업자,Employed persons,2026-01-27,101,202111,M,DT_1DA9003S,산업별 계절조정 취업자,천명,Thousand Person
99,U 국제 및 외국기관,U Activities of extraterritorial organizations and bodies,산업별,By industry,14.1,T30,취업자,Employed persons,2026-01-27,101,202112,M,DT_1DA9003S,산업별 계절조정 취업자,천명,Thousand Person
99,U 국제 및 외국기관,U Activities of extraterritorial organizations and bodies,산업별,By industry,15.2,T30,취업자,Employed persons,2026-01-27,101,202201,M,DT_1DA9003S,산업별 계절조정 취업자,천명,Thousand Person
99,U 국제 및 외국기관,U Activities of extraterritorial organizations and bodies,산업별,By industry,15.2,T30,취업자,Employed persons,2026-01-27,101,202202,M,DT_1DA9003S,산업별 계절조정 취업자,천명,Thousand Person
99,U 국제 및 외국기관,U Activities of extraterritorial organizations and bodies,산업별,By industry,15.9,T30,취업자,Employed persons,2026-01-27,101,202203,M,DT_1DA9003S,산업별 계절조정 취업자,천명,Thousand Person
99,U 국제 및 외국기관,U Activities of extraterritorial organizations and bodies,산업별,By industry,13.1,T30,취업자,Employed persons,2026-01-27,101,202204,M,DT_1DA9003S,산업별 계절조정 취업자,천명,Thousand Person
99,U 국제 및 외국기관,U Activities of extraterritorial organizations and bodies,산업별,By industry,14.1,T30,취업자,Employed persons,2026-01-27,101,202205,M,DT_1DA9003S,산업별 계절조정 취업자,천명,Thousand Person
99,U 국제 및 외국기관,U Activities of extraterritorial organizations and bodies,산업별,By industry,14.1,T30,취업자,Employed persons,2026-01-27,101,202206,M,DT_1DA9003S,산업별 계절조정 취업자,천명,Thousand Person
99,U 국제 및 외국기관,U Activities of extraterritorial organizations and bodies,산업별,By industry,17.2,T30,취업자,Employed persons,2026-01-27,101,202207,M,DT_1DA9003S,산업별 계절조정 취업자,천명,Thousand Person
99,U 국제 및 외국기관,U Activities of extraterritorial organizations and bodies,산업별,By industry,18.2,T30,취업자,Employed persons,2026-01-27,101,202208,M,DT_1DA9003S,산업별 계절조정 취업자,천명,Thousand Person
99,U 국제 및 외국기관,U Activities of extraterritorial organizations and bodies,산업별,By industry,17.2,T30,취업자,Employed persons,2026-01-27,101,202209,M,DT_1DA9003S,산업별 계절조정 취업자,천명,Thousand Person
99,U 국제 및 외국기관,U Activities of extraterritorial organizations and bodies,산업별,By industry,17.8,T30,취업자,Employed persons,2026-01-27,101,202210,M,DT_1DA9003S,산업별 계절조정 취업자,천명,Thousand Person
99,U 국제 및 외국기관,U Activities of extraterritorial organizations and bodies,산업별,By industry,18,T30,취업자,Employed persons,2026-01-27,101,202211,M,DT_1DA9003S,산업별 계절조정 취업자,천명,Thousand Person
99,U 국제 및 외국기관,U Activities of extraterritorial organizations and bodies,산업별,By industry,17.7,T30,취업자,Employed persons,2026-01-27,101,202212,M,DT_1DA9003S,산업별 계절조정 취업자,천명,Thousand Person
99,U 국제 및 외국기관,U Activities of extraterritorial organizations and bodies,산업별,By industry,19,T30,취업자,Employed persons,2026-01-27,101,202301,M,DT_1DA9003S,산업별 계절조정 취업자,천명,Thousand Person
99,U 국제 및 외국기관,U Activities of extraterritorial organizations and bodies,산업별,By industry,19.1,T30,취업자,Employed persons,2026-01-27,101,202302,M,DT_1DA9003S,산업별 계절조정 취업자,천명,Thousand Person
99,U 국제 및 외국기관,U Activities of extraterritorial organizations and bodies,산업별,By industry,18.1,T30,취업자,Employed persons,2026-01-27,101,202303,M,DT_1DA9003S,산업별 계절조정 취업자,천명,Thousand Person
99,U 국제 및 외국기관,U Activities of extraterritorial organizations and bodies,산업별,By industry,16.7,T30,취업자,Employed persons,2026-01-27,101,202304,M,DT_1DA9003S,산업별 계절조정 취업자,천명,Thousand Person
99,U 국제 및 외국기관,U Activities of extraterritorial organizations and bodies,산업별,By industry,15.5,T30,취업자,Employed persons,2026-01-27,101,202305,M,DT_1DA9003S,산업별 계절조정 취업자,천명,Thousand Person
99,U 국제 및 외국기관,U Activities of extraterritorial organizations and bodies,산업별,By industry,16.9,T30,취업자,Employed persons,2026-01-27,101,202306,M,DT_1DA9003S,산업별 계절조정 취업자,천명,Thousand Person
99,U 국제 및 외국기관,U Activities of extraterritorial organizations and bodies,산업별,By industry,16.7,T30,취업자,Employed persons,2026-01-27,101,202307,M,DT_1DA9003S,산업별 계절조정 취업자,천명,Thousand Person
99,U 국제 및 외국기관,U Activities of extraterritorial organizations and bodies,산업별,By industry,16.6,T30,취업자,Employed persons,2026-01-27,101,202308,M,DT_1DA9003S,산업별 계절조정 취업자,천명,Thousand Person
99,U 국제 및 외국기관,U Activities of extraterritorial organizations and bodies,산업별,By industry,16.6,T30,취업자,Employed persons,2026-01-27,101,202309,M,DT_1DA9003S,산업별 계절조정 취업자,천명,Thousand Person
99,U 국제 및 외국기관,U Activities of extraterritorial organizations and bodies,산업별,By industry,17.5,T30,취업자,Employed persons,2026-01-27,101,202310,M,DT_1DA9003S,산업별 계절조정 취업자,천명,Thousand Person
99,U 국제 및 외국기관,U Activities of extraterritorial organizations and bodies,산업별,By industry,17.6,T30,취업자,Employed persons,2026-01-27,101,202311,M,DT_1DA9003S,산업별 계절조정 취업자,천명,Thousand Person
99,U 국제 및 외국기관,U Activities of extraterritorial organizations and bodies,산업별,By industry,17.5,T30,취업자,Employed persons,2026-01-27,101,202312,M,DT_1DA9003S,산업별 계절조정 취업자,천명,Thousand Person
99,U 국제 및 외국기관,U Activities of extraterritorial organizations and bodies,산업별,By industry,17.6,T30,취업자,Employed persons,2026-01-27,101,202401,M,DT_1DA9003S,산업별 계절조정 취업자,천명,Thousand Person
99,U 국제 및 외국기관,U Activities of extraterritorial organizations and bodies,산업별,By industry,17.7,T30,취업자,Employed persons,2026-01-27,101,202402,M,DT_1DA9003S,산업별 계절조정 취업자,천명,Thousand Person
99,U 국제 및 외국기관,U Activities of extraterritorial organizations and bodies,산업별,By industry,18.4,T30,취업자,Employed persons,2026-01-27,101,202403,M,DT_1DA9003S,산업별 계절조정 취업자,천명,Thousand Person
99,U 국제 및 외국기관,U Activities of extraterritorial organizations and bodies,산업별,By industry,17.1,T30,취업자,Employed persons,2026-01-27,101,202404,M,DT_1DA9003S,산업별 계절조정 취업자,천명,Thousand Person
99,U 국제 및 외국기관,U Activities of extraterritorial organizations and bodies,산업별,By industry,14.5,T30,취업자,Employed persons,2026-01-27,101,202405,M,DT_1DA9003S,산업별 계절조정 취업자,천명,Thousand Person
99,U 국제 및 외국기관,U Activities of extraterritorial organizations and bodies,산업별,By industry,14.5,T30,취업자,Employed persons,2026-01-27,101,202406,M,DT_1DA9003S,산업별 계절조정 취업자,천명,Thousand Person
99,U 국제 및 외국기관,U Activities of extraterritorial organizations and bodies,산업별,By industry,13.6,T30,취업자,Employed persons,2026-01-27,101,202407,M,DT_1DA9003S,산업별 계절조정 취업자,천명,Thousand Person
99,U 국제 및 외국기관,U Activities of extraterritorial organizations and bodies,산업별,By industry,13.6,T30,취업자,Employed persons,2026-01-27,101,202408,M,DT_1DA9003S,산업별 계절조정 취업자,천명,Thousand Person
99,U 국제 및 외국기관,U Activities of extraterritorial organizations and bodies,산업별,By industry,13.4,T30,취업자,Employed persons,2026-01-27,101,202409,M,DT_1DA9003S,산업별 계절조정 취업자,천명,Thousand Person
99,U 국제 및 외국기관,U Activities of extraterritorial organizations and bodies,산업별,By industry,15,T30,취업자,Employed persons,2026-01-27,101,202410,M,DT_1DA9003S,산업별 계절조정 취업자,천명,Thousand Person
99,U 국제 및 외국기관,U Activities of extraterritorial organizations and bodies,산업별,By industry,13.3,T30,취업자,Employed persons,2026-01-27,101,202411,M,DT_1DA9003S,산업별 계절조정 취업자,천명,Thousand Person
99,U 국제 및 외국기관,U Activities of extraterritorial organizations and bodies,산업별,By industry,13,T30,취업자,Employed persons,2026-01-27,101,202412,M,DT_1DA9003S,산업별 계절조정 취업자,천명,Thousand Person
99,U 국제 및 외국기관,U Activities of extraterritorial organizations and bodies,산업별,By industry,12.9,T30,취업자,Employed persons,2026-01-27,101,202501,M,DT_1DA9003S,산업별 계절조정 취업자,천명,Thousand Person
99,U 국제 및 외국기관,U Activities of extraterritorial organizations and bodies,산업별,By industry,12.7,T30,취업자,Employed persons,2026-01-27,101,202502,M,DT_1DA9003S,산업별 계절조정 취업자,천명,Thousand Person
99,U 국제 및 외국기관,U Activities of extraterritorial organizations and bodies,산업별,By industry,11.9,T30,취업자,Employed persons,2026-01-27,101,202503,M,DT_1DA9003S,산업별 계절조정 취업자,천명,Thousand Person
99,U 국제 및 외국기관,U Activities of extraterritorial organizations and bodies,산업별,By industry,13.8,T30,취업자,Employed persons,2026-01-27,101,202504,M,DT_1DA9003S,산업별 계절조정 취업자,천명,Thousand Person
99,U 국제 및 외국기관,U Activities of extraterritorial organizations and bodies,산업별,By industry,14,T30,취업자,Employed persons,2026-01-27,101,202505,M,DT_1DA9003S,산업별 계절조정 취업자,천명,Thousand Person
99,U 국제 및 외국기관,U Activities of extraterritorial organizations and bodies,산업별,By industry,14,T30,취업자,Employed persons,2026-01-27,101,202506,M,DT_1DA9003S,산업별 계절조정 취업자,천명,Thousand Person
99,U 국제 및 외국기관,U Activities of extraterritorial organizations and bodies,산업별,By industry,12.3,T30,취업자,Employed persons,2026-01-27,101,202507,M,DT_1DA9003S,산업별 계절조정 취업자,천명,Thousand Person
99,U 국제 및 외국기관,U Activities of extraterritorial organizations and bodies,산업별,By industry,12.3,T30,취업자,Employed persons,2026-01-27,101,202508,M,DT_1DA9003S,산업별 계절조정 취업자,천명,Thousand Person
99,U 국제 및 외국기관,U Activities of extraterritorial organizations and bodies,산업별,By industry,10.8,T30,취업자,Employed persons,2026-01-27,101,202509,M,DT_1DA9003S,산업별 계절조정 취업자,천명,Thousand Person
99,U 국제 및 외국기관,U Activities of extraterritorial organizations and bodies,산업별,By industry,12.5,T30,취업자,Employed persons,2026-01-27,101,202510,M,DT_1DA9003S,산업별 계절조정 취업자,천명,Thousand Person
99,U 국제 및 외국기관,U Activities of extraterritorial organizations and bodies,산업별,By industry,12.4,T30,취업자,Employed persons,2026-01-27,101,202511,M,DT_1DA9003S,산업별 계절조정 취업자,천명,Thousand Person
99,U 국제 및 외국기관,U Activities of extraterritorial organizations and bodies,산업별,By industry,12.2,T30,취업자,Employed persons,2026-01-27,101,202512,M,DT_1DA9003S,산업별 계절조정 취업자,천명,Thousand Person
